原始文本,省,市,区
浙江杭州市江干区九堡镇三村村一区,浙江省,杭州市,上城区
浙江省温州市平阳县海西镇宋埠公园南路0000号,浙江省,温州市,平阳县
浙江省余姚市模具城金型路000号_样样红0A打印,浙江省,宁波市,余姚市
浙江省杭州市江干区白杨街道下沙开发区世茂江滨花园峻景湾00幢,浙江省,杭州市,江干区
秋菱路浙江兰溪金立达框业有限公司,浙江省,金华市,兰溪市
南湖区中环南路和花园路交叉口嘉兴市城乡规划建设管理委员会,浙江省,嘉兴市,南湖区
下关镇嘉士伯大道龙泉组团物管处,浙江省,丽水市,龙泉市
义乌长春路000号二楼教务科,浙江省,金华市,义乌市
浙江省金华义乌市下湾0区00栋,浙江省,金华市,义乌市
浙江省金华市永康市方岩镇文楼村万里公路000号,浙江省,金华市,永康市
浙江绍兴市绍兴县袍江工业园区世纪街跟汤工路交叉口苏泊尔0号厂房仓库,浙江省,绍兴市,绍兴县
上海市徐汇区宛平南路000弄0号楼佳安公寓,上海市,上海市,徐汇区
义乌市丹阳街000号,浙江省,金华市,义乌市
余姚市临山镇车站西路00号,浙江省,宁波市,余姚市
浙江省宁波市江东区园丁街00号,浙江省,宁波市,江东区
上海市浦东周浦周邓公路0000弄000号,上海市,上海市,浦东
开发大道000号附近武义太平洋国际货运代理有限公司,浙江省,金华市,武义县
安徽省宣城市广德县团山路0号,安徽省,宣城市,广德县
巨溪镇朝阳村委会办公楼三单元,北京市,北京市,朝阳区
桐乡市石门镇育才路0000号中心卫生院,浙江省,嘉兴市,桐乡市
浙江温州市鹿城区解放南路国正大厦嘉乐广场凤凰尚品,浙江省,温州市,鹿城区
浙江省宁波市宁海县宁海县长街镇五福村,浙江省,宁波市,宁海县宁海县
浙江省嘉兴市桐乡市文华小区,浙江省,嘉兴市,桐乡市
桐乡市濮院镇凯旋路0000弄0单元电联,浙江省,嘉兴市,桐乡市
德清县武康镇春溪华庭文欣阁,浙江省,湖州市,德清县
义乌市国际商贸城A区九楼,浙江省,金华市,义乌市
浙江省嘉兴市南湖区万达华府二期九栋,浙江省,嘉兴市,南湖区
龙湾滨海工业区AAA高端优品新增,浙江省,温州市,龙湾区
浙江省金华市东阳市兴平东路000巷00号楼六单元,浙江省,金华市,东阳市
金华市义乌市南下朱A区00栋,浙江省,金华市,义乌市
浙江省金华市浦江县晶都二区,浙江省,金华市,浦江县
浙江省温州市龙湾区建中街00号,浙江省,温州市,龙湾区
浙江省宁波鄞州区古林镇礼嘉桥村华丰盛远公寓电联,浙江省,宁波市,鄞州区
杭州市拱墅区丰谭路银泰城购物中心,浙江省,杭州市,拱墅区
浙江省温州市瓯海区东方南路00号服装发展大厦00A-,浙江省,温州市,瓯海区
罗凤镇塘口工业区罗山二路00号,河南省,信阳市,罗山县
杭州滨江浦沿路000号,浙江省,杭州市,滨江区
金华市义乌市稠州北路通福0区0栋,浙江省,金华市,义乌市
福建省厦门市湖里区五缘湾道文化展览苑A区,福建省,厦门市,湖里区
浙江省宁波市鄞州区古林镇前虞村天胜四不用农场,浙江省,宁波市,鄞州区
浙江台州仙居县省耕路0000号,浙江省,台州市,仙居县
天山路街道上海市长宁区天山路0000号0号楼,上海市,上海市,长宁区
慈溪市逍林镇周塘下路,浙江省,宁波市,慈溪市
浙江省温州市瓯海区靖宁街000号,浙江省,温州市,瓯海区
姜山镇胡家坟振兴路,辽宁省,丹东市,振兴区
浙江省临海市杜桥镇溪口村00-00号,浙江省,台州市,临海市
宁波北仑小港衙前纬三路00号,浙江省,宁波市,北仑区
浙江省宁波市慈溪市天元镇铜店弄后000号,浙江省,宁波市,慈溪市
台州市椒江景和名苑00栋0单元,浙江省,台州市,椒江区
中山东路000号东门银泰0A银泰西选办公室,辽宁省,大连市,中山区
雨花区香樟路万树丹堤0栋,湖南省,长沙市,雨花区
浙江省宁波市鄞州区下应街道中海国际社区0期,浙江省,宁波市,鄞州区
杭州市绍兴路000号杭州市下城区晨曦复印店,浙江省,杭州市,下城区
白石路0000号_杭州人力资源产业园北楼,广西壮族自治区,桂林市,资源县
浙江省温州市瓯海区梧田工业基地北村小区金迪路九号,浙江省,温州市,瓯海区
浙江省诸暨市艮塔路00号00楼,浙江省,绍兴市,诸暨市
金华义乌市廿山里金陵北路000号电联,浙江省,金华市,义乌市
浙江省绍兴市诸暨市草塔镇横畈塘000号舒工坊_蕉内仓库,浙江省,绍兴市,诸暨市
东城街道九龙湖西路,北京市,北京市,东城区
浙江省温岭市滨海镇新北村,浙江省,台州市,温岭市
浙江省金华市永康市前仓镇馆头新街00-00号,浙江省,金华市,永康市
慈溪市宗汉街道百两村蔡家00号,浙江省,宁波市,慈溪市
浙江省杭州市西湖区浙大紫金港校区,浙江省,杭州市,西湖区
桐庐其他阆苑路0000号鑫龙桂花苑,浙江省,杭州市,桐庐县
海宁市盐仓镇之江路000号,浙江省,嘉兴市,海宁市
上城区老浙大横路000号瑞丰格林酒店前台,浙江省,杭州市,上城区
广东省深圳宝安沙井海欣花园中安保安公司,广东省,深圳市,宝安区
广东省揭阳市普宁市小南山爱之苗幼儿园植入00米,广东省,揭阳市,普宁市
浙江省杭州市上城区近江家园六园00幢00单元,浙江省,杭州市,上城区
浙江省绍兴市越城区釜山西路0000号0单元电联,浙江省,绍兴市,越城区
义乌市廿三里磨具城二栋,浙江省,金华市,义乌市
西兴街道江陵路0000号吉利大厦,湖北省,荆州市,江陵县
浙江省嘉兴市海宁市尖山新区闻澜路00号,浙江省,嘉兴市,海宁市
浙江省杭州市滨江区江南大道000号,浙江省,杭州市,滨江区
浙江省湖州市市辖区湖州市织里镇河西新村000幢,浙江省,湖州市,市辖区
洞桥镇上凌工业区宁波市鄞州中旗工艺品有限公司,浙江省,宁波市,鄞州区
四川省成都市龙泉驿区龙都北路000号天悦国际,四川省,成都市,龙泉驿区
阳明街道旗山村点兵山,黑龙江省,牡丹江市,阳明区
浙江省温州市永嘉县五星工业区质检大楼对面旭日印花,浙江省,温州市,永嘉县
慈溪市孙塘北路0000号-00楼,浙江省,宁波市,慈溪市
浙江省-温州-永嘉县瓯北镇和一村,浙江省,温州市,永嘉县
绍兴越城区霞西路北海联合市场00幢,浙江省,绍兴市,越城区
浙江省湖州市吴兴区南园路派格宠物店,浙江省,湖州市,吴兴区
鹿城区雪山路瑞沁花园0栋电联,浙江省,温州市,鹿城区
浙江省温州市瓯海区娄桥上汇豪新路0号,浙江省,温州市,瓯海区
土贵乌拉镇东胜利谢某某收,内蒙古自治区,鄂尔多斯市,东胜区
广东省-深圳市-福田区华强北振华手机城,广东省,深圳市,福田区
浙江省平阳县水头镇东川中路000号,浙江省,温州市,平阳县
观海卫镇工业园东区师桥村浙东模具城,四川省,攀枝花市,东区
金华市义乌市净居西路0000号,浙江省,金华市,义乌市
浙江省宁波市海曙区宁波万豪中心和义路000号,浙江省,宁波市,海曙区
浙江省东阳市江北街道武警中队,浙江省,金华市,东阳市
台州台州市仙居酒坊巷000号,浙江省,台州市,仙居县
浙江省杭州市西湖区学院路00号黄龙国际中心A座,浙江省,杭州市,西湖区
吐鲁番市托克逊县友好路二商所楼下芳龄美容院,新疆维吾尔自治区,吐鲁番市,托克逊县
临海市江南街道江南春晓,浙江省,台州市,临海市
金华金东区多湖街道翠湖文苑电联,浙江省,金华市,金东区
城区街道云南省红河哈尼族彝族自治州个旧市城区街道云南省红河州个旧市七层楼金湖小学旁,云南省,红河哈尼族彝族自治州,个旧市
浙江省杭州市西湖区文三西路000号0幢,浙江省,杭州市,西湖区
浙江省绍兴市上虞市杭州湾工业园区经十一路0号贝斯美公司,浙江省,绍兴市,上虞市
南湖街道双溪路0000号赞成丽景苑000幢,浙江省,嘉兴市,南湖区
清风街道九华大道_新城明珠00幢,内蒙古自治区,呼和浩特市,新城区
宁波鄞州高桥秀峰工业区秀丰路000号,浙江省,宁波市,鄞州区
浙江省杭州江干区秋涛北路三华天运花园,浙江省,杭州市,江干区
解放北路000号新金穗大厦0楼胜达高科,河南省,焦作市,解放区
桐乡崇福开发区000国道旁,浙江省,嘉兴市,桐乡市
延安路000号城东供销超市总店电联,青海省,西宁市,城东区
广东潮州市饶平县广东省潮州市_饶平县A洲镇井新路0000女装,广东省,潮州市,饶平县
衢江经济开发区海力大道0号浙江圣林机械有限公司,浙江省,衢州市,衢江区
浙江省温州市鹿城区康兴路000号,浙江省,温州市,鹿城区
浙江杭州市江干区九堡镇老杭海路0号-,浙江省,杭州市,江干区
浙江省义乌市北苑街道春晗二区00栋0单元,浙江省,金华市,义乌市
瑞安市上望街道上望新街000号,浙江省,温州市,瑞安市
广州市白云区江高镇神山工业园振华北路00号自编0号楼第四层,广东省,广州市,白云区
东洲街道东洲工业功能区大华科技,辽宁省,抚顺市,东洲区
康山街道西塞山路江南车城公交站东江南车城,湖北省,黄石市,西塞山区
杭州市萧山区楼塔镇楼英村楼塔木器厂,浙江省,杭州市,萧山区
浙江省杭州市余杭区临东路0000号,浙江省,杭州市,余杭区
上城区钱江路望江家园东园00幢电联,浙江省,杭州市,上城区
福建省龙岩市新罗区西城街道九一南路000号市体育中心进强游泳池,福建省,龙岩市,新罗区
瓯北镇罗浮大街楠江西路000号,辽宁省,锦州市,北镇市
中国浙江省温州市龙湾区永强大道0000号,浙江省,温州市,龙湾区
金华浦江县汇泉路000号,浙江省,金华市,浦江县
浙江省嵊州市三江街道环城南路000号,浙江省,绍兴市,嵊州市
杭州市西湖区留下镇古灵慈桥,浙江省,杭州市,西湖区
虎门镇永新街一巷0号恒丰楼A栋六楼,江西省,吉安市,永新县
桐庐县旧县街道上联村邹家边00号,浙江省,杭州市,桐庐县
浙江省温州市瑞安市瑞安塘下罗凤北工业区,浙江省,温州市,瑞安市瑞安
嘉善大道0000号浙江智联电子有限公司,浙江省,嘉兴市,嘉善县
温州苍南县金乡镇北门绿岛小区A幢0单元0楼仓库电联,浙江省,温州市,苍南县
浙江省舟山市定海区东河中路00号,浙江省,舟山市,定海区
浙江绍兴市诸暨市安华镇浙江省绍兴市诸暨市安华镇丰江周村,浙江省,绍兴市,诸暨市
四川省成都市温江区黄金路0000号,四川省,成都市,温江区
福建省漳州市东山县铜陵镇铜亭街000号,福建省,漳州市,东山县
浙江省杭州市上城区河坊街000号_吴山品悦,浙江省,杭州市,上城区
嘉定工业区远香舫新苑000栋00楼,上海市,上海市,嘉定区
西乡共和工业路明月花都,陕西省,汉中市,西乡县
浙江省义乌市稠城街道下骆宅振兴东路00号三楼,浙江省,金华市,义乌市
浙江省台州市玉环县清港镇迎宾路五号电信手机店,浙江省,台州市,玉环县
栋梁北路000号南太湖电子商务城0栋00楼,安徽省,安庆市,太湖县
江苏省镇江市润州区江苏省镇江市润州区,江苏省,镇江市,润州区
上海市市辖区黄浦区老西门街道陆家浜路0000号A堂口奶茶店,上海市,上海市,市辖区黄浦区
江苏省南通市海门市江苏省南通市海门市圩角,江苏省,南通市,海门市
浙江省杭州市江干区下沙0号路交叉口鹏轩汽修00楼东面,浙江省,杭州市,江干区
浙江省杭州拱墅区祥符街道长青嘉苑0幢00单元,浙江省,杭州市,拱墅区
浙江省温州市苍南县纺织五街000号,浙江省,温州市,苍南县
浙江省宁波市江北区北海路000号正和电商园,浙江省,宁波市,江北区
永康市名园北大道000号电联,浙江省,金华市,永康市
萧山经济技术开发区建设0路0000号,浙江省,杭州市,萧山区
杭州萧山闻堰镇_王经理_,浙江省,杭州市,萧山区
浙江省杭州市余杭区仁和镇,浙江省,杭州市,余杭区
浙江台州市路桥区玉宏半岛花园0幢,浙江省,台州市,路桥区
浙江省绍兴市越城区灵芝镇颐高广场0号楼,浙江省,绍兴市,越城区
绍兴市柯桥国际物流中心秋歌,浙江省,绍兴市,柯桥区
浙江省嘉兴嘉兴市南湖区长新公寓0期电联,浙江省,嘉兴市,南湖区
天台县赤城街道赤城路000号,浙江省,台州市,天台县
义乌福田市场A区四楼,浙江省,金华市,义乌市
永嘉县瓯北镇浦西水果市场啊宝通讯,浙江省,温州市,永嘉县
泽国镇夹屿村双峰大道000号,湖南省,娄底市,双峰县
浙江省平湖城西路清波公寓南大门,浙江省,嘉兴市,平湖市
瓯北镇浦西工业区_利民医院后面立胜阀门,辽宁省,锦州市,北镇市
张陈线杭州市余杭区人民法院塘栖人民法庭,浙江省,杭州市,余杭区
宁波市慈溪市宗汉街道新界村老屋头0号,浙江省,宁波市,慈溪市
浙江省永康市古山镇后林村,浙江省,金华市,永康市
塘下镇花园工业区瑞安同帆锁业有限公司,浙江省,温州市,瑞安市
武川路000弄000号,内蒙古自治区,呼和浩特市,武川县
浙江省宁波市北仑区兴业一路0号创业大厦,浙江省,宁波市,北仑区
浙江省嘉兴市海宁市长田岸000号,浙江省,嘉兴市,海宁市
富春街道太平桥社区文苑路000号九单元,辽宁省,阜新市,太平区
浙江省嘉兴市嘉善县嘉善经济技术开发区之江路000号,浙江省,嘉兴市,嘉善县
浙江省永康市电动小区00幢0单元,浙江省,金华市,永康市
浙江省衢州市柯城区石梁镇寺桥村,浙江省,衢州市,柯城区
广东省四会市城中街道仓丰大道东侧旁兴盛宾馆楼下,广东省,肇庆市,四会市
嘉兴桐乡崇福镇星火村00号电联,浙江省,嘉兴市,桐乡市
凤岗街道新城西路一品莲城0栋0单元,内蒙古自治区,呼和浩特市,新城区
民和路0000号三宏国际大厦00层杭州市萧山钱江世纪城管理委员会,浙江省,杭州市,萧山区
浙江省杭州市拱墅区杭州南方机电,浙江省,杭州市,拱墅区
浙江省温州市瑞安市蔡宅东路,浙江省,温州市,瑞安市
河南省安阳市龙安区王潘流村委会门口,河南省,安阳市,龙安区
宁波江东家乐福乐语通讯,浙江省,宁波市,江东
浙江省杭州市西湖区转塘街道中国美术学院象山中心校区山南宿舍,浙江省,杭州市,西湖区
嘉兴海盐县武原镇朝阳西路000号电联,浙江省,嘉兴市,海盐县
浙江省永康市河东路,浙江省,金华市,永康市
浙江省拱墅区半山街道田园春晓苑商铺福利多,浙江省,杭州市,拱墅区
杭州市西湖区文山之路省建工大厦00楼_,浙江省,杭州市,西湖区
万全镇岗上村兴岗中路00号,河北省,张家口市,万全区
浙江省杭州市拱墅区莫干山路萍水街天阳尚景国际0栋0单元,浙江省,杭州市,拱墅区
宁波市鄞州区横街镇上阵村沙岗坂,浙江省,宁波市,鄞州区
太康路与汇通街交叉口顺兴产业园00楼南区,河南省,周口市,太康县
义乌市五里松小区000栋,浙江省,金华市,义乌市
浙江省宁波市鄞州区日丽中路000号总部一号000楼,浙江省,宁波市,鄞州区
嘉兴桐乡市濮院镇永安路,浙江省,嘉兴市,桐乡市
四川省凉山彝族自治州普格县城北小区,四川省,凉山彝族自治州,普格县
坂田长发中路南四巷九号幸福便利店,河北省,唐山市,路南区
温州市龙湾区状元镇富强路000号,浙江省,温州市,龙湾区
解放西路000号金华八达集团有限公司,河南省,焦作市,解放区
宁波市江东区甬江大道一号宁波书城A座00楼,浙江省,宁波市,江东区
柯桥联合市场00楼,浙江省,绍兴市,柯桥区
浙江省嘉兴市南湖区广益路0000号,浙江省,嘉兴市,南湖区
新街镇海棠路000号晶达大厦左边三楼,浙江省,宁波市,镇海区
长城工业区金山东路000号0号楼,上海市,上海市,金山区
徐州市铜山区铜山街道康乐园000号楼00单元,江苏省,徐州市,铜山区
浙江省温州市鹿城区鞋都二期一号地块,浙江省,温州市,鹿城区
上海上海市普陀区普陀山旁,上海市,上海市,普陀区
浙江省-台州市-天台县-人民医院住院部00楼,浙江省,台州市,天台县
杭州市江干区机场路,浙江省,杭州市,江干区
浦西工业区宏东机电设备厂,河南省,洛阳市,西工区
慈溪市古塘街道中泰都市花苑,浙江省,宁波市,慈溪市
西湖区教工路00号百脑汇0楼,浙江省,杭州市,西湖区
朝阳街道金地环球港三楼的AAAA,北京市,北京市,朝阳区
温岭市太平大合山金泰花园0幢,浙江省,台州市,温岭市
浙江省杭州市萧山区开元大酒店,浙江省,杭州市,萧山区
永嘉县岩头镇学田路0-0号光明眼镜店,浙江省,温州市,永嘉县
乐清中心工业园区纬五路000号浙江知祺电力自动化,浙江省,温州市,乐清市
浙江省湖州市吴兴区碧潮苑000幢0号汽车库,浙江省,湖州市,吴兴区
拱墅区和睦路000号华源创意工厂000幢玖铭广告,浙江省,杭州市,拱墅区
杭州滨江区江汉东路迎春小区,浙江省,杭州市,滨江区
浙江省金华市永康市长城工业区锡山路0000号旭光机电有限公司,浙江省,金华市,永康市
峨眉山市绥山镇大佛南路000号,四川省,乐山市,峨眉山市
柯桥北三区一楼,浙江省,绍兴市,柯桥区
武义县白姆乡中宅村中新路00号,浙江省,金华市,武义县
湖北省蕲春县檀林镇檀林街00号,湖北省,黄冈市,蕲春县
白云街道白云工业区五马塘珊瑚路00号,广东省,广州市,白云区
浙江省苍南县望里镇东前村000号,浙江省,温州市,苍南县
鹿城区宏源路00号圣比萨堡电联,浙江省,温州市,鹿城区
上海市闵行区中春路0000号上海闵行保时捷中心,上海市,上海市,闵行区
浙江省温州市瑞安市凤都二路,浙江省,温州市,瑞安市
嘉积镇塔洋联先交通城二保厂,湖北省,咸宁市,通城县
江北大道000号00幢-永辉超市,浙江省,宁波市,江北区
环城西路北段000弄0号,青海省,西宁市,城西区
浙江省宁波市鄞州区龙兴村,浙江省,宁波市,鄞州区
重庆重庆市巫山县巫山国宾酒店,重庆市,重庆市,巫山县
浙江省台州市黄岩区东城街道,浙江省,台州市,黄岩区
浙江省温州鹿城区大同巷大同商城北楼,浙江省,温州市,鹿城区
湖北省黄石市阳新县黄颡口镇孟铺村_孟铺中通快递代收点,湖北省,黄石市,阳新县
浙江省宁波慈溪市掌起镇周家段村南经一路0号电联,浙江省,宁波市,慈溪市
浙江省杭州市建德市寿昌镇建德市寿昌镇城北村梅家巷00号,浙江省,杭州市,建德市
北京市北京市朝阳区白家庄西里八十中学南门进视域导向,北京市,北京市,朝阳区
浙江省金华市永康市浅水湾桃园小区,浙江省,金华市,永康市
浙江省杭州市萧山区萧山区宁围镇宁新村000号,浙江省,杭州市,萧山区萧山区
浙江省温州市鹿城区双屿鞋,浙江省,温州市,鹿城区
湖州德清县永安街000号电联,浙江省,湖州市,德清县
柳市镇长丰村月渡路天天红大厦全智胜诊所,安徽省,合肥市,长丰县
江苏省苏州市吴中区临湖镇新市街000号御德公馆,江苏省,苏州市,吴中区
浙江绍兴市上虞区杭州湾上虞工业园区东二区汇精路00号,浙江省,绍兴市,上虞区
浙江省嘉兴市海盐县武原镇天鸿名都,浙江省,嘉兴市,海盐县
浙江杭州江干下沙文渊北路0000号00楼,浙江省,杭州市,江干
浙江省宁波市慈溪市周巷镇云城村新周塘公路000号,浙江省,宁波市,慈溪市
金华义乌市廿山里街道葛塘村000号,浙江省,金华市,义乌市
台州温岭购物中心开罗西路0号,浙江省,台州市,温岭市
仁和街道中河路000号00号仓库,四川省,攀枝花市,仁和区
浙江杭州江干区九堡九环路万科魅力之城00幢,浙江省,杭州市,江干区
浙江省杭州市上城区梦琴湾小区之江东路0000号梦琴湾幼儿园谢某某,浙江省,杭州市,上城区
如城街道江苏省南通市如皋市怡年西路光华科技创业园闽江食品,江苏省,南通市,如皋市
宁波鄞州区宁南北路0000号钟盈小区,浙江省,宁波市,鄞州区
路桥区东路桥大道00号锐思特酒店电联,浙江省,台州市,路桥区
杭州市滨江区迎春路湘云雅苑,浙江省,杭州市,滨江区
瑞安市安阳街道嘉欣华庭电联,浙江省,温州市,瑞安市
杭州市江干区下沙00号大街,浙江省,杭州市,江干区
杭州市滨江区长河街道长河路和瑞科技广场,浙江省,杭州市,滨江区
温州乐清市大荆镇水涨乡盛家塘村000号,浙江省,温州市,乐清市
江苏省苏州市常熟市常熟招商城刘家坝,江苏省,苏州市,常熟市
浙江省嘉兴市海宁市周王庙镇石井村万花街000号,浙江省,嘉兴市,海宁市
增城广东财经大学华商学院,广东省,广州市,增城区
浙江省温州市平阳县腾蛟镇凤巢乡凤溪路00号,浙江省,温州市,平阳县
浙江省杭州市江干区九堡阳光景台0栋底商,浙江省,杭州市,江干区
浙江省杭州市萧山区楼塔镇,浙江省,杭州市,萧山区
浙江省杭州市滨江区长江南路000号白马湖国际会展中心,浙江省,杭州市,滨江区
惠州市博罗县园洲镇禾山村李屋路口,广东省,惠州市,博罗县
浙江省台州市温岭市城西街道神童门菜场正对面,浙江省,台州市,温岭市
深圳广东省深圳市罗湖区红桂路都汇中心,广东省,深圳市,罗湖区
宁波市北仑区小港街道孔墅村胡家塔,浙江省,宁波市,北仑区
婺城区新狮街道后垅村河岭街00号0楼,浙江省,金华市,婺城区
中山东路0000号中山首府A座,辽宁省,大连市,中山区
温州温州市瓯海区郭溪镇梅屿村梅西路00弄000号,浙江省,温州市,瓯海区
浙江省温州市苍南县龙港镇龙翔路,浙江省,温州市,苍南县
中国浙江省温州市鹿城区鹿城路0000号,浙江省,温州市,鹿城区
义乌国际商贸城四区,浙江省,金华市,义乌市
浙江省慈溪市掌起镇工业区北一环路000号,浙江省,宁波市,慈溪市
浙江省杭州市滨江区,浙江省,杭州市,滨江区
宁波市镇海区清水浦_贝时特公司,浙江省,宁波市,镇海区
浙江省杭州市老余杭欣龙华府,浙江省,杭州市,余杭区
嘉兴嘉善县体育路畅小区,浙江省,嘉兴市,嘉善县
苍南县龙港镇龙翔路全民手机专卖店,浙江省,温州市,苍南县
诸暨市店口镇亭凉树下村,浙江省,绍兴市,诸暨市
上街镇福建师范大学旗山校区桃苑000号楼,河南省,郑州市,上街区
浙江义乌市荷叶塘工业区洪界路000号00楼,浙江省,金华市,义乌市
新疆维吾尔自治区伊犁哈萨克自治州伊宁市巴彦岱镇火龙洞新天煤化工,新疆维吾尔自治区,伊犁哈萨克自治州,伊宁市
安徽省寿县保义镇保义村连丰组,安徽省,淮南市,寿县
金华义乌市苏溪镇胡宅村蓝畈小区A区电联,浙江省,金华市,义乌市
浙江省宁波市奉化市溪口镇溪口工业区元康路八号,浙江省,宁波市,奉化市
宝林西路00幢0单元,内蒙古自治区,赤峰市,林西县
宁波市鄞州区东钱湖观邸,浙江省,宁波市,鄞州区
河南省淅川县汽运公司对面又一村,河南省,南阳市,淅川县
多伦诺尔镇兴华路新体育馆南小博士特色幼儿园张某某,内蒙古自治区,锡林郭勒盟,多伦县
浙江省杭州市拱墅区丰潭路000号,浙江省,杭州市,拱墅区
湖南省湘潭市岳塘区株易路口食品城A00栋,湖南省,湘潭市,岳塘区
城东镇南屏大桥南城大桥下文峰超市,青海省,西宁市,城东区
义乌市国际商贸城四区六楼,浙江省,金华市,义乌市
广西省百色市隆林县新州镇,广西壮族自治区,百色市,隆林县
浙江省杭州市滨江区滨安路0000号天巢科创园0幢九层A区,浙江省,杭州市,滨江区
杭州市江干区太平门直街0000号,浙江省,杭州市,江干区
义乌国际商贸城三期00号门0楼0街,浙江省,金华市,义乌市
福建厦门市思明区福建省厦门市_思明区中山路00号夏商百货商场七楼AA猫专柜,福建省,厦门市,思明区
龙湾区天景花园,浙江省,温州市,龙湾区
中国浙江省温州市瑞安市商业街-、000号,浙江省,温州市,瑞安市
浙江省宁波市江东区惊驾路银晨国际0号楼,浙江省,宁波市,江东区
浙江省杭州市杭州市萧山区建设四路新农都物流中心0区000栋,浙江省,杭州市,萧山区
龙华明治街道星河丹堤A区0栋0单元,广东省,深圳市,龙华区
桐柏路街道冉屯路与冉屯东路_龙腾西城小区000号楼0单元,河南省,南阳市,桐柏县
浙江省义乌市城西街道陆港物流园龙江路0000号申通快递,浙江省,金华市,义乌市
杭州市余杭区中泰乡岑岭工业区,浙江省,杭州市,余杭区
桐乡市_文华南路0000号,浙江省,嘉兴市,桐乡市
宁波市江北区洪塘街道通惠路,浙江省,宁波市,江北区
浙江省杭州市余杭区临平梧桐蓝山,浙江省,杭州市,余杭区
经济开发区长兴大道0000号,浙江省,湖州市,长兴县
浙江省衢州市开化县临湖路0000号澜庭国际会所三楼办公室,浙江省,衢州市,开化县
瑞安市塘下镇罗凤北工业区高横路大虎鞋业电联,浙江省,温州市,瑞安市
浙江省温州市平阳县新河北路000号,浙江省,温州市,平阳县
义乌福田大厦A座,浙江省,金华市,义乌市
东西大道与海湾大道交叉口海盐禾众汽车销售服务有限公司,浙江省,嘉兴市,海盐县
拱墅区上塘街道台州路000-0号附近七古登教委宿舍,浙江省,杭州市,拱墅区
广东省深圳市南山区太古城南区东宝,黑龙江省,鹤岗市,南山区
大石街道大石迎宾路东海花园000栋,江苏省,连云港市,东海县
绍兴市柯桥区钱清镇三溪村,浙江省,绍兴市,柯桥区
淳安县西安北路00号,浙江省,杭州市,淳安县
安吉县递铺镇安吉大道凤栖苑0幢,浙江省,湖州市,安吉县
浙江省杭州滨江区星汇荣邸,浙江省,杭州市,滨江区
温州龙湾区永兴街道乐一村村委会,浙江省,温州市,龙湾区
五常大道0号印象城0楼英孚教育,黑龙江省,哈尔滨市,五常市
嗯_宁波市镇海区古韵花苑九十二幢_,浙江省,宁波市,镇海区
广东省惠州市惠东县黄埠镇海滨大道北尾段泰丽花园嘉禾仓库,广东省,惠州市,惠东县
浙江杭州江干区明桂北苑,浙江省,杭州市,江干区
六合天寓,江苏省,南京市,六合区
金华义乌市城西街道上杨村0区,浙江省,金华市,义乌市
温州鹿城区锦绣路东日商厦,浙江省,温州市,鹿城区
温岭市泽国镇文昌南路000号,浙江省,台州市,温岭市
浙江省绍兴市诸暨市暨阳街道德源路00号,浙江省,绍兴市,诸暨市
浙江省温州市瓯海区郭溪曹埭金州集团000栋,浙江省,温州市,瓯海区
新塘街道五联太平洋钢构九号楼,辽宁省,阜新市,太平区
浙江省东阳市江北金店工业区0号门,浙江省,金华市,东阳市
富阳公园路耀都德悦大酒店电联,浙江省,杭州市,富阳区
浙江省杭州市上城区复兴路复兴东苑000幢四单元,浙江省,杭州市,上城区
浙江杭州上城区中河中路00-00号浙江体育文化数码用品市场,浙江省,杭州市,上城区
浙江杭州西湖区西湖文一路000号白荡海人家,浙江省,杭州市,西湖区西湖
浙江省杭州市余杭区新港村0组后000号,浙江省,杭州市,余杭区
浙江省温州市瑞安市上望街道薛前工业区工业路00号,浙江省,温州市,瑞安市
龙港镇仪邦工业园0幢00楼,辽宁省,葫芦岛市,龙港区
福田市场一期A区00楼,广东省,深圳市,福田区
义乌市东洲路000号地下室,浙江省,金华市,义乌市
浙江嘉善县魏塘街道外环东路0000号,浙江省,嘉兴市,嘉善县
浙江省嘉兴南湖区南湖区景宜路怡和园,浙江省,嘉兴市,南湖区南湖区
温州龙湾区灵江路000号亚航国际货运代理有限公司,浙江省,温州市,龙湾区
萧山区义蓬镇义前街望福楼酒店,浙江省,杭州市,萧山区
山东省临沂市临沭县中国浙江省杭州市余杭区龙潭路,山东省,临沂市,临沭县
江城路000-000号凤山花苑-00幢,广东省,阳江市,江城区
金华金华市义乌市苏溪镇人民路00号,浙江省,金华市,义乌市
浙江省温州市鹿城区陡门头000号,浙江省,温州市,鹿城区
浙江乐清象阳工业区陕西高开乐清分公司,浙江省,温州市,乐清市
浙江省东阳市白云街道昆山路000号,浙江省,金华市,东阳市
浙江省台州市临海市括苍镇长潭村,浙江省,台州市,临海市
余姚市兰江街道振兴西路0000号,浙江省,宁波市,余姚市
浙江省台州市椒江区海悦公寓00幢0单元,浙江省,台州市,椒江区
浙江省宁波市鄞州区沧海路0000号上东国际0号楼,浙江省,宁波市,鄞州区
金华义乌市江东街道东三头村000栋,浙江省,金华市,义乌市
浙江省杭州市萧山区建设二路0000号锐鹰电商园,浙江省,杭州市,萧山区
浙江省宁波市象山县丹东街道锦绣家园00幢0单元,浙江省,宁波市,象山县
浙江省杭州市江干区九堡四季青服装大市场0楼,浙江省,杭州市,江干区
义乌市廿三里今天北路000号,浙江省,金华市,义乌市
广东省广州市海珠区上冲村,广东省,广州市,海珠区
浙江省杭州市萧山区浙江省杭州市,浙江省,杭州市,萧山区
浙江省东阳市江北街道西范小区,浙江省,金华市,东阳市
嘉兴市南湖区国际电器城中创公寓00栋,浙江省,嘉兴市,南湖区
云南省大理市下关镇正阳时代广场小段麻辣烫,云南省,大理白族自治州,大理市
浙江省宁波市北仑区明州路000号宁波港大厦,浙江省,宁波市,北仑区
山东省临沂市费县久年海参旗舰店,山东省,临沂市,费县
拱墅区丰潭路0000号芳满亭00号楼,浙江省,杭州市,拱墅区
广西岑溪市玉梧大道御景豪庭00栋0单元,广西壮族自治区,梧州市,岑溪市
浙江省杭州市余杭区余杭经济开发区兴起路0号,浙江省,杭州市,余杭区
浙江省-金华市-武义县西谭苑玖玖会,浙江省,金华市,武义县
浙江省嘉兴市桐乡市濮院镇建园路000号0楼,浙江省,嘉兴市,桐乡市
浙江省德清县国遥大厦0幢00楼,浙江省,湖州市,德清县
温州苍南龙港镇柳南一街-0单元,浙江省,温州市,苍南县
鄞州区研发园A0幢,浙江省,宁波市,鄞州区
浙江省温州市永嘉县清花西路,浙江省,温州市,永嘉县
萧山国际机场药品物流基地0号库,浙江省,杭州市,萧山区
石婆桥凤亭村北工业园区上海圆通速递余姚肖东分部,浙江省,宁波市,余姚市
鄞州区东钱湖旅游度假区钱湖工业区上扬路,浙江省,宁波市,鄞州区
上海上海市崇明区崇明城桥镇人民路000号,上海市,上海市,崇明区
浙江省温州市平阳县萧江镇上市路00号,浙江省,温州市,平阳县
浙江省台州市温岭市温西工具市场,浙江省,台州市,温岭市
浙江省西湖区余杭塘路0000号杭州五洲国际广场-0楼,浙江省,杭州市,西湖区
浙江省丽水市青田县油竹小口侨中小区0栋,浙江省,丽水市,青田县
宁波市江东区中兴路000号香榭公寓,浙江省,宁波市,江东区
龙湖镇大浦开发区拉链厂00楼,广东省,汕头市,龙湖区
东阳市江丽街道芸海北路新许村,浙江省,金华市,东阳市
山东省淄博市张店区沣水镇城东路00号,山东省,淄博市,张店区
拱墅区文一路00号云河大厦A座杭州特产店,浙江省,杭州市,拱墅区
四川省达州市宣汉县中国浙江省嘉兴市秀洲区龙源路,四川省,达州市,宣汉县
浙江省金华市义乌市浙江省义乌市春晗三区000幢00单元,浙江省,金华市,义乌市
浙江省宁波市鄞州区邱隘镇殷隘社区卫生服务站西万兴公寓门卫室丰巢快递柜丰巢,浙江省,宁波市,鄞州区
萧山原野汽配城000栋,浙江省,杭州市,萧山区
绍兴柯桥鉴湖路0000号浪琴湾00幢,浙江省,绍兴市,柯桥区
浙江省义乌市秦塘小区000幢,浙江省,金华市,义乌市
宁波海曙区东渡路华联写字楼,浙江省,宁波市,海曙区
浙江省金华兰溪县三市街000号,浙江省,金华市,兰溪县
温州市鹿城区望江西路金汇广场00栋,浙江省,温州市,鹿城区
金华浦江县大桥路浦江大厦印象丰安餐厅电联,浙江省,金华市,浦江县
瓯海区温州大学生活区A区,浙江省,温州市,瓯海区
浙江省温州市鹿城区双屿巨一集团,浙江省,温州市,鹿城区
浙江温岭泽国珠山A区,浙江省,台州市,温岭市
浙江-杭州-江干区浙江汽配城,浙江省,杭州市,江干区
浙江省温岭市三星小区000幢,浙江省,台州市,温岭市
宁波市海曙区孝闻街000号,浙江省,宁波市,海曙区
浙江省温州市瓯海区金蟾大道0000号,浙江省,温州市,瓯海区
嘉兴市南湖区余新镇创业路00号,浙江省,嘉兴市,南湖区
里仁洞朝阳新区三街0号,北京市,北京市,朝阳区
湖北省武汉市武昌区杨园街街道和平大道四美塘路口潜江虾皇旁武车平价小商店,湖北省,武汉市,武昌区
浙江杭州市上城区十五奎巷茶啾弄0号门,浙江省,杭州市,上城区
东新街道颜0路白石路灯塔豪园00幢0单元,辽宁省,辽阳市,灯塔市
湖北省宜昌市当阳市湖北省宜昌市当阳市河溶镇镇初级中学,湖北省,宜昌市,当阳市
浙江省金华市浙江省金华市永康市前仓镇金乡街00号,浙江省,金华市,永康市
浙江省温州市苍南县体育场路,浙江省,温州市,苍南县
浙江温州市瓯海区城区中州路000号,浙江省,温州市,瓯海区城区
吉林省舒兰市溪河镇双通村五社,吉林省,吉林市,舒兰市
浙江省仙居县白塔镇下塘下村下塘街北路00号,浙江省,台州市,仙居县
浙江省台州市温岭市滨海镇新农村000号浙味食品,浙江省,台州市,温岭市
宁波市慈溪市观海卫镇三北中路,浙江省,宁波市,慈溪市
金华市永康市芝英街道正街,浙江省,金华市,永康市
临平街道北沙西路金都夏宫荷苑00号楼,浙江省,杭州市,临平区
沈荡镇工业园示范海盐产业园,浙江省,嘉兴市,海盐县
浙江省-宁波市-象山县鹤浦镇兴盛街,浙江省,宁波市,象山县
吉林省长春市榆树市住华郡名城000栋,吉林省,长春市,榆树市
北京淀海区昆明湖南路甲八号,北京市,北京市,淀海区
浙江省湖州市吴兴区春江名城,浙江省,湖州市,吴兴区
浙江省杭州市余杭区良渚街道勾庄郁宅,浙江省,杭州市,余杭区
紫荆花路00号紫金庭园梅林苑00幢0单元,广东省,河源市,紫金县
高桥镇海泰佳园0幢,浙江省,宁波市,镇海区
龙港镇兴安街000号三单元,辽宁省,葫芦岛市,龙港区
浙江省温州市苍南县通港路0000号,浙江省,温州市,苍南县
柯桥瓜子湖风情小区00栋,浙江省,绍兴市,柯桥区
公明楼村第二工业区同富裕工业园,黑龙江省,齐齐哈尔市,富裕县
上海上海市浦东新区浙江省昌化镇东塔街000号,上海市,上海市,浦东新区
重庆重庆市梁平县安胜乡龙印村,重庆市,重庆市,梁平县
浙江省嘉兴市秀洲区油车港镇丽苑小区南区0栋,浙江省,嘉兴市,秀洲区
宁波市鄞州区中河街道林家工业区,浙江省,宁波市,鄞州区
浙江省温州市泰顺县竹里乡文礼书院国际部,浙江省,温州市,泰顺县
浙江省台州市路桥区金清镇林家工业区,浙江省,台州市,路桥区
浙江省温州市瑞安市下沙塘夏城路000号,浙江省,温州市,瑞安市
浙江省杭州市余杭区水产批发市场,浙江省,杭州市,余杭区
宁波慈溪市逍林镇樟新北路西侧加油站中化道达尔电联,浙江省,宁波市,慈溪市
义乌市铁东南路000号久汇印刷,浙江省,金华市,义乌市
浙江省嘉兴市海宁市浙江省海宁市百合新城林香苑0栋,浙江省,嘉兴市,海宁市
湖北省荆州市松滋市湖北省荆州市松滋市新江口镇乐乡大道松滋康辉旅游,湖北省,荆州市,松滋市
黄岩区管驿小区0号楼,浙江省,台州市,黄岩区
贵州省毕节市织金县浙江省斜桥镇000县道,贵州省,毕节市,织金县
浙江省台州市仙居县浙江省仙居县下各镇,浙江省,台州市,仙居县
鄞州区钱湖北路巴黎新天地,浙江省,宁波市,鄞州区
浙江省-宁波市-慈溪市周巷镇天元余庵公路000号,浙江省,宁波市,慈溪市
浙江省德清县干山工业区,浙江省,湖州市,德清县
湖北省公安县斑竹镇鸡公堤村八组,湖北省,荆州市,公安县
浙江省温州市龙湾区永强路0000号,浙江省,温州市,龙湾区
浙江省温州市龙湾区上江紧固件市场,浙江省,温州市,龙湾区
凌云三区000栋0单元,广西壮族自治区,百色市,凌云县
上海上海市黄浦区江西中路000号,上海市,上海市,黄浦区
浙江省杭州市萧山区北干街道金城路000号太古广场,浙江省,杭州市,萧山区
桐乡市石门镇羔羊工业区满芳鞋样,浙江省,嘉兴市,桐乡市
浙江省温州市瓯海区仙岩街道,浙江省,温州市,瓯海区
浙江省温州市瑞安市塘下镇中心路000-000号,浙江省,温州市,瑞安市
杭州市萧山区加贸区加贸运动器材有限公司,浙江省,杭州市,萧山区
湖北省黄石市下陆区团城山街道黄石市团城山街道柯尔山社区至尊门第第00栋0单元,湖北省,黄石市,下陆区
河南省濮阳市濮阳县城关镇建业城000号楼0单元,河南省,濮阳市,濮阳县
杭州市富阳东洲工业区学校沙000号,浙江省,杭州市,富阳区
浙江省台州市椒江区市府大道0000号方远大厦,浙江省,台州市,椒江区
浙江省杭州市拱墅区储鑫路00-0号0号楼0楼,浙江省,杭州市,拱墅区
温州市鹿城区仰义街道渔渡北路七弄二号,浙江省,温州市,鹿城区
海盐县武原街道枣园新村,浙江省,嘉兴市,海盐县
浙江省温州市浙江温州市省瓯海区高教园区温州商学院科研处,浙江省,温州市,瓯海区
杭州市西湖区文二路0000号A座北区三层A座,浙江省,杭州市,西湖区
浙江省温州市瑞安市塘梅路000号,浙江省,温州市,瑞安市
浙江省-温州市-永嘉县江北街道新桥村,浙江省,温州市,永嘉县
浙江省杭州西湖区西湖科技园西园三路00号0栋0楼,浙江省,杭州市,西湖区
宁波鄞州区南部商务区爱伊美大厦,浙江省,宁波市,鄞州区
义乌市赵宅四区00栋,浙江省,金华市,义乌市
余姚市玉立路000号_阳光国际大厦A座,浙江省,宁波市,余姚市
河北省承德市双桥区大石庙镇庄头营村卧龙山庄,河北省,承德市,双桥区
拱宸桥街道上塘路永宁巷蚕花园永和坊00幢,宁夏回族自治区,银川市,永宁县
东阳市江北街道人民北路000号,浙江省,金华市,东阳市
浙江省温州市永嘉县瓯北镇张堡东路派沃自控0楼,浙江省,温州市,永嘉县
浙江省江山市新塘边镇日月村,浙江省,衢州市,江山市
浙江省宁波北仑区小港红联方前兴岙村,浙江省,宁波市,北仑区
余杭塘路0000号浙大紫金港校区农生环,浙江省,杭州市,余杭区
上海市-市辖区-虹口区花园路000弄00号楼,上海市,上海市,市辖区
温岭市石粘镇山中大街玛士购物广场电联,浙江省,台州市,温岭市
宁波市鄞州区万兴路0000号,浙江省,宁波市,鄞州区
安徽省全椒县吴敬梓路0000号全椒县工行,安徽省,滁州市,全椒县
金华市义乌市数码城,浙江省,金华市,义乌市
浙江省杭州市滨江区中南建材市场,浙江省,杭州市,滨江区
浙江省杭州市余杭区浙江省杭州市余杭区五常街道丰岭路西溪景苑清晖园000栋00单元,浙江省,杭州市,余杭区
江南路0000号质检公共技术服务园区A座衡器管理所,广西壮族自治区,南宁市,江南区
浙江省三门县六敖镇马庄村,浙江省,台州市,三门县
浙江省嘉兴市南湖区大桥镇横岗路000号,浙江省,嘉兴市,南湖区
浙江省杭州市滨江区长河路000号拓森科技园0号楼0楼A座,浙江省,杭州市,滨江区
顺达花苑西区00幢0单元,四川省,攀枝花市,西区
浙江省宁波市慈溪市浙江省浒山街道三北大街000号,浙江省,宁波市,慈溪市
浙江省温州市瓯海区金蟾大道000号,浙江省,温州市,瓯海区
杭州市富阳市孙权路0000号,浙江省,杭州市,富阳市
大板桥街道云南省昆明市官渡区大板桥街道昆明大板桥镇长水航城水怀苑一栋,云南省,昆明市,官渡区
杭州余杭临平天荷路北横塘000号,浙江省,杭州市,余杭区
余姚市小曹娥镇政通路000号,浙江省,宁波市,余姚市
朝阳区香问园道柳芳水柳芳水里00号楼,北京市,北京市,朝阳区
浙江省杭州市江干区双菱新村000幢0单元,浙江省,杭州市,江干区
浦江黄宅镇百汇创业园,浙江省,金华市,浦江县
浙江省台州市路桥区吉利汽车城,浙江省,台州市,路桥区
湖里大道00号万山楼三楼,福建省,厦门市,湖里区
慈溪市龙山镇龙镇大道000号,浙江省,宁波市,慈溪市
敖汉旗新惠镇新中街邮政局对过六楼印美装饰,内蒙古自治区,赤峰市,敖汉旗
浙江省宁波市慈溪市逍林镇环东路000号弄内,浙江省,宁波市,慈溪市
义乌市秋实路000号八楼,浙江省,金华市,义乌市
绍兴市柯桥时代广场A座,浙江省,绍兴市,柯桥区
云龙工业区云龙镇云振路,江苏省,徐州市,云龙区
浙江嘉兴海宁市长安镇农发区之江路00号,浙江省,嘉兴市,海宁市
宁波江东区民安路0000号,浙江省,宁波市,江东区
上海市闵行区伊犁南路000弄0号,上海市,上海市,闵行区
浙江省嘉兴市海宁市隆兴路000号,浙江省,嘉兴市,海宁市
金华义乌市江东街道前成小区000栋0单元,浙江省,金华市,义乌市
柯桥金昌商务大厦,浙江省,绍兴市,柯桥区
浙江省杭州市拱墅区杭行路000号万达广场A座,浙江省,杭州市,拱墅区
浙江省台州市黄岩区半洋张,浙江省,台州市,黄岩区
运河镇亭趾街道津亭路00号,河北省,沧州市,运河区
宁波市鄞州区和济街宁波国际金融服务中心000楼财务室,浙江省,宁波市,鄞州区
中国浙江省温州市瓯海区东方南路,浙江省,温州市,瓯海区
广场东路000号港瑞金墅湾,江西省,赣州市,瑞金市
萧山区商业城床上用品市场0区0楼,浙江省,杭州市,萧山区
浙江省杭州市拱墅区登云路0000号西城时代0栋0楼,浙江省,杭州市,拱墅区
浙江省嘉兴市海宁市南塘镇,浙江省,嘉兴市,海宁市
浙江省杭州市下城区石桥路0000号杭州一运台州专线,浙江省,杭州市,下城区
浙江省杭州市江干区九堡镇蓝桥名苑,浙江省,杭州市,江干区
辽宁省营口市盖州市浙江省东新街道水印康庭,辽宁省,营口市,盖州市
浙江省嘉兴市嘉善县魏塘镇格林春天三幢0梯,浙江省,嘉兴市,嘉善县
宁波海曙段塘西路_0000弄,浙江省,宁波市,海曙区
浙江省杭州市江干区普德路阳光城普升00幢,浙江省,杭州市,江干区
浙江温州市鹿城区鹿城路0000号鹿城区交通运输局,浙江省,温州市,鹿城区
城东小区甘霖路000号000000,青海省,西宁市,城东区
浙江省宁波市鄞州区四明西路,浙江省,宁波市,鄞州区
湖南省益阳市赫山区火车站万利市场鸿基天剑厂房西头0楼,湖南省,益阳市,赫山区
台州市椒江区下陈镇中心街000号,浙江省,台州市,椒江区
湖北省武汉市武昌区水果湖街街道水果湖街办事处黄鹂路东亭小区00栋旁,湖北省,武汉市,武昌区
越城区解放南路望花东区,浙江省,绍兴市,越城区
金华东阳市南马镇柳塘村创威电炉有限公司,浙江省,金华市,东阳市
宁波宁海岔路镇工业园区,浙江省,宁波市,宁海县
义乌国际商贸城四区八楼,浙江省,金华市,义乌市
浙江宁波宁海县一市镇里朱村0组000号,浙江省,宁波市,宁海县
杭州市余杭区闲林镇工业区裕丰路0号,浙江省,杭州市,余杭区
浙江省舟山市普陀区_东港街道浦西工业区新盛路000号惠业天成水,上海市,上海市,普陀区
浙江上虞区白米堰公交车站旁,浙江省,绍兴市,上虞区
金华义乌市廿三里开元北街000号电联,浙江省,金华市,义乌市
旧馆镇同心路000号林平手机专卖店,宁夏回族自治区,吴忠市,同心县
浙江省金华市婺城区浙江省金华市婺城区新华街0000号0单元,浙江省,金华市,婺城区
金华市义乌市浙江省金华市义乌市国际商贸城A区,浙江省,金华市,义乌市
城西街道佳园西苑二幢,青海省,西宁市,城西区
浙江省杭州市下城区香积寺东路000号,浙江省,杭州市,下城区
金华义乌市永胜小区000栋00单元,浙江省,金华市,义乌市
浙江省杭州市江干区杭海路0000-0号,浙江省,杭州市,江干区
南湖区嘉杭路000号嘉兴学院梁林校区女士公寓0电联,浙江省,嘉兴市,南湖区
甘肃省金昌市金川区长春路00号,甘肃省,金昌市,金川区
普陀区沈家门新街0000号海滨电影院四楼,上海市,上海市,普陀区
浙江省温州市龙湾区浙江省温州市龙湾区蒲州街道富春江路名人花园00栋,浙江省,温州市,龙湾区
浙江省宁波市鄞州区潘火街道南鹏公寓00幢,浙江省,宁波市,鄞州区
义乌国际商贸城三区000号门五楼,浙江省,金华市,义乌市
浙江省绍兴市柯桥区绍兴麦来那生物科技有限公司,浙江省,绍兴市,柯桥区
温州苍南县金乡镇环城西路00号电联,浙江省,温州市,苍南县
浙江省杭州市水湘苑000幢0单元江干区,浙江省,杭州市,江干区
四川省开江县靖安乡伏龙寺村0组000号,四川省,达州市,开江县
浙江省杭州市西湖区金街美地0号楼金街美地00号楼,浙江省,杭州市,西湖区
浙江省温岭市城南镇白溪村_台州佐欣机电有限公司,浙江省,台州市,温岭市
浙江省宁波市奉化市浙江省宁波市奉化市,浙江省,宁波市,奉化市
东城街道总部中心高山头小区000幢老刘饭店,北京市,北京市,东城区
浙江省温州市瑞安市莘塍街道周家桥金属市场,浙江省,温州市,瑞安市
浙江省杭州市西湖区天目山路古墩路口尚坤大厦,浙江省,杭州市,西湖区
浙江省杭州市拱墅区星桥街000号,浙江省,杭州市,拱墅区
杭州市萧山区闻堰镇郁金香岸,浙江省,杭州市,萧山区
浙江省绍兴市诸暨市陶朱街道展诚大道00号,浙江省,绍兴市,诸暨市
湖南省长沙市雨花区万家丽南路,湖南省,长沙市,雨花区
安徽省安庆市太湖县小池镇天龙村,安徽省,安庆市,太湖县
余杭塘路000号矩阵国际中心00号楼,浙江省,杭州市,余杭区
瓯北镇五星工业区超达阀门厂,辽宁省,锦州市,北镇市
海宁皮革城0期0楼云龙北路0号,浙江省,嘉兴市,海宁市
安徽省黄山市徽州区文峰学校小学部张某,安徽省,黄山市,徽州区
宁波江东区章树街000弄000号,浙江省,宁波市,江东区
浙江省拱墅区拱康路康桥街道大家运河之星000栋0单元,浙江省,杭州市,拱墅区
福田街道下骆宅村西园一街00号,广东省,深圳市,福田区
浙江省绍兴市新昌县南明街道鼓山东路0000号,浙江省,绍兴市,新昌县
浙江省杭州市余杭区星桥北路000号0栋00楼,浙江省,杭州市,余杭区
浙江嘉兴嘉善县西塘镇大舜大利路,浙江省,嘉兴市,嘉善县
浙江杭州上城区西湖银泰,浙江省,杭州市,上城区
余姚市小曹娥镇力盟盛世车业,浙江省,宁波市,余姚市
上城区富春路0000号南光坊电联,浙江省,杭州市,上城区
杭州市萧山区金城路0000号,浙江省,杭州市,萧山区
杭州市江干区艮山西路00号,浙江省,杭州市,江干区
永嘉县瓯北镇林洋工业区方众阀门有限公司,浙江省,温州市,永嘉县
湖南省娄底市冷水江市红日路人民财产保险公司,湖南省,娄底市,冷水江市
杭州市滨江区江虹路0000号,浙江省,杭州市,滨江区
金塘镇欣港路00号蒂欧尼舟山直销商城,河南省,信阳市,商城县
绍兴市越城区稽山街道卧龙路,浙江省,绍兴市,越城区
浙江省舟山市普陀区六横镇大支农业村000号,上海市,上海市,普陀区
浙江省金华市义乌市后宅街道上河新区00栋00单元0楼仓库,浙江省,金华市,义乌市
朝阳区安慧北里阳光新干线,北京市,北京市,朝阳区
苍南县金乡镇金灵路000号,浙江省,温州市,苍南县
浙江省嘉兴市南湖区怡景苑一幢,浙江省,嘉兴市,南湖区
杭州市萧山区闻堰镇万达中路000号,浙江省,杭州市,萧山区
浙江省杭州市西湖区转塘家园,浙江省,杭州市,西湖区
银州区宁横路东莺新村,辽宁省,铁岭市,银州区
瓯北镇_五星工业区上玉路_羽泉泵阀,辽宁省,锦州市,北镇市
贵州省纳雍县百兴镇刘家寨村中寨组,贵州省,毕节市,纳雍县
浙江省嘉兴市秀洲区曙光路0000号,浙江省,嘉兴市,秀洲区
台州椒江区东环大道000号爱露汽车服务有限公司,浙江省,台州市,椒江区
杭州萧山区义蓬镇义蓬购物中心门口,浙江省,杭州市,萧山区
湖北省武汉市洪山区中南民族大学南区000栋,湖北省,武汉市,洪山区
浙江省温州市鹿城区鹿城路000号-,浙江省,温州市,鹿城区
浙江省杭州市江干区金沙阳光二幢,浙江省,杭州市,江干区
温州市鹿城区永安路久盛公寓0栋,浙江省,温州市,鹿城区
浙江省金华市永康市金都华城一街000号,浙江省,金华市,永康市
浙江-杭州-上城区比胜庙巷000幢0单元,浙江省,杭州市,上城区
文山路二百四十八号东信大厦两号楼六楼,云南省,文山壮族苗族自治州,文山市
鄞州区潘火街道东莺新村,浙江省,宁波市,鄞州区
台州温岭市城西街道下坳村电联,浙江省,台州市,温岭市
东洲街道高尔夫路000号,辽宁省,抚顺市,东洲区
江北区洪塘街道洪达路姚江新都,浙江省,宁波市,江北区
浙江省瑞安市塘下镇肇平中村肇中北路A000号出租房,浙江省,温州市,瑞安市
海宁市海州街道杨园埭小区,浙江省,嘉兴市,海宁市
浙江宁波余姚市梁弄镇石家,浙江省,宁波市,余姚市
浙江省温州市龙湾区滨海园区滨海四道000号,浙江省,温州市,龙湾区
海宁市长安镇农发区_长三角汽车城,浙江省,嘉兴市,海宁市
上升电力科技公司磐石分公司,吉林省,吉林市,磐石市
浙江省上城区西湖大道00号通润银座五楼,浙江省,杭州市,上城区
浙江省湖州市安吉县递铺镇鞍山村委,浙江省,湖州市,安吉县
绍兴市绍兴县柯桥街道华宇路金恒丽景公寓,浙江省,绍兴市,绍兴县
龙港镇城东工业松阳路与规划三路路口,辽宁省,葫芦岛市,龙港区
温岭市城北街道山门村,浙江省,台州市,温岭市
义乌市大陈镇龙江工业区,浙江省,金华市,义乌市
金华婺城区八一北街与解放路交界口欢颜婚纱摄影电联,浙江省,金华市,婺城区
浙江省绍兴市上虞区上虞市沥海镇环城西路海湾公寓中门,浙江省,绍兴市,上虞区上虞市
义乌市龚大堂0期000栋,浙江省,金华市,义乌市
嘉兴市南湖区创业路南京长板塘北,浙江省,嘉兴市,南湖区
义乌市通江新村00栋0楼,浙江省,金华市,义乌市
浙江省绍兴市越城区新河弄000号,浙江省,绍兴市,越城区
安徽省安庆市大观区十里铺乡五里工业园尚城花园北苑00号楼九单元,安徽省,安庆市,大观区
世安建设大丰文化会展中心,江苏省,盐城市,大丰区
瑞安市新商城大厦,浙江省,温州市,瑞安市
坎山镇国庆工业园区长乐一路000号,福建省,福州市,长乐区
金华义乌市国际商贸城0区00楼000街,浙江省,金华市,义乌市
金华义乌市后宅街道广口村,浙江省,金华市,义乌市
四川省巴中市巴州区龙泉街000号,四川省,巴中市,巴州区
浙江省常山县金川街道金川弄村00号,浙江省,衢州市,常山县
浙江省临海市台运汽车城,浙江省,台州市,临海市
紫阳街道抽分厂路0000号,陕西省,安康市,紫阳县
金华义乌市江东三苑车库,浙江省,金华市,义乌市
拱墅区祥符街道阳光郡,浙江省,杭州市,拱墅区
龙港镇刘西村0000号隔壁,辽宁省,葫芦岛市,龙港区
铁东荒山小区,辽宁省,鞍山市,铁东区
上海上海市杨浦区控江路0000号,上海市,上海市,杨浦区
留下镇留和路0000号浙江科技学院西和公寓浙江科技学院西和公寓,甘肃省,陇南市,西和县
宁波鄞州区姜山镇明光北路0000号东二门奥克斯电气有限公司,浙江省,宁波市,鄞州区
磐安县尖山镇工业园区月牙路000号磐安映山红,浙江省,金华市,磐安县
浙江省杭州市滨江区滨安路0000号,浙江省,杭州市,滨江区
五常街道五常大道000号浙江达峰科技,黑龙江省,哈尔滨市,五常市
浙江省金华市婺城区文化创意园,浙江省,金华市,婺城区
杭州拱墅区方家花苑000栋,浙江省,杭州市,拱墅区
浙江省杭州市余杭区崇贤镇鲶鱼浜00号,浙江省,杭州市,余杭区
浙江省宁波市鄞州区宁舟新村00幢,浙江省,宁波市,鄞州区
重庆市石柱县龙沙镇老林村长伍组000号,重庆市,重庆市,石柱县
杭州市萧山区新湾镇共建村,浙江省,杭州市,萧山区
象山县蓬莱路0000号0号楼,浙江省,宁波市,象山县
温州鹿城区下吕浦0区尊荣,浙江省,温州市,鹿城区
宁波镇海区骆驼街道静远西路0000号,浙江省,宁波市,镇海区
台州天台县平桥镇始丰中路0巷路口,浙江省,台州市,天台县
嘉兴市秀洲区洪高路秀园0区,浙江省,嘉兴市,秀洲区
贵州省仁怀市龙井乡福泉村街上,贵州省,遵义市,仁怀市
上城区望江东路000号望江国际中心0栋0楼,浙江省,杭州市,上城区
浙江省-杭州市-拱墅区新文路00号天堂A谷0号楼0楼西,浙江省,杭州市,拱墅区
浙江省台州市温岭市牧屿镇育英路育英工业区,浙江省,台州市,温岭市
浙江省温州市龙湾区灵昆镇双昆村天祥物资装卸码头,浙江省,温州市,龙湾区
浙江省衢州市龙游县模环乡白马村项家,浙江省,衢州市,龙游县
浙江省温州市鹿城区尚勤路,浙江省,温州市,鹿城区
浙江省平阳县昆阳镇皇岙工业区00号楼,浙江省,温州市,平阳县
浙江省绍兴市诸暨市阮市镇白浦村,浙江省,绍兴市,诸暨市
浙江省温岭市城东街道紫石路0000号,浙江省,台州市,温岭市
义乌国际商贸城一期A区,浙江省,金华市,义乌市
浙江省绍兴市诸暨江龙工业园区德源路00号,浙江省,绍兴市,诸暨市
温岭市温峤镇江厦村温岭栋,浙江省,台州市,温岭市
长兴县雉城镇水木花都社区绿洲苑,浙江省,湖州市,长兴县
宁波海曙区大梁街0000号世纪广场A座,浙江省,宁波市,海曙区
江苏省徐州市新沂市浙江省昌化镇东塔街000号,江苏省,徐州市,新沂市
浙江温州鹿城区浙江省温州市鹿城区信河街壬子巷大厦万鼎鞋城,浙江省,温州市,鹿城区
浙江省长兴县林城镇八三工地,浙江省,湖州市,长兴县
浙江省丽水市松阳县王村工业园区丽安环路00号,浙江省,丽水市,松阳县
浙江省西湖区文二西路0000号南都德加东区,浙江省,杭州市,西湖区
浙江省慈溪市三北镇海甸戎村快船江西路0号,浙江省,宁波市,慈溪市
浙江省嘉兴市南湖区东栅街道徽商大厦00楼佳音英语,浙江省,嘉兴市,南湖区
宁波海曙区柳丁街0000号倍可亲电联,浙江省,宁波市,海曙区
浙江省宁波市慈溪市明州西路江东村徐家0000号00造型,浙江省,宁波市,慈溪市
浙江省绍兴市诸暨市牌头镇浙江菲达环保科技有限公司,浙江省,绍兴市,诸暨市
浙江省衢州市柯城区通荷路0号金城商务大厦A区00楼,浙江省,衢州市,柯城区
浙江省宁波江东区宁波市江东区中心南路00号宁兴丰田电联,浙江省,宁波市,江东区
嘉兴市南湖区云东路罗马都市,浙江省,嘉兴市,南湖区
中国浙江省温州市龙湾区胜泉路,浙江省,温州市,龙湾区
浙江省金华市婺城区明月街0000号,浙江省,金华市,婺城区
河北省石家庄市长安区石纺路银都花园,河北省,石家庄市,长安区
西湖区文二路000号耀江文欣大厦,浙江省,杭州市,西湖区
嘉兴市秀洲区国信加达销售服务有限公司,浙江省,嘉兴市,秀洲区
瓯海区仙岩镇穗丰老工业区,浙江省,温州市,瓯海区
萧山区浦阳镇滨河路00号,浙江省,杭州市,萧山区
平阳县腾蛟镇金湖路玉湖巷0号,浙江省,温州市,平阳县
河南省商丘市虞城县闻集乡王安村,河南省,商丘市,虞城县
浙江省杭州市杭州市余杭区良运街000号,浙江省,杭州市,余杭区
鄞州区航空路000号栎社机场门口电联,浙江省,宁波市,鄞州区
湖北省竹溪县中医院神经外科,湖北省,十堰市,竹溪县
宁波市海曙区青林湾东区000幢,浙江省,宁波市,海曙区
京溪麒麟岗村麟居委中路00号,云南省,曲靖市,麒麟区
北京北京市西城区黄寺大街00号_德胜置业大厦00号楼00层,北京市,北京市,西城区
浙江瑞安万松路000号瑞安人民医院急诊00楼烧伤科,浙江省,温州市,瑞安市
浙江省宁波市海曙区宁波市镇海区招宝山街道后海塘平海路北侧0000号,浙江省,宁波市,海曙区
金华市婺城区东阳街,浙江省,金华市,婺城区
中兴路宁波市公安局,湖北省,荆州市,公安县
海南省海口市龙华区城西镇龙昆南路京山酒店A版公寓,广东省,深圳市,龙华区
杭州市萧山区瓜沥镇航民村_实业集团有限公司,浙江省,杭州市,萧山区
五常街道西溪北苑,黑龙江省,哈尔滨市,五常市
台州临海市杜桥镇万包国际名城,浙江省,台州市,临海市
云南省昭通市镇雄县以勤镇茶木村民委员会埂埂上村民小组00号,云南省,昭通市,镇雄县
润兴路领域龙山00幢0单元,吉林省,辽源市,龙山区
河北省-邯郸市-临漳县将军巷,河北省,邯郸市,临漳县
浙江省杭州市江干区下沙长城机电东区,浙江省,杭州市,江干区
浙江省乐清市柳市镇前西工业区,浙江省,温州市,乐清市
浙江省温州市鹿城区五马街000号,浙江省,温州市,鹿城区
江苏省昆山市淀山湖镇丁家浜路0号普洛斯物流园唯品会华东A0门,江苏省,苏州市,昆山市
浙江省诸暨市王家井镇新图村塘口0000号,浙江省,绍兴市,诸暨市
杭州市萧山区闻堰镇保东南之冠,浙江省,杭州市,萧山区
宁夏回族自治区中卫市海原县海原一小,宁夏回族自治区,中卫市,海原县
城北西路0000号,青海省,西宁市,城北区
浙江省温州市瑞安市公园路,浙江省,温州市,瑞安市
大溪潘郎镇西山金下坎工业区,云南省,昆明市,西山区
浙江省宁波市北仑区港东大道00号兴农大厦,浙江省,宁波市,北仑区
之江000国道南_000国道与象山路交汇处西南篁外山庄,浙江省,宁波市,象山县
鄞州区鄞州商会南楼利尔达科技有限公司,浙江省,宁波市,鄞州区
浙江省温州市苍南县灵溪仁英路000号,浙江省,温州市,苍南县
福建省福州市鼓楼区鼓东街道福州市环球广场A座000层-烨泰国际货运代理有限公司,江苏省,南京市,鼓楼区
越秀南路南秀广场00幢,广东省,广州市,越秀区
浙江省温州市鹿城区蔡庵路,浙江省,温州市,鹿城区
绍兴市柯桥区柯岩街道路南工业园区浙江欣君成工业园,浙江省,绍兴市,柯桥区
浙江省丽水市庆元县同德新村00幢,浙江省,丽水市,庆元县
义乌市佛堂镇义南工业区大士路00号,浙江省,金华市,义乌市
浙江台州市椒江区城区章安街道百家王疑问请联系,浙江省,台州市,椒江区城区
金华永康市古山镇大坟山村环村东路,浙江省,金华市,永康市
宁海桃源街道金桥路00号A,浙江省,宁波市,宁海县
浙江省杭州市江干区下沙高教东区学源街0000号浙江金融职业学院桃李苑生活区,浙江省,杭州市,江干区
浙江省宁波市宁波余姚市康山十尺桥,浙江省,宁波市,余姚市
浙江省丽水市莲都区紫金街道芦埠村前山市港航局,浙江省,丽水市,莲都区
上海市浦东新区北艾路0000弄000号,上海市,上海市,浦东新区
瓯海区景山街道长城组团,浙江省,温州市,瓯海区
浙江省宁波市江东区仇毕村村委会电联,浙江省,宁波市,江东区
青田县温溪镇处州街,浙江省,丽水市,青田县
浙江省杭州市上城区鲲鹏路0000号杭州消防支队,浙江省,杭州市,上城区
浙江省温州市鹿城区藤桥镇上戍轻工业盛丰路00号速递,浙江省,温州市,鹿城区
西湖大道000号,浙江省,杭州市,西湖区
浙江省杭州市建德市新安江财富城A座,浙江省,杭州市,建德市
浙江宁波北仑区大港三路000号,浙江省,宁波市,北仑区
柯桥精功大厦00楼,浙江省,绍兴市,柯桥区
浙江省温州市龙湾区中福大厦,浙江省,温州市,龙湾区
浙江省嘉兴市海宁市皮革出口加工区,浙江省,嘉兴市,海宁市
宁波市鄞州区姜山镇朝阳路0号浩丰,浙江省,宁波市,鄞州区
浙江省嘉兴市桐乡市隆源路000号艾莱依,浙江省,嘉兴市,桐乡市
浙江省余姚市阳明公寓-,浙江省,宁波市,余姚市
乔司镇永西工业园0幢,河南省,洛阳市,西工区
江西省新余市分宜县婚姻线博林佳苑三期,江西省,新余市,分宜县
台州温岭市城南二环菜市场电联,浙江省,台州市,温岭市
浙江绍兴越城区胜利东路000号中兴商贸大厦,浙江省,绍兴市,越城区
浙江杭州西湖区余杭塘路0000号浙大紫金港校区行政楼,浙江省,杭州市,西湖区
浙江省金华市义乌市秋实路000号A栋0单元0楼浙江省,浙江省,金华市,义乌市
温州市永嘉县乌牛镇广丰街,浙江省,温州市,永嘉县
环翠区环翠楼街道世昌大道,山东省,威海市,环翠区
宁波鄞州区雅源南路000号,浙江省,宁波市,鄞州区
浙江省杭州市上城区上城区龙舌路000号大名空间商务大厦,浙江省,杭州市,上城区上城区
富阳金色家园0幢,浙江省,杭州市,富阳区
鹿城区松台大厦A栋,浙江省,温州市,鹿城区
运河人家霞川坊00幢,河北省,沧州市,运河区
浙江省浦江县仙华路000号党校门卫室,浙江省,金华市,浦江县
浙江省杭州市江干区浙江省新狮街道同心路000号浙江师范大学,浙江省,杭州市,江干区
浙江永康科源路000号,浙江省,金华市,永康市
江苏省无锡市宜兴市宜城街道八佰伴天禧广场品康品美抗衰中心,江苏省,无锡市,宜兴市
河南省郑州市中原区沟桥乡,河南省,郑州市,中原区
浙江省宁波鄞州区万达广场四十八克拉,浙江省,宁波市,鄞州区
浙江省杭州市萧山区新塘街道朱家坛村前朱000号,浙江省,杭州市,萧山区
浙江省温州市瑞安市莘塍镇市场南路0-00号昌新大酒店,浙江省,温州市,瑞安市
广东省佛山市南海区大沥镇_盐步,广东省,佛山市,南海区
浙江省杭州市萧山区南阳镇赭山永里路000号,浙江省,杭州市,萧山区
金华市东阳市广福东街号广厦学院,浙江省,金华市,东阳市
平阳县郑楼镇建设路000号,浙江省,温州市,平阳县
杭州市余杭区临平街道汀州花苑北区,浙江省,杭州市,余杭区
沙河顶新二街0号,河北省,邢台市,沙河市
澄江工业区香女路000号,云南省,玉溪市,澄江市
浙江省温州市乐清市柳市镇前市街000号,浙江省,温州市,乐清市
浙江省诸暨市草塔镇杨家楼,浙江省,绍兴市,诸暨市
玉山镇绿地00新城0栋,江西省,上饶市,玉山县
天津市武清区其它地区天津市武清区汊沽港镇一街庞记私房菜,天津市,天津市,武清区
浙江省杭州市江干区东海柠檬郡0幢00单元,浙江省,杭州市,江干区
平阳县昆阳镇西溪岙村000号,浙江省,温州市,平阳县
湖北省武汉市武昌区中南路街办事处武汉市武昌区星海路特一号鸿玺公馆0栋,湖北省,武汉市,武昌区
浙江省温州市乐清市城东街道珠工业园,浙江省,温州市,乐清市
义乌市北苑街道复兴后陈0栋,浙江省,金华市,义乌市
浙江省宁波市江东区桑田路0000号,浙江省,宁波市,江东区
浙江-温州-乐清市镇七里港大道0000号智慧树幼儿园,浙江省,温州市,乐清市
绍兴市上虞市东关街道舜江西路,浙江省,绍兴市,上虞市
温州苍南县龙港镇港西三街,浙江省,温州市,苍南县
浙江省台州市黄岩区新前街道经岸村000号_云彩手套厂,浙江省,台州市,黄岩区
浙江省嘉兴市秀洲区岗山路00号0号库百秋电商,浙江省,嘉兴市,秀洲区
慈溪市孙塘北路0000号清水湾,浙江省,宁波市,慈溪市
杭州湾新区滨海大道000号凤港物流,江苏省,盐城市,滨海县
金华义乌赵宅三街000号-,浙江省,金华市,义乌市
金华金东区环城东路浙中建材市场A座0层富得利地板,浙江省,金华市,金东区
环城北路000号喜得宝大酒店00楼,青海省,西宁市,城北区
浙江省温州市龙湾区滨海十二路三道金驰实业,浙江省,温州市,龙湾区
义乌市福田街道祖科塘村欣欣超市电联,浙江省,金华市,义乌市
浙江省杭州市江干区万科公园大道0幢,浙江省,杭州市,江干区
宁波江东区江东南路韩国双龙汽车0A店,浙江省,宁波市,江东区
籍山镇安徽省芜湖市南陵县籍山路鲁班综合写字楼秀朵美容美体,安徽省,芜湖市,南陵县
桐乡泾济开发区高新西路000号,浙江省,嘉兴市,桐乡市
浙江省金华市磐安县后街弄00号,浙江省,金华市,磐安县
吴兴区中心大道0000号,浙江省,湖州市,吴兴区
安徽省临泉县老集镇小柳庄行政村北小李庄00号,安徽省,阜阳市,临泉县
江西省上饶市鄱阳县凰岗镇石家村00号,江西省,上饶市,鄱阳县
浙江省金华市兰溪市浙江省金华市兰溪市兰溪市黄大仙路000号,浙江省,金华市,兰溪市
望江家园东团000幢,安徽省,安庆市,望江县
宁波鄞洲区钟公庙镇经济国际花园,浙江省,宁波市,鄞洲区
教工路000号平安银行西湖支行,青海省,海东市,平安区
义乌市南下朱A区00栋0单元电联,浙江省,金华市,义乌市
滨江区滨盛路钱塘帝景,浙江省,杭州市,滨江区
仙居县南峰街道浮石园村000号,浙江省,台州市,仙居县
绍兴市柯桥区平水镇阳光华庭000幢,浙江省,绍兴市,柯桥区
金华义乌诚信三区,浙江省,金华市,义乌市
浙江省宁波市北仑区长江国际A座,浙江省,宁波市,北仑区
江西省南昌市进贤县罗镇三房村委会新下村000号,江西省,南昌市,进贤县
浙江省杭州市临安市临安市锦溪南路0000号,浙江省,杭州市,临安市临安市
浙江省-杭州市-市辖区北仑区,浙江省,杭州市,市辖区北仑区
浙江省台州市温岭市城南镇林岙工业区,浙江省,台州市,温岭市
浙江省杭州市西湖区浙江大学紫金港校区青溪一舍,浙江省,杭州市,西湖区
龙华大浪新围第三工业区江林智能九栋四楼,广东省,深圳市,龙华区
湖南省长沙市浏阳市湖南省长沙市浏阳市镇头镇环保科技示范园润宇塑业,湖南省,长沙市,浏阳市
广西省贺州市平桂县望高镇,广西壮族自治区,贺州市,平桂县
福田街道兴港小区000栋00单元地下室仓库,广东省,深圳市,福田区
浙江省嘉兴市南湖区余新镇余北大街老水厂新竹园区,浙江省,嘉兴市,南湖区
浙江省绍兴市柯桥区兰亭镇任家畈,浙江省,绍兴市,柯桥区
浙江杭州市西湖区古荡西区,浙江省,杭州市,西湖区
山阴路与永久路交叉口北干一苑00幢0单元,山西省,朔州市,山阴县
湖南省娄底市新化县湖南省娄底市新化县梅苑开发区桥东街000号,湖南省,娄底市,新化县
浙江省台州市玉环市城中路000号火山茶后面,浙江省,台州市,玉环市
凤阳街道中大瑞康路银岭皮革交易中心北区,安徽省,滁州市,凤阳县
宁波市北仑区霞浦街道临港0路台塑关系企业,浙江省,宁波市,北仑区
宁波余姚新城市花园电联,浙江省,宁波市,余姚市
台州市温岭市大溪镇大溪注塑园区篮霞科技有限公司,浙江省,台州市,温岭市
浙江省嘉兴市南湖区金穗月亮湾,浙江省,嘉兴市,南湖区
宁波江东区中山东路000号莫泰000酒店,浙江省,宁波市,江东区
浙江省_温州市_平阳县_鳌江育英左岸门卫室,浙江省,温州市,平阳县
浙江省湖州市长兴县吕山乡捷凯实业有限公司,浙江省,湖州市,长兴县
浙江大学紫金港校区医学院科研楼,广东省,河源市,紫金县
浙江省慈溪市孙塘南路提香公寓00幢,浙江省,宁波市,慈溪市
金华义乌市南下朱A区0栋0单元,浙江省,金华市,义乌市
东岳路清河坊0幢0单元,河北省,邢台市,清河县
上海上海市闵行区景谷路000号,上海市,上海市,闵行区
浙江省温州市乐清市柳市镇金马西路000号00楼,浙江省,温州市,乐清市
浙江省温州市苍南县灵溪镇时代御园00幢,浙江省,温州市,苍南县
浙江省新昌县羽林街道大塘坑村坑头黄000号,浙江省,绍兴市,新昌县
天目山路000号玉泉大厦五楼_,内蒙古自治区,呼和浩特市,玉泉区
杭州市余杭区方桥工业园00栋0楼,浙江省,杭州市,余杭区
南海大道0000号AAA科技大厦A区00楼,广东省,佛山市,南海区
浙江省杭州市江干区碑亭路新九天0楼,浙江省,杭州市,江干区
浙江省杭州市西湖区集合AAA商城健身房,浙江省,杭州市,西湖区
桃园路口银监局隔壁中国联通湘潭市分公司,湖南省,湘潭市,湘潭县
杭州市西湖区龙井村000号,浙江省,杭州市,西湖区
台州黄岩北城西工业园区拱新大道00号,浙江省,台州市,黄岩区
中国浙江省温州市鹿城区龙泉巷000号,浙江省,温州市,鹿城区
上海市-市辖区-浦东新区杨高南路0000号A区0楼,上海市,上海市,市辖区
浙江省台州市玉环县玉城街道西青塘村青兴路000号对面,浙江省,台州市,玉环县
海宁市盐官镇观潮景区春熙路000号电联,浙江省,嘉兴市,海宁市
浙江省温州市永嘉县芦池街,浙江省,温州市,永嘉县
绍兴绍兴诸暨大唐金家村0000号,浙江省,绍兴市,诸暨市
杭州市拱墅区康桥工业园康园路00号A座00楼型尚网仓库,浙江省,杭州市,拱墅区
浙江省温州市苍南县钱库镇公园路00号,浙江省,温州市,苍南县
贵阳市南明区富源中路000号兴华小老谢家商店,贵州省,贵阳市,南明区
义乌市国际商贸城一期A区,浙江省,金华市,义乌市
温州苍南县灵溪镇万鹤北路对面,浙江省,温州市,苍南县
浙江省拱墅区莫干山路0000弄三宝郡庭A区00栋电联,浙江省,杭州市,拱墅区
浙江省杭州市萧山区晨晖路0000号广元公寓00幢架空层丰巢快递柜丰巢,浙江省,杭州市,萧山区
椒江区_中山西路000号金龙照相馆,浙江省,台州市,椒江区
浙江省建德市寿昌镇绿荷塘村0号,浙江省,杭州市,建德市
金华金华市义乌市荷叶塘镇殿前村前山000号,浙江省,金华市,义乌市
义乌市下骆宅九如塘,浙江省,金华市,义乌市
宁波慈溪市横河镇乌山村河西00号,浙江省,宁波市,慈溪市
江岸区湛家机街办事处天兴花园0000栋,湖北省,武汉市,江岸区
浙江省嘉兴市平湖市钟埭街道环城西路000号平湖市新世纪饭店财务部,浙江省,嘉兴市,平湖市
浙江-温州市-瑞安市马屿上郑村,浙江省,温州市,瑞安市
鄞州区东钱湖镇隐学山庄,浙江省,宁波市,鄞州区
拱墅区丰潭路城西银泰A座00楼杭州天际线,浙江省,杭州市,拱墅区
江苏省扬州市江都区江都镇江苏省扬州市江都碧家园0期0栋,江苏省,扬州市,江都区
淳安县新安大街000号房管大楼,浙江省,杭州市,淳安县
浙江省杭州市下城区华丰路0号00幢,浙江省,杭州市,下城区
陕西省西安市莲湖区兴中路营建小区顺发,陕西省,西安市,莲湖区
浙江省台州市椒江区章安街道建设村柏加王加油站对面福友电子商务,浙江省,台州市,椒江区
中大槐树街道槐荫区儿童医院南辛庄000号楼二单元,山东省,济南市,槐荫区
浙江杭州西湖区学院路000号浙江省教育综合大楼00楼,浙江省,杭州市,西湖区
紫金北路00号常青花边仓库,广东省,河源市,紫金县
莘塍镇人民路东新工业区新兴东路000号,黑龙江省,七台河市,新兴区
浙江省丽水市青田县季宅季宅村下洪00号,浙江省,丽水市,青田县
鹿城区南汇街道金鼎花苑,浙江省,温州市,鹿城区
鄞州区高桥镇湖西村双家河头00号,浙江省,宁波市,鄞州区
温州瓯海区000国道慈南景苑门口电联,浙江省,温州市,瓯海区
运河东路运新花苑二区,河北省,沧州市,运河区
浙江省杭州市西湖区翠苑街道文一西路毛家桥路中天AAA00座,浙江省,杭州市,西湖区
宁波江东区百丈东路0000号建业大厦00楼金融市场部,浙江省,宁波市,江东区
龙翔街道双桥南苑,河北省,承德市,双桥区
浙江省温州市龙湾区状元镇御史桥村御新北路00号,浙江省,温州市,龙湾区
杭州市拱墅区浙江树人大学信息科技学院,浙江省,杭州市,拱墅区
浙江省温州市乐清市柳市镇新光工业区新光大道0000号,浙江省,温州市,乐清市
鄞州区东裕新村000栋,浙江省,宁波市,鄞州区
洪兴路0000号江南摩尔购物中心西区0-0层天虹百货嘉兴店,广西壮族自治区,南宁市,江南区
浙江省衢州市衢江区东迹大道000-0号衢州时宇斯巴鲁汽车销售有限公司,浙江省,衢州市,衢江区
丰台区右安门外大街000号百合园,北京市,北京市,丰台区
甘肃省庆阳市镇原县郭原乡甘肃省庆阳市镇原县郭原学区马某某,甘肃省,庆阳市,镇原县
浙江省宁波市江东区锦绣东城000幢,浙江省,宁波市,江东区
浙江省金华市东阳市中国浙江省金华市义乌市深塘路,浙江省,金华市,东阳市
浙江省嘉兴市桐乡市大麻镇科创园A-0栋,浙江省,嘉兴市,桐乡市
杭州市余杭区葛家车村八组_000号,浙江省,杭州市,余杭区
金华市婺城区三江街道永康街0000号,浙江省,金华市,婺城区
萧山区宁围镇鸿宁路广孚联合国际中心电联,浙江省,杭州市,萧山区
杭州萧山市心中路0000号银隆百货00楼并可尼罗,浙江省,杭州市,萧山区
瓯江口新区标准厂房四栋九楼博霖服饰,贵州省,铜仁市,江口县
金华市义乌长春二区-,浙江省,金华市,义乌市
浙江省杭州市萧山区宁围镇新安村0000号,浙江省,杭州市,萧山区
浙江省温岭市新河镇上莫工业区,浙江省,台州市,温岭市
浙江省杭州市西湖区转塘家园00栋0单元,浙江省,杭州市,西湖区
浙江省湖州市吴兴区高新园区环渚路0000号沪升电器内,浙江省,湖州市,吴兴区
杭州市余杭区仁和镇工业区,浙江省,杭州市,余杭区
临江工业园纬六路浙江双兔新材料有限公司,吉林省,白山市,临江市
四川省宜宾市南溪区南溪街道凤翔社区,四川省,宜宾市,南溪区
浙江省-金华市-义乌市浙江省金华市义乌市机场路远东毛毯厂内,浙江省,金华市,义乌市
浙江省杭州市西湖区浙江大学紫金港校区医学院科研楼A座,浙江省,杭州市,西湖区
永康市花川工业区玉桂路00号,浙江省,金华市,永康市
浙江省金华市婺城区东阳木雕城A区,浙江省,金华市,婺城区
福田街道上梅林新世界百货,广东省,深圳市,福田区
广东省广州市海珠区海联路海印南苑00号楼,广东省,广州市,海珠区
浙江省-杭州市-萧山区宁国镇振宁路000号二楼,浙江省,杭州市,萧山区
浙江省嘉兴市南湖区城北路000号,浙江省,嘉兴市,南湖区
湖州南浔区堰四新村落冒兜小区,浙江省,湖州市,南浔区
浙江省临海市永丰镇沙头村0-0号,浙江省,台州市,临海市
花溪新村0区00栋,贵州省,贵阳市,花溪区
浙江省湖州市南浔区向阳西路0000号,浙江省,湖州市,南浔区
金华义乌市宾王路南陈小区骆日升诊所,浙江省,金华市,义乌市
浙江省湖州市吴兴区明都锦绣苑,浙江省,湖州市,吴兴区
山东省威海市环翠区青岛路湾九里,山东省,威海市,环翠区
瓯海郭溪镇三合村水闸头中路000号,浙江省,温州市,瓯海区
浙江省绍兴市诸暨市枫桥镇步森东路000号四通,浙江省,绍兴市,诸暨市
浙江省杭州市滨江区江晖路0000号杭州印大厦,浙江省,杭州市,滨江区
浙江省舟山市普陀区东港山水人家000幢,上海市,上海市,普陀区
五常大道0000号00幢,黑龙江省,哈尔滨市,五常市
绍兴柯桥精品广场三区五幢,浙江省,绍兴市,柯桥区
宁波市镇海区蟹浦镇庙戴石灰厂,浙江省,宁波市,镇海区
南星街道复兴南苑00幢0单元,河北省,邯郸市,复兴区
浙江省金华金华东阳市白云大道000号电联,浙江省,金华市,东阳市
鄞州区贸城东路盛世天城,浙江省,宁波市,鄞州区
浙江省台州市临海市白水洋上游村,浙江省,台州市,临海市
遂昌县上江白鹤东路00号后面,浙江省,丽水市,遂昌县
温州市龙湾区永中街道建中南街,浙江省,温州市,龙湾区
义乌城店南路0000号八楼外贸办公室,浙江省,金华市,义乌市
乐清市伯乐东路0000号图书馆,浙江省,温州市,乐清市
艺新街道山阳建国饭店对面化校院内鑫源超市南临胡同里西户,河南省,焦作市,山阳区
福建省-南平市-政和县松源工业园区,福建省,南平市,政和县
合阳县孟家庄村对面陕西三建工地,陕西省,渭南市,合阳县
浙江省温州市瓯海区温州瓯海高新园区大地路0号,浙江省,温州市,瓯海区
义乌市国际商贸城,浙江省,金华市,义乌市
浙江宁波海曙区洞桥工业区,浙江省,宁波市,海曙区
天津天津市北辰区北仓镇天津市北辰区引河里北道0号,天津市,天津市,北辰区
河南省沈丘县洪山乡马庄行政村宋桥村,河南省,周口市,沈丘县
浙江省温州市瓯海区三乡黄屿村寺前路0弄0号,浙江省,温州市,瓯海区
浙江省长兴县和平镇吴山村羊家自然村000号,浙江省,湖州市,长兴县
嘉兴嘉兴桐乡市西门小区-东-,浙江省,嘉兴市,桐乡市
浙江省温州市乐清市北白象镇浙江省乐清市北白象镇四房村四房北路000号,浙江省,温州市,乐清市
甘肃省临夏回族自治州临夏市城北街道临夏市团结北路城北信用社,甘肃省,临夏回族自治州,临夏市
广西省桂林市资源县中峰乡枫木栗家队上组,广西壮族自治区,桂林市,资源县
慈溪市长河镇大义房路,浙江省,宁波市,慈溪市
上城区中和中路000号平海国际大厦00A,浙江省,杭州市,上城区
浦江县黄宅夏阳畈二区,浙江省,金华市,浦江县
金华市义乌市宗泽北路0000号,浙江省,金华市,义乌市
浙江省苍南县龙港镇巴曹社区新桥村000号,浙江省,温州市,苍南县
杭州市拱墅区湖墅南路0000号中华保险大厦0楼,浙江省,杭州市,拱墅区
浙江省杭州市江干区九堡杭乔路君合商务楼,浙江省,杭州市,江干区
永康苑000幢00单元发迹造型,浙江省,金华市,永康市
浙江省杭州市上城区清江路000号,浙江省,杭州市,上城区
东阳市艺海北路000号,浙江省,金华市,东阳市
金华市义乌市江东街道江东中路0000号,浙江省,金华市,义乌市
浙江省宁波市宁海县跃龙街道淮河路00号,浙江省,宁波市,宁海县
浙江省台州椒江区江城南路,浙江省,台州市,椒江区
山东省威海市文登区大水泊镇军民路0号,山东省,威海市,文登区
永康市金水湾00幢0单元,浙江省,金华市,永康市
浙江省杭州市西湖区转塘香山创意园,浙江省,杭州市,西湖区
山东省济南市章丘市AAAA,山东省,济南市,章丘市
浙江省丽水市龙泉市剑木路000号,浙江省,丽水市,龙泉市
杭州湾新区世纪城竹溪园000栋,湖北省,十堰市,竹溪县
慈溪市龙山镇三北田央三北路0000号,浙江省,宁波市,慈溪市
罗渡路附近新华阳光席梦思面料厂,河北省,石家庄市,新华区
临城街道海宇道000号临城银泰百货四楼伊芙丽专柜,河北省,邢台市,临城县
浙江省绍兴市诸暨市山下湖镇华东国际珠宝城,浙江省,绍兴市,诸暨市
浙江省嘉兴市南湖区银柳坊,浙江省,嘉兴市,南湖区
王家井镇洋湖工业区乐业机电有限公司,广西壮族自治区,百色市,乐业县
浙江省宁波海曙区青林湾东区,浙江省,宁波市,海曙区
浙江省金华义乌市楼下村0区0栋0单元,浙江省,金华市,义乌市
江北区庄桥街道外环东路0000号庄桥中心小学,浙江省,宁波市,江北区
浙江省台州市温岭市泽国镇丹崖工业区,浙江省,台州市,温岭市
广东省-深圳-宝安区乐群新乐村二巷00号四楼五金店,广东省,深圳市,宝安区
浙江省杭州市西湖区涉外人才培训学院,浙江省,杭州市,西湖区
浙江省台州市温岭市太平街道北门街000弄老八一宾馆旧城改造办公室,浙江省,台州市,温岭市
浙江大学紫金港校区化学实验中心,广东省,河源市,紫金县
山东省淄博市张店区张南路征联装饰材料城,山东省,淄博市,张店区
浙江省杭州市上城区环城东路八楼,浙江省,杭州市,上城区
浙江省杭州市萧山区新街镇桥南开发区春潮路00号,浙江省,杭州市,萧山区
浙江省湖州市吴兴区埭溪镇上强路000号,浙江省,湖州市,吴兴区
河南省许昌市长葛市东转盘物流一条街圆通快递,河南省,许昌市,长葛市
东南开发区东湖京华京润苑0栋,天津市,天津市,南开区
浙江省绍兴市越城区越东路果品蔬菜批发市场,浙江省,绍兴市,越城区
瑞安市新隆南路0栋0单元电联,浙江省,温州市,瑞安市
绍兴柯桥区万达广场商管公司0楼电联,浙江省,绍兴市,柯桥区
南龙步行街东首滨海园区社区卫生服务中心,江苏省,盐城市,滨海县
桐乡濮院锦苑小区,浙江省,嘉兴市,桐乡市
广东省广州市白云区石井街道金宝路0-0号A0栋,广东省,广州市,白云区
清水河镇江苏大道天恒建材市场八号楼七楼鑫澳家私,内蒙古自治区,呼和浩特市,清水河县
盐田街道盐田路000号裕达华庭00栋,广东省,深圳市,盐田区
云南省红河哈尼族彝族自治州蒙自市熔炼车间,云南省,红河哈尼族彝族自治州,蒙自市
浙江省金华市义乌市国际商贸城四区0街,浙江省,金华市,义乌市
宁波市慈溪市宗汉街道长池路,浙江省,宁波市,慈溪市
浙江省嘉兴市桐乡市梧桐街道世纪大道0000号,浙江省,嘉兴市,桐乡市
浙江省诸暨市暨阳街道浣纱支路000号0楼,浙江省,绍兴市,诸暨市
宁波市江东区兴宁路000弄金江大厦,浙江省,宁波市,江东区
宁波市鄞州区高桥镇合心村工业区兴业路000号,浙江省,宁波市,鄞州区
浙江省湖州市吴兴区凤凰街道金世纪大厦A座00楼湖州非寻进出口公司,浙江省,湖州市,吴兴区
浙江省温州市瓯海区桉桐东路,浙江省,温州市,瓯海区
杭州市上城区新工新村,浙江省,杭州市,上城区
龙港镇仪邦工业园00栋,辽宁省,葫芦岛市,龙港区
西工业区拱新大道000号浙江同丰工艺品有限公司,河南省,洛阳市,西工区
浙江省杭州市萧山区北干山永久路北干大院,浙江省,杭州市,萧山区
余杭区乔司镇方桥小区,浙江省,杭州市,余杭区
浙江省江山市上余镇陶村,浙江省,衢州市,江山市
吴兴区埭溪镇埭溪工业园创业大道00号绿色建材开发有限公司,浙江省,湖州市,吴兴区
浙江省温州市龙湾区永宁西路,浙江省,温州市,龙湾区
浙江省杭州市西湖区萍水西街000号优盘时代中心0号楼,浙江省,杭州市,西湖区
浙江省鹿城区前庄路上斗门,浙江省,温州市,鹿城区
浙江杭州江干区庆春路00号长堤名苑,浙江省,杭州市,江干区
浙江杭州余杭区文一西路荆长路以东000米八方城00幢,浙江省,杭州市,余杭区
江西省上饶市万年县梓埠镇椒源下村,江西省,上饶市,万年县
杭州滨江浦沿积家顺昌地产,浙江省,杭州市,滨江区
新疆乌鲁木齐市沙依巴克区红庙子街道阿勒泰路0000号,新疆维吾尔自治区,乌鲁木齐市,沙依巴克区
余杭区鸬鸟镇雅城村希尔顿酒店,浙江省,杭州市,余杭区
柯桥万家人利,浙江省,绍兴市,柯桥区
滨海四路吉利杭州湾研究院,江苏省,盐城市,滨海县
浙江省嵊州市黄泽镇镇西路000号,浙江省,绍兴市,嵊州市
浙江省杭州市拱墅区和睦路000号华源创意园0期000幢,浙江省,杭州市,拱墅区
浙江省温州市苍南县望里街000号,浙江省,温州市,苍南县
余姚市马渚镇马云路,浙江省,宁波市,余姚市
浙江省金华市义乌市廿三里街道金赣北路000号00楼,浙江省,金华市,义乌市
四川省广元市利州区东坝街道文化路旭春园,四川省,广元市,利州区
城北街道麻车村后湾新区,青海省,西宁市,城北区
浙江省杭州市江干区浙江理工大学生活二区西楼,浙江省,杭州市,江干区
杭州市下城区东新路000号和平世纪联华杰克琼斯专柜,浙江省,杭州市,下城区
江西省弋阳县曹溪镇邵板村佰观路000号,江西省,上饶市,弋阳县
宁波市江东区会展路000号展中心00号馆00楼,浙江省,宁波市,江东区
浙江省温州市鹿城区昆仑路000号,浙江省,温州市,鹿城区
浙江省舟山市普陀区沈家门国际水产城,上海市,上海市,普陀区
浙江省杭州市江干区蓝桥名苑底商,浙江省,杭州市,江干区
温岭市太平街道星光南路000号,浙江省,台州市,温岭市
黄岩区东城街道王林洋村畅隆物流顺渝货运,浙江省,台州市,黄岩区
浙江省-杭州市-萧山区瓜沥瓜港三路,浙江省,杭州市,萧山区
宗汉街道潮塘工业园区西区潮塘横路000号,四川省,攀枝花市,西区
浦江县杭坪镇大楼村_楼街000号,浙江省,金华市,浦江县
山阴西路000号宝业集团股份有限公司,山西省,朔州市,山阴县
上海市浦东新区张杨路,上海市,上海市,浦东新区
湖南省衡阳市珠晖区粤新路东升花苑A00栋四单元,湖南省,衡阳市,珠晖区
金华市义乌市青岩街000号,浙江省,金华市,义乌市
浙江省绍兴市越城区秀水苑枫桂阁,浙江省,绍兴市,越城区
嘉善天凝天凝大道0000号,浙江省,嘉兴市,嘉善县
浙江省绍兴市柯桥区马鞍镇安滨佳苑,浙江省,绍兴市,柯桥区
浙江省东阳市月亮街00号,浙江省,金华市,东阳市
广西省桂林市象山区翠竹路000号翡翠山庄000-0号别墅,广西壮族自治区,桂林市,象山区
杭州市余杭区三角村复地连城,浙江省,杭州市,余杭区
浙江省杭州市萧山区河庄街道河中路0000号,浙江省,杭州市,萧山区
浙江省嘉兴市海宁市浙江省嘉兴市海宁市水月亭西路000-000号恒诚暖通设备公司,浙江省,嘉兴市,海宁市
义乌市通信市场,浙江省,金华市,义乌市
四川省成都市郫县安靖喜安街00号,四川省,成都市,郫县
浙江省温州市瓯海区梧田街道月乐西街000号,浙江省,温州市,瓯海区
浙江省温州市瑞安市莘塍莘塍街道底村环河路底大桥东边,浙江省,温州市,瑞安市
上海市闵行区古龙路00号,上海市,上海市,闵行区
浙江省杭州市萧山区江南明城0栋0单元,浙江省,杭州市,萧山区
浙江省杭州市江干区金沙大道0000号银沙商贸城飞天电商园0楼A区,浙江省,杭州市,江干区
余杭街道联兴路凤兴花园一区,浙江省,杭州市,余杭区
浙江省磐安县尖山镇东里村西侧000号,浙江省,金华市,磐安县
福建省福州市鼓楼区洪山镇梁厝路000号梁厝新村00座,江苏省,南京市,鼓楼区
收方地址收方地址台州市温岭市临海市,浙江省,台州市,温岭市临海市
浙江温州乐清市北白象万里路000号,浙江省,温州市,乐清市
浙江省嘉兴市海宁市斜桥镇万芳景苑一区00幢海宁市蒂妃儿服饰有限公司,浙江省,嘉兴市,海宁市
浙江省绍兴市柯桥区柯岩街道余渚工业区绿盛纺织,浙江省,绍兴市,柯桥区
浙江省宁波市鄞州区东胜街道宁川路0000号聚金家园0幢,浙江省,宁波市,鄞州区
鄞州区三池路000号和韵家园,浙江省,宁波市,鄞州区
下沙月雅路0000号长城机电东区,四川省,攀枝花市,东区
浙江省鄞州区室鄞县大道与钟工庙路交叉口的钟工庙路000号,浙江省,宁波市,鄞州区
浙江省义乌市绣湖新村00幢,浙江省,金华市,义乌市
浙江省杭州市拱墅区湖州街西瑞大厦,浙江省,杭州市,拱墅区
浙江省湖州市安吉县湖州市安吉县递铺镇云鸿大厦,浙江省,湖州市,安吉县
宁波江东区福明家园0期电联,浙江省,宁波市,江东区
绍兴柯桥区迪扬路管宁小区,浙江省,绍兴市,柯桥区
望江街道秋涛路000号杭州华山连天美医疗美容医院,安徽省,安庆市,望江县
浙江省诸暨市大唐镇袜业市场,浙江省,绍兴市,诸暨市
余姚市梨洲街道四明东路天河湾,浙江省,宁波市,余姚市
湖南省怀化市中方县桐木镇,湖南省,怀化市,中方县
浙江省杭州市西湖区西湖街道紫荆花路000号,浙江省,杭州市,西湖区
浙江省温州市龙湾区滨海十三路,浙江省,温州市,龙湾区
浙江省杭州市江干区德胜东0000号四季青服装交易中心华贸鞋城00楼,浙江省,杭州市,江干区
绍兴柯桥小左路0000号0栋,浙江省,绍兴市,柯桥区
浙江省-绍兴市-柯桥区鱼得水市场,浙江省,绍兴市,柯桥区
浙江省杭州市江干区德胜中路000号新世纪不锈钢产业园A区,浙江省,杭州市,江干区
阳明街道老方桥余方公路东000号,黑龙江省,牡丹江市,阳明区
绍兴柯桥金色水岸,浙江省,绍兴市,柯桥区
宁波市鄞州区高桥工业区秀丰路0000号-,浙江省,宁波市,鄞州区
宁波市鄞州区云龙镇荷花桥工业区,浙江省,宁波市,鄞州区
湖北省宣恩县高罗乡马斜坡村二组00号,湖北省,恩施土家族苗族自治州,宣恩县
绍兴柯桥区安昌镇车站路宝时龙汽车电联,浙江省,绍兴市,柯桥区
山西省太原市杏花岭区西三道巷万龙潭公馆,山西省,太原市,杏花岭区
浙江省温州市龙湾区沙城街000号,浙江省,温州市,龙湾区
鹿城区下吕浦瑞锦组团00栋,浙江省,温州市,鹿城区
金华义乌市江东街道孔村一区-0楼电联,浙江省,金华市,义乌市
浙江省富阳区大源镇骆村村,浙江省,杭州市,富阳区
义乌市国际生产资料市场八楼,浙江省,金华市,义乌市
瓯北镇五星工业区康亨服饰有限公司,辽宁省,锦州市,北镇市
灵溪镇苍南工业园区内众达汽车有限公司,浙江省,温州市,苍南县
浙江省宁波市鄞州区宁波市鄞州区日丽中路000号华茂总部一号,浙江省,宁波市,鄞州区
星海南路000号轿辰大厦,内蒙古自治区,乌海市,海南区
宁波市镇海区蛟川街道炼化市场东路0号,浙江省,宁波市,镇海区
贵州省安顺市普定县城关镇才新村,贵州省,安顺市,普定县
浙江省义乌市戚继光路,浙江省,金华市,义乌市
杭州滨江区滨康路000号0号楼储仓快捷内,浙江省,杭州市,滨江区
浙江省临海市杜桥镇东葛村0-000号,浙江省,台州市,临海市
温州瑞安市塘下镇罗凤凤山路000号,浙江省,温州市,瑞安市
浙江-温州-瑞安市宏音自动化机电厂,浙江省,温州市,瑞安市
杭州市拱墅区莫干山路0000-000号,浙江省,杭州市,拱墅区
浙江省湖州市长兴县金陵南路新金陵商城,浙江省,湖州市,长兴县
新昌县七星街道孝行路000号南瑞实验学校电联,浙江省,绍兴市,新昌县
浙江省嘉兴市秀洲区中山西路0000号,浙江省,嘉兴市,秀洲区
浙江省嘉兴市南湖区运河路0000号,浙江省,嘉兴市,南湖区
浙江省衢州市开化县青少年宫江滨南路000号文化艺术中心裙楼三楼,浙江省,衢州市,开化县
柯桥联合市场A区八楼,浙江省,绍兴市,柯桥区
湖州市安吉县塘浦兴隆北苑00栋,浙江省,湖州市,安吉县
宁波鄞州区惠风西路000号城南商务大厦A座,浙江省,宁波市,鄞州区
浙江省温州市龙湾区镇标西路0000号,浙江省,温州市,龙湾区
宁波市江东区会展路000号宁波国际会展中心0号馆00楼,浙江省,宁波市,江东区
广东省-广州市-白云区黄石西路石厦路环溶二横路华盛工业区A栋00楼,广东省,广州市,白云区
浙江省杭州市上城区清波街道定安路耀江广厦A座六楼龙发装饰,浙江省,杭州市,上城区
玉环市汽摩园工业区兴园路00号,浙江省,台州市,玉环市
杭州江干区石塘路北00号,浙江省,杭州市,江干区
四川省成都市金牛区荷花池街道四川省成都市金牛区解放西路00号金荷名邸,四川省,成都市,金牛区
浙江省金华市义乌市浙江省义乌市苏溪镇金三角开发区,浙江省,金华市,义乌市
浙江省东阳市横店镇_迎宾大道000号,浙江省,金华市,东阳市
宁波海曙区安泰街阳光城小区000幢,浙江省,宁波市,海曙区
湖南省岳阳市岳阳楼区枫桥湖路中国石油加油站内忠艺汽车管家,湖南省,岳阳市,岳阳楼区
浙江省杭州市下城区浙江省杭州市下城区浙江省杭州市下城区,浙江省,杭州市,下城区
江苏省泰州市兴化市城东镇卫生院,江苏省,泰州市,兴化市
浙江省桐乡市濮院镇南纬西路00号,浙江省,嘉兴市,桐乡市
杭州市浙江省杭州市江干区钱潮路0000号00楼,浙江省,杭州市,江干区
浙江台州黄岩新前茂丰街000号,浙江省,台州市,黄岩区
四川省富顺县兜山镇三桥村七组,四川省,自贡市,富顺县
广西壮族自治区贺州市八步区浙江省贤庠镇泰和路000号,广西壮族自治区,贺州市,八步区
浙江省宁波市余姚市富士花园,浙江省,宁波市,余姚市
杭州市江士区城区万家花园家和苑,浙江省,杭州市,江士区城区
宁波市北仑福华家园000幢,浙江省,宁波市,北仑区
柯桥镇金柯桥大道0000号屹男中心,浙江省,绍兴市,柯桥区
浙江省杭州市江干区闸弄口街道天城路范家新苑0幢0单元,浙江省,杭州市,江干区
苍南县灵溪镇玉苍路000-000号,浙江省,温州市,苍南县
浙江省温州市泰顺县彭溪镇,浙江省,温州市,泰顺县
浙江省义乌市北苑街道春晗四区00幢00单元地下室,浙江省,金华市,义乌市
浙江省桐乡市齐鸣路000号00幢0楼,浙江省,嘉兴市,桐乡市
浙江省台州市路桥区西大道二楼,浙江省,台州市,路桥区
江苏省泰州市海陵区新狮街道浙江师范大学工学院浙江师范大学,江苏省,泰州市,海陵区
浙江省杭州市余杭区瓶窑镇凤城路闻家000号,浙江省,杭州市,余杭区
浙江省杭州市上城区山风庭六幢五单元,浙江省,杭州市,上城区
湖南省汨罗市高家坊镇万岭村细万坪,湖南省,岳阳市,汨罗市
浙江省杭州市萧山区新塘街道姑娘桥新农村000号,浙江省,杭州市,萧山区
金华义乌塘溪东路00号,浙江省,金华市,义乌市
绍兴越城区灵芝镇张市村中秋月服装,浙江省,绍兴市,越城区
浙江省宁波市鄞州区中山东路0000号东海曙光大厦,浙江省,宁波市,鄞州区
浙江省绍兴市诸暨市诸化路00号,浙江省,绍兴市,诸暨市
浙江省宁波市慈溪市慈溪滨海开发区波涛路0000号聚龙网仓,浙江省,宁波市,慈溪市
浙江省台州市黄岩区繁荣新大街,浙江省,台州市,黄岩区
广东省-深圳市-宝安区沙井街,广东省,深圳市,宝安区
台州杜桥大汾后洋村村口电联,浙江省,台州市,台州
广西壮族自治区河池市金城江区中山路0000号00栋,广西壮族自治区,河池市,金城江区
城关镇孝感云梦县富豪花园A区000栋,湖北省,孝感市,云梦县
庆和路新城国际花园和园,内蒙古自治区,呼和浩特市,新城区
浙江-台州-温岭市浙江省温岭市温西工具交易市场0楼,浙江省,台州市,温岭市
嵊州市嵊州大道南0000号,浙江省,绍兴市,嵊州市
浙江省宁波市慈溪市浒山街道担山路00号金稻草,浙江省,宁波市,慈溪市
浙江省杭州市西湖区天目山路000号合生国贸0幢00楼,浙江省,杭州市,西湖区
滨海二路0000号宁波工程学院杭州湾汽车学院,江苏省,盐城市,滨海县
浙江省台州市黄岩区新前街道七里村000号,浙江省,台州市,黄岩区
江西省新余市喻水区罗坊镇南市村委汉口新屋村000号,江西省,新余市,喻水区
杭州市滨江区浦沿街道彩虹城,浙江省,杭州市,滨江区
浙江-绍兴-柯桥区轻纺城北四区四楼,浙江省,绍兴市,柯桥区
云龙镇工业区龙飞路南000号,江苏省,徐州市,云龙区
杭州市萧山区山阴路0000号众安假日酒店大堂,浙江省,杭州市,萧山区
余杭区金恒德汽配城A区000幢,浙江省,杭州市,余杭区
浙江省金华市义乌市北苑街道柳河路000号0楼爱薇儿饰品,浙江省,金华市,义乌市
浙江省金华市东阳市南马镇花园村,浙江省,金华市,东阳市
宁海县时代大道000号风光旅游电联,浙江省,宁波市,宁海县
浙江杭州下城区费家塘路0000号浙江广信,浙江省,杭州市,下城区
广东省广州市番禺区南村镇雅居乐园,广东省,广州市,番禺区
浙江台州市玉环县金色童年幼儿园宿舍楼有疑问请联系,浙江省,台州市,玉环县
广东省深圳市南山区高新技术产业园北区,黑龙江省,鹤岗市,南山区
浙江省湖州市德清县新市镇丝雅围巾,浙江省,湖州市,德清县
温州市龙湾区灵昆东路00号,浙江省,温州市,龙湾区
浙江省丽水市庆元县同德新村00幢,浙江省,丽水市,庆元县
广东省广州市白云区犀牛叫犀牛南路,广东省,广州市,白云区
广东省深圳市宝安区黄田街道后瑞新村三巷六号,广东省,深圳市,宝安区
浙江省温州市瓯海区横塘路,浙江省,温州市,瓯海区
金华永康市芝英镇堰头村骑龙小区,浙江省,金华市,永康市
浙江省杭州市滨江区滨文路与明德路交叉口浙江艺校北侧江畔云庐西区00幢架空层丰巢,浙江省,杭州市,滨江区
台州临海市巾山东路白塔小区--0单元,浙江省,台州市,临海市
杭州市余杭区仓前镇良睦路梦想小镇,浙江省,杭州市,余杭区
松江燃气有限公司车墩营业所,上海市,上海市,松江区
嘉兴市南湖区大桥镇东方化工,浙江省,嘉兴市,南湖区
象山县滨海工业园区金港路000号浙江启鑫新能源科技股份有限公司,浙江省,宁波市,象山县
浙江省绍兴市袍江马海工业区越东北路000号,浙江省,绍兴市,袍江
平阳县鳌江镇万达广场中央华城,浙江省,温州市,平阳县
绍兴市绍兴县杨汛桥镇江桥村,浙江省,绍兴市,绍兴县
宁波市鄞州区钟公庙街道堇山中路,浙江省,宁波市,鄞州区
鹿城区滨江街道新田园00栋,浙江省,温州市,鹿城区
浙江省温州市永嘉县瓯北镇礁下西路0号,浙江省,温州市,永嘉县
浙江省宁波市鄞州区广博丽景中心,浙江省,宁波市,鄞州区
宁波慈溪杭州湾世纪城梦想公寓0栋,浙江省,宁波市,慈溪市
浙江省路桥区桐屿街道富通家园,浙江省,台州市,路桥区
绍兴市袍江群贤东路0号,浙江省,绍兴市,袍江
南浔镇东迁梅花路000号00楼伴帛,浙江省,湖州市,南浔区
慈溪市坎墩工业区_顺泰路_000号,浙江省,宁波市,慈溪市
绍兴绍兴市诸暨市店口镇亭凉树下乌杈头,浙江省,绍兴市,诸暨市
浙江省杭州市滨江区江畔云庐0幢0单元,浙江省,杭州市,滨江区
浙江省杭州市下城区长浜路广电小区0栋00单元,浙江省,杭州市,下城区
浙江省温州市乐清市乐清经济开发区纬三路000弄000号,浙江省,温州市,乐清市
浙江省温州市瓯海区浙江省温州市瓯海区金州电商城,浙江省,温州市,瓯海区
浙江省杭州市滨江区高家镇至村村000号,浙江省,杭州市,滨江区
义乌市北苑工业区丹晨二路000号,浙江省,金华市,义乌市
杭州市余杭区五常街道浙地人家000幢0单元,浙江省,杭州市,余杭区
浙江省杭州市江干区华润大厦A座00楼,浙江省,杭州市,江干区
浙江省杭州市西湖区三墩镇浙大紫金港校区农生环组团,浙江省,杭州市,西湖区
浙江省温州市AAAA浙江温州市瑞安市商城大厦,浙江省,温州市,瑞安市
浙江省临海市杜桥镇环城北路0000号,浙江省,台州市,临海市
台州市椒江区三甲街道台州市看守所,浙江省,台州市,椒江区
浙江省温州市瑞安市塘下镇上戴村新华西路000号,浙江省,温州市,瑞安市
浙江省-宁波市-江东区百丈东路0000号,浙江省,宁波市,江东区
鄞州区鄞江镇沿山村边家世纪华联,浙江省,宁波市,鄞州区
浙江杭州余杭区乔司镇三鑫工业园鑫园路00号0幢00楼外发部,浙江省,杭州市,余杭区
七星街道海洋城八楼二号门华为体验店,广西壮族自治区,桂林市,七星区
宁波市海曙区鄞奉路0000号,浙江省,宁波市,海曙区
浙江省诸暨市应店街镇天石岭村岭外大马铃,浙江省,绍兴市,诸暨市
泽国夹屿双峰村沿河路0号,湖南省,娄底市,双峰县
鲤城镇木兰滨河新村临云0号楼,福建省,泉州市,鲤城区
浙江省杭州市西湖区文新街道文一西路0000号高教新村,浙江省,杭州市,西湖区
浙江省杭州市余杭区五常街道联胜路0-0号0栋0楼东AAA售后,浙江省,杭州市,余杭区
浙江省平湖市新凯路0000号,浙江省,嘉兴市,平湖市
温州平阳县鳌江镇兴鳌服饰园区A0栋,浙江省,温州市,平阳县
温州龙港通港路电联,辽宁省,葫芦岛市,龙港区
浙江省温州市鹿城区中侨商场000A,浙江省,温州市,鹿城区
浙江省温州市乐清市柳市长江路0000号,浙江省,温州市,乐清市
浙江省杭州市余杭区万年桥路,浙江省,杭州市,余杭区
浙江温州鹿城区株浦路东明锦园对面工地,浙江省,温州市,鹿城区
浙江省金华市东阳市浙江东阳南市街道广丰月圹村,浙江省,金华市,东阳市
嘉兴市平湖市钟埭镇五一小区北区,浙江省,嘉兴市,平湖市
北京北京市丰台区大红门西前街十号加油站对面,北京市,北京市,丰台区
四川省绵阳市涪城区剑门路西段海珂三千城,四川省,绵阳市,涪城区
越城区胜利东路000号爱迪教育,浙江省,绍兴市,越城区
杭州市江干区下沙高沙小区,浙江省,杭州市,江干区
宁波余姚中山中路000号城北支局0楼,浙江省,宁波市,余姚市
杭州市上城区钱江路0号钱江国际商务中心,浙江省,杭州市,上城区
嘉兴市海宁市盐仓镇安澜路0000号,浙江省,嘉兴市,海宁市
东阳市白云街道小康路00巷0号,浙江省,金华市,东阳市
万昌中路温岭市电信局,浙江省,台州市,温岭市
临平北沙西路00号中铁逸都,浙江省,杭州市,临平区
浙江台州黄岩环城西路000号冬冬花店,浙江省,台州市,黄岩区
宁波市鄞州区高桥镇高桥南路油车弄,浙江省,宁波市,鄞州区
浙江省温州市鹿城区汤家桥北路英豪花园,浙江省,温州市,鹿城区
浙江省台州市临海市浙江省台州市临海市浙江省台州市临海市浙江省台州市临海市浙江省台州市临海市涌泉镇涌泉,浙江省,台州市,临海市
信阳市淮滨县王店乡张杨村双围沟,河南省,信阳市,淮滨县
象山县丹东街道靖南大街,浙江省,宁波市,象山县
义乌市戚继光路大路金村00栋0单元0楼,浙江省,金华市,义乌市
虎门镇新港金湾花园金富楼,广东省,珠海市,金湾区
广东湛江市赤坎区广东省湛江市_赤坎区北桥街道北桥二横路000号北苑花园00栋,广东省,湛江市,赤坎区
义乌市楼下村承德街000号,浙江省,金华市,义乌市
余杭区五星村八组0000号同意自取,浙江省,杭州市,余杭区
北京北京市市辖县浙江省顺溪镇菜场街,北京市,北京市,市辖县
浙江省嘉兴嘉善县成功路000号惠中船务,浙江省,嘉兴市,嘉善县
绍兴镜湖新区绍齐路通和不锈钢有限公司,浙江省,绍兴市,镜湖新区
浙江省宁波市象山县宁波象山丹城汇金大厦,浙江省,宁波市,象山县
浙江省嘉兴市浙江海宁尖山新区听潮路00号,浙江省,嘉兴市,海宁尖山新区
浙江省衢州市江山市金椅山庄_,浙江省,衢州市,江山市
浙江省温州市苍南县钱东路,浙江省,温州市,苍南县
浙江省杭州市西湖区杭州_转塘_朗郡南门_君悦阁,浙江省,杭州市,西湖区
浙江省绍兴市越城区越城区龙州花园00幢00单元,浙江省,绍兴市,越城区越城区
云南省曲靖市师宗县丹凤镇法杂村委会,云南省,曲靖市,师宗县
嘉兴市嘉善县天凝镇斜红南路000弄000号恩泉纺织有限公司,浙江省,嘉兴市,嘉善县
浙江温州平阳县万全镇下宋工业园_中国国望集团,浙江省,温州市,平阳县
婺城区回溪街000号锦绣金华东方巴黎,浙江省,金华市,婺城区
浙江省绍兴市绍兴县柯桥区柯岩中学,浙江省,绍兴市,绍兴县柯桥区
浙江省衢州市开化县江滨中路000号,浙江省,衢州市,开化县
安徽省阜南县段郢乡段北行政村杨楼,安徽省,阜阳市,阜南县
义乌市后宅街道曹村菜市场,浙江省,金华市,义乌市
浙江省杭州市上城区十五奎巷00幢0单元,浙江省,杭州市,上城区
浙江小温州市鹿城区南浦路王子花苑,浙江省,温州市,鹿城区
宁波镇海区俞范东路0000号生产基地宁波恒信检测,浙江省,宁波市,镇海区
浙江省台州市临海市浙江省临海市涌泉镇,浙江省,台州市,临海市
宁波市海曙区集士港集古路0000号,浙江省,宁波市,海曙区
湖南省_益阳市_赫山区_云雾山路创业园,湖南省,益阳市,赫山区
滨兴路000号滨江慧港A0幢,浙江省,杭州市,滨江区
浙江省温州市瑞安市云江标准厂房轻工区00号楼,浙江省,温州市,瑞安市
浙江省宁波市江北区人民路000弄000号日湖国贸中心,浙江省,宁波市,江北区
重庆市重庆市綦江区文龙街道马家坡廉租房,重庆市,重庆市,綦江区
奉化江口镇葭浦西路0000号浙江中烟宁波卷烟厂,浙江省,宁波市,奉化区
浙江省诸暨市江藻镇壁玉村燕窠0000号,浙江省,绍兴市,诸暨市
浙江省温州市苍南县中国浙江省衢州市常山县,浙江省,温州市,苍南县
浙江-杭州-余杭区阿里巴巴西溪园区,浙江省,杭州市,余杭区
浙江省宁波市北仑区大港五路000号,浙江省,宁波市,北仑区
温州市龙湾区海城街道龙瑞大道000号,浙江省,温州市,龙湾区
浙江省舟山市定海区塘街迎肺山镇,浙江省,舟山市,定海区
巴城镇古城路中杨包装公司,云南省,丽江市,古城区
安洲街道浙江省仙居县三桥村仙居外语学校初中部_000000,浙江省,台州市,仙居县
杭州市余杭区良睦路0000号互联网村0号楼,浙江省,杭州市,余杭区
齐齐哈尔市富拉尔基区红宝石街道铁西街区千城百,黑龙江省,齐齐哈尔市,富拉尔基区
河南省漯河市郾城区嵩山路西支昌建金融大厦,河南省,漯河市,郾城区
西湖区余杭塘路与五常港路交叉口中铁隧道集团项目部,浙江省,杭州市,西湖区
杭州市拱墅区丰潭路芳满庭,浙江省,杭州市,拱墅区
宁波市江北区长兴路盛世嘉苑00栋,浙江省,宁波市,江北区
库尔勒市新疆石化大道邮政大厦,新疆维吾尔自治区,巴音郭楞蒙古自治州,库尔勒市
浙江省绍兴市上虞市杭州湾工业园区东一区朝阳三路000号,浙江省,绍兴市,上虞市
宁波北仑冷仓万泉河路000号,浙江省,宁波市,北仑区
浙江省舟山市定海区机场路000号,浙江省,舟山市,定海区
安徽省灵璧县高楼镇高楼村十三组,安徽省,宿州市,灵璧县
宁波市江东区百丈东路00弄嘉汇国贸A座四楼,浙江省,宁波市,江东区
江东街道永胜小区000幢0单元,云南省,丽江市,永胜县
浙江省温州市平阳县昆阳镇阳岙村富强路000-0号,浙江省,温州市,平阳县
海盐县武原镇海兴西路000号,浙江省,嘉兴市,海盐县
义乌市国际商贸城0期00楼00号门00街,浙江省,金华市,义乌市
柯桥万国中心A座,浙江省,绍兴市,柯桥区
浙江省宁波市海曙区文昌街,浙江省,宁波市,海曙区
宁波余姚江南新城西区000幢,浙江省,宁波市,余姚市
浙江省金华市义乌市福田二区00幢,浙江省,金华市,义乌市
中国浙江省温州市鹿城区斋堂巷,浙江省,温州市,鹿城区
浙江省温州苍南县灵溪镇礼堂巷00号电联,浙江省,温州市,苍南县
温州市瓯海区慈湖南村荣昌路,浙江省,温州市,瓯海区
浙江省仙居县横溪镇上街村老街支路000-00号,浙江省,台州市,仙居县
南苑街道天万村天开河东,天津市,天津市,河东区
贵州省安顺市西秀区西航街道云马小区,贵州省,安顺市,西秀区
浙江省宁波市鄞州五乡中路000号建行档案库,浙江省,宁波市,鄞州区
余杭区杨浦街道新科路0号,浙江省,杭州市,余杭区
浙江省长兴县雉城镇孔家斗自然村,浙江省,湖州市,长兴县
浙江省温州市鹿城区大郎虞师里大厦A栋,浙江省,温州市,鹿城区
绍兴市柯桥区联合市场A区0楼,浙江省,绍兴市,柯桥区
慈溪市观海卫镇师桥三北东路000号,浙江省,宁波市,慈溪市
湖南省道县白马渡镇社复村0组,湖南省,永州市,道县
浙江省-温州市-苍南县灵溪镇_玉苍路000号_二楼,浙江省,温州市,苍南县
义乌城店南路0000号,浙江省,金华市,义乌市
湖北省宜昌市秭归县两河口镇宋家村三组,湖北省,宜昌市,秭归县
南京市栖霞区仙林大道学仙林校区,江苏省,南京市,栖霞区
萧山区瓜沥镇瓜党东路顺丰分拨中心门口,浙江省,杭州市,萧山区
瓯北镇双塔路0000号,辽宁省,锦州市,北镇市
上海上海市浦东新区洋泾街道栖山路000号,上海市,上海市,浦东新区
浙江省绍兴市柯桥区时代广场,浙江省,绍兴市,柯桥区
杭州江干区明石路0000号明石商业大厦,浙江省,杭州市,江干区
山阳亭卫公路0000号0幢,河南省,焦作市,山阳区
北京西城黄寺大街00号,北京市,北京市,西城区
浙江省杭州市下城区体育场路体东社区000号,浙江省,杭州市,下城区
北仑区大矸镇关圣桥场前路00号,浙江省,宁波市,北仑区
萧山区新塘街道西许工业园工业园,浙江省,杭州市,萧山区
中山北路西子花园望湖苑,辽宁省,大连市,中山区
金华京东区东湄工业区金源街000号,浙江省,金华市,京东区
宁波市海曙区镇明路000号_中信银行大厦,浙江省,宁波市,海曙区
北仑区春晓中七路00号0楼财务部,浙江省,宁波市,北仑区
浙江省杭州市江干区横塘三区,浙江省,杭州市,江干区
新城大道0000号中国人保财产保险分公司,内蒙古自治区,呼和浩特市,新城区
浙江省杭州市上城区民生路00-0号,浙江省,杭州市,上城区
浙江省杭州市浙江省杭州市余杭区闲林街道环岛路万科溪望舜杰工地,浙江省,杭州市,余杭区
浙江杭州江干区浙江工商大学-钱江湾生活园区000栋,浙江省,杭州市,江干区
柯桥蓝天商业中心华为体验店,浙江省,绍兴市,柯桥区
平阳县腾蛟镇昌荣路0000号,浙江省,温州市,平阳县
南湖区亚太路000号天通科技园000幢,浙江省,嘉兴市,南湖区
横岗街道深圳市龙岗区横岗大康下中村00号,广东省,深圳市,龙岗区
东阳市江北山口村新概念厂内,浙江省,金华市,东阳市
上海市-市辖区-奉贤区奉浦社区吴塘路0000弄000号,上海市,上海市,市辖区
东市街道五三中大道金永和酒店六楼前台,山西省,临汾市,永和县
浙江省杭州市富阳市场口镇开发区太阳山路00号,浙江省,杭州市,富阳市
浙江省杭州市拱墅区康桥街道水韵康桥康锦苑00幢00单元,浙江省,杭州市,拱墅区
广东省惠州市区博罗县福田镇营盘吓村工业区,广东省,惠州市,博罗县
贵州省麻江县谷硐镇商业街,贵州省,黔东南苗族侗族自治州,麻江县
湖州市吴兴区彩凤路000号,浙江省,湖州市,吴兴区
浙江省宁波市海曙区顺德路000-0号,浙江省,宁波市,海曙区
浙江省舟山市定海区临城工业园富丽岛路0000号鲨鱼制药机械有限公司,浙江省,舟山市,定海区
浙江省-杭州市-西湖区古墩路印象城九牧王专柜,浙江省,杭州市,西湖区
湖南省益阳市沅江市湖南省益阳市沅江市湖南省沅江市四季红镇五星村六组,湖南省,益阳市,沅江市
浙江省宁波市江北区中国浙江省金华市兰溪市杨龚线,浙江省,宁波市,江北区
柳城镇县前村太平南路000号,广西壮族自治区,柳州市,柳城县
浙江省杭州市西湖区文三路000号西溪数码港,浙江省,杭州市,西湖区
温州经济技术开发区滨海园区滨海二路0000号温州滨海保时捷中心,江苏省,盐城市,滨海县
浙江省温州市瑞安市东山街道浙江瑞安市下埠望江东路00号边轩,浙江省,温州市,瑞安市
温州乐清南岳镇杏三村村口电联,浙江省,温州市,乐清市
浙江省杭州市富阳市杭州市富阳市友谊村,浙江省,杭州市,富阳市
中国浙江省温州市鹿城区桥下路00弄-0-0号,浙江省,温州市,鹿城区
杭州市西湖区润达花园0幢0单元,浙江省,杭州市,西湖区
浙江省金华市义乌市五爱新村A区00幢,浙江省,金华市,义乌市
浙江省杭州市萧山区萧山科技城传化科创大厦A座,浙江省,杭州市,萧山区
跃龙街道桃源南路00弄000号,湖南省,常德市,桃源县
瓯北镇浦西工业区高驰机器,辽宁省,锦州市,北镇市
浙江省湖州市吴兴区星海名城0幢0单元,浙江省,湖州市,吴兴区
安徽省和县安丰镇谷贝村藤南队,安徽省,马鞍山市,和县
浙江省宁波市江北区浙江省宁波市江北区宁波市宁波大学本部公寓0幢,浙江省,宁波市,江北区
浙江省温州市鹿城区吴桥路00号,浙江省,温州市,鹿城区
浙江省湖州市吴兴区湖织大道,浙江省,湖州市,吴兴区
浙江省杭州市萧山区北干街道金城路金莱街000号-爱你宝贝摄影,浙江省,杭州市,萧山区
中国浙江省温州市乐清市呈祥路,浙江省,温州市,乐清市
浙江省杭州市拱墅区康桥街道康惠路0号,浙江省,杭州市,拱墅区
台州玉环芦浦医药包装工业园区,浙江省,台州市,玉环市
余杭区星桥街道天星苑,浙江省,杭州市,余杭区
浙江省宁波市余姚市南雷里0栋,浙江省,宁波市,余姚市
滨海新区十八路碧桂圆,天津市,天津市,滨海新区
杭州市滨江区滨安路0000号华业科技园0号楼0楼,浙江省,杭州市,滨江区
杭州市下城区重机巷00号,浙江省,杭州市,下城区
萧山区北干二苑新安寓小区00幢0单元,浙江省,杭州市,萧山区
浙江省桐乡市复兴南路000-000号00楼,浙江省,嘉兴市,桐乡市
杭州市拱墅区上塘路000-00号新青年广场裙楼,浙江省,杭州市,拱墅区
台州市黄岩区新前西范街道市场内,浙江省,台州市,黄岩区
四川省渠县李馥乡灯塔0队,四川省,达州市,渠县
临平街道星光街0000号,浙江省,杭州市,临平区
滨江区盛元慧谷00栋0单元,浙江省,杭州市,滨江区
浙江绍兴柯桥裕民路碟庄0栋,浙江省,绍兴市,柯桥区
上城区紫荆观巷,浙江省,杭州市,上城区
横溪镇上街花园新村,河南省,郑州市,上街区
浙江省江山市上余镇方家村岗头00号,浙江省,衢州市,江山市
双江街道客运站旁同心斋饭店,宁夏回族自治区,吴忠市,同心县
浙江省乐清市柳市镇楼下村,浙江省,温州市,乐清市
浙江省绍兴市柯桥区柯桥北0区0楼,浙江省,绍兴市,柯桥区
浙江省衢州市柯城区双港中路速运营业点原单号,浙江省,衢州市,柯城区
浙江省温州市鹿城区温州时代广场0楼江南布衣,浙江省,温州市,鹿城区
千岛湖镇坪山工业园区天湖甲著售楼处,陕西省,安康市,镇坪县
浙江省余杭区余杭街道狮山路0000-00号月荷印象精品酒店前台,浙江省,杭州市,余杭区
浙江省湖州市安吉县递铺镇安城村村委,浙江省,湖州市,安吉县
上海上海市奉贤区海泉路000号上海应用技术大学奉贤校区,上海市,上海市,奉贤区
浙江省诸暨市东白湖镇英坑村00号,浙江省,绍兴市,诸暨市
浙江省杭州市余杭区浙江省杭州市余杭区亿丰,浙江省,杭州市,余杭区
安徽省淮北市相山区中国浙江省宁波市镇海区东明路000号,安徽省,淮北市,相山区
浙江省杭州市余杭区仓前镇龙潭路00号安通科技园,浙江省,杭州市,余杭区
河南省商城县双椿铺镇仙桥村,河南省,信阳市,商城县
浙江省台州路桥区国际塑料城0楼南区电联,浙江省,台州市,路桥区
萧山区临浦镇峙山西苑00幢0单元,浙江省,杭州市,萧山区
浙江省杭州市江干区香樟路0号泛海国际中心A座,浙江省,杭州市,江干区
浙江省温州市龙湾区机场大道0000号00楼,浙江省,温州市,龙湾区
金华义乌市稠州西路000号电联,浙江省,金华市,义乌市
江西省赣州市上犹县紫阳乡店背村000号,江西省,赣州市,上犹县
浙江省温州市鹿城区昆仑路00号,浙江省,温州市,鹿城区
海宁市启潮路000号-0楼,浙江省,嘉兴市,海宁市
浙江省温州市龙湾区滨海二道0000号,浙江省,温州市,龙湾区
浙江省宁波市鄞州区南部商务区罗蒙大厦,浙江省,宁波市,鄞州区
浙江省绍兴市越城区皋埠镇东湖村钨子楼,浙江省,绍兴市,越城区
浙江杭州下城区京都苑00幢,浙江省,杭州市,下城区
宁波市余姚市模具城,浙江省,宁波市,余姚市
象山县涂茨镇钱仓村基督教堂旁,浙江省,宁波市,象山县
浙江省湖州市南浔区练市镇花林村村委,浙江省,湖州市,南浔区
松门乡西区00栋00单元,四川省,攀枝花市,西区
浙江省温州市永嘉县桥下镇河沿路00号,浙江省,温州市,永嘉县
浙江省台州市路桥区_峰江街道工业园区,浙江省,台州市,路桥区
浙江金华市永康市浙江省金华市_永康市城西新区上田桥隔山头000号,浙江省,金华市,永康市
江苏省-常州市-钟楼区松式路00号,江苏省,常州市,钟楼区
浙江省绍兴市嵊州市江一路00号嵊州凯丽服饰有限公司,浙江省,绍兴市,嵊州市
永嘉县黄田镇千石京海成锁厂,浙江省,温州市,永嘉县
浙江省宁波市江北区长阳路000号,浙江省,宁波市,江北区
杭州市萧山区闻堰镇五金路00号四楼,浙江省,杭州市,萧山区
山西省太原市尖草坪区解放北路000号,山西省,太原市,尖草坪区
广东省-惠州市-市辖区惠东吉隆,广东省,惠州市,市辖区惠东
浙江省桐乡市文华小区,浙江省,嘉兴市,桐乡市
义乌国际生产资料市场00楼000街,浙江省,金华市,义乌市
浙江省义乌市廿三里街道陈陀村竺阳路0000号,浙江省,金华市,义乌市
浙江省宁波市宁海县桃源街道科园北路000号,浙江省,宁波市,宁海县
宁波余姚市低塘街道姆湖村张巷0000号,浙江省,宁波市,余姚市
浙江省嘉兴市嘉善县长江路000号浙江华悦木业有限公司,浙江省,嘉兴市,嘉善县
新洲路新洲国际大酒店,湖北省,武汉市,新洲区
福海街道金牛小区金兰苑0栋,新疆维吾尔自治区,阿勒泰地区,福海县
浙江省瑞安市西门沿江西路000号,浙江省,温州市,瑞安市
辽宁省鞍山市千山区大屯镇大屯镇郭记火锅,辽宁省,鞍山市,千山区
义乌市新马路菜市场昆仑建设监理办公室,浙江省,金华市,义乌市
河南省郑州市管城回族区陇海路街道厂街豫泰通讯,河南省,郑州市,管城回族区
浙江省乐清市黄华镇前京村,浙江省,温州市,乐清市
浙江省杭州市临安市淤潜镇绿筠街000号,浙江省,杭州市,临安市
金华磐安县安文镇台口新村000号0楼电联,浙江省,金华市,磐安县
拱墅区湖墅南路信义坊商街00-00号电联,浙江省,杭州市,拱墅区
海宁市盐仓启潮路000号,浙江省,嘉兴市,海宁市
南京市江宁区众彩物流蔬菜市场A区,江苏省,南京市,江宁区
浙江省义乌市佛堂镇双林路000号,浙江省,金华市,义乌市
桥南开发区红灿路0000号二楼,天津市,天津市,南开区
清江镇小东塘村朝阳路000号,北京市,北京市,朝阳区
永康市经济开发区西山路0号000号鞋邦塑业,浙江省,金华市,永康市
环城北路000号云天财富中心南侧0楼一麦大酒店,青海省,西宁市,城北区
浙江省杭州市余杭区五星工业园,浙江省,杭州市,余杭区
湖北省武汉市黄陂区汉口大道广州箱包城七楼A0区,湖北省,武汉市,黄陂区
浙江省永康市九州西路0000号,浙江省,金华市,永康市
浙江省宁波市江北区江北区海川路000号,浙江省,宁波市,江北区江北区
浙江省杭州市下城区坤和中心潍坊银行,浙江省,杭州市,下城区
浙江省温州市平阳县雅河路000号,浙江省,温州市,平阳县
温州市鹿城区吴桥路000号,浙江省,温州市,鹿城区
浙江省金华市浦江县中山南路00号,浙江省,金华市,浦江县
福建省宁德市屏南县东环路六巷十二弄0号,福建省,宁德市,屏南县
浙江省绍兴市诸暨市西施大街000号0单元,浙江省,绍兴市,诸暨市
浙江省龙游县竹景花园,浙江省,衢州市,龙游县
温岭市万昌中路000号中国银行温岭支行电联,浙江省,台州市,温岭市
浙江省温州市乐清市乐清市乐清柳市镇四通物流门口电联,浙江省,温州市,乐清市乐清市乐清
北京北京市朝阳区樱花东街甲0号,北京市,北京市,朝阳区
乔司街道永玄路00号永和大厦,山西省,临汾市,永和县
浙江省宁波市鄞州区望春工业园区杉海路000-0号六幢0楼,浙江省,宁波市,鄞州区
浙江省杭州市下城区体育场路0000号民航售票处0楼哼哈口腔医院,浙江省,杭州市,下城区
绍兴市越城区稽山街道曹江路,浙江省,绍兴市,越城区
椒江区下城街道椒洋小区,浙江省,台州市,椒江区
是吴兴区兴华府六幢,浙江省,湖州市,吴兴区
浙江省温州市苍南县龙港镇洪口路000号,浙江省,温州市,苍南县
嘉兴市海宁市海昌街道双联路,浙江省,嘉兴市,海宁市
浙江省宁波市镇海区庄市街道书香丽景小区,浙江省,宁波市,镇海区
浙江省杭州市西湖区万塘路0号黄龙时代广场-A座,浙江省,杭州市,西湖区
浙江省台州市温岭市大飞机电,浙江省,台州市,温岭市
余杭区临平兴旺工业城宏达路000号,浙江省,杭州市,余杭区
潍坊市临朐县新华路000号,山东省,潍坊市,临朐县
绍兴诸暨市望江二路00号洁丽雅,浙江省,绍兴市,诸暨市
浙江省金华市婺城区上城锦苑,浙江省,金华市,婺城区
宁波市鄞州区云龙镇云莫路000号,浙江省,宁波市,鄞州区
浙江省金华市婺城区八达中路000号,浙江省,金华市,婺城区
陕西省咸阳市兴平市东城操场东巷00号,陕西省,咸阳市,兴平市
湖南省娄底市市辖区铁路机务段新月苑小区00栋,湖南省,娄底市,市辖区
西丽街道九祥岭西区00栋,四川省,攀枝花市,西区
百丈东路甬港南路交汇处东城百汇,广西壮族自治区,贵港市,港南区
杭州市江干区九堡镇九和路,浙江省,杭州市,江干区
天台县始丰街道和合北路中央花园,浙江省,台州市,天台县
浙江省杭州市滨江区滨安路0000号,浙江省,杭州市,滨江区
江西省上饶市玉山县冰溪镇财政局对面兴达小区,江西省,上饶市,玉山县
平河西路大观花园000栋0单元,天津市,天津市,河西区
广东省深圳市南山区新保辉大厦000层白夜旗舰店售后组,黑龙江省,鹤岗市,南山区
湖北省武汉市汉阳区马鹦路江腾苑路江腾苑A区0栋,湖北省,武汉市,汉阳区
金华东阳虎鹿镇中横街000号供电所,浙江省,金华市,东阳市
绍兴越城区孙端镇许家埭村单家埭000号,浙江省,绍兴市,越城区
山西省忻州市五台县石咀乡化桥对面宝玉加水站,山西省,忻州市,五台县
瑞安开发区开发六路,浙江省,温州市,瑞安市
新疆阿克苏市农一师塔里木建筑安装工程总公司社保中心,新疆维吾尔自治区,阿克苏地区,阿克苏市
苍南县灵溪镇城北小区,浙江省,温州市,苍南县
温州市瓯海区郭溪镇下屿工业区富达路00号金鼎,浙江省,温州市,瓯海区
河北省秦皇岛市抚宁区榆关镇阿旭女子专业烫染,河北省,秦皇岛市,抚宁区
浦江县中山南路财富金座,浙江省,金华市,浦江县
金华义乌市江东街道樊村000栋0单元,浙江省,金华市,义乌市
蜀山街道,安徽省,合肥市,蜀山区
浙江宁波余姚市中山家园,浙江省,宁波市,余姚市
金华义乌福田市场A区,浙江省,金华市,义乌市
上海市浦东新区源深路000号门诊部,上海市,上海市,浦东新区
浙江省温岭市泽国镇丹崖工业区,浙江省,台州市,温岭市
台州温岭市万昌中路民政局,浙江省,台州市,温岭市
乌鲁木齐市新市区新联路000号景辉小区0号楼00单元,新疆维吾尔自治区,乌鲁木齐市,新市区
海曙区维科上院--,浙江省,宁波市,海曙区
袍江工业西区,四川省,攀枝花市,西区
暨阳街道市南路000号越美集团进出口部,山东省,青岛市,市南区
浙江省金华市东阳市东阳市东阳吴宁镇河头路00号,浙江省,金华市,东阳市东阳市东阳
福田区东方时代A座,广东省,深圳市,福田区
浙江省丽水市龙泉市剑池街道南秦联建房A0幢,浙江省,丽水市,龙泉市
新昌县南明路0000号大台家,浙江省,绍兴市,新昌县
温州市龙湾区浙江省温州市龙湾区星海街道温州经济开发区滨,浙江省,温州市,龙湾区
浙江省温州市永嘉县浙江省温州市永嘉县桥下镇A后街000号,浙江省,温州市,永嘉县
杭州拱墅区丰庆路000号世纪联华超市0楼,浙江省,杭州市,拱墅区
浙江省金华市永康市长城村,浙江省,金华市,永康市
温州市瓯海区郭溪镇梅雨东路_00号,浙江省,温州市,瓯海区
义乌国际商贸城四区00号门0楼00街,浙江省,金华市,义乌市
浙江省义乌市城西街道孙村000栋,浙江省,金华市,义乌市
浙江省杭州市西湖区紫荆花路00号联合大厦A座0单元,浙江省,杭州市,西湖区
浙江省温州市鹿城区温迪路000号雄鹰组团00幢、,浙江省,温州市,鹿城区
嘉兴市嘉善县魏塘街道解放东路,浙江省,嘉兴市,嘉善县
浙江绍兴市柯桥区柯北经济开发区曙光路000号,浙江省,绍兴市,柯桥区
宁波鄞州区阳光丽园0期,浙江省,宁波市,鄞州区
嘉兴海盐县武原镇邮电新村门卫室,浙江省,嘉兴市,海盐县
鄞州区云林中路0000号远成快运,浙江省,宁波市,鄞州区
浙江省杭州市西湖区西斗门路0号,浙江省,杭州市,西湖区
八公山镇八公山区蔡洼村,安徽省,淮南市,八公山区
浙江杭州上城区甘王路进江新村,浙江省,杭州市,上城区
浙江省台州市玉环县清港工业区农业观光园边上电商创业园0楼,浙江省,台州市,玉环县
浙江省温州市乐清市柳市镇潭头村龙鑫路00号00楼,浙江省,温州市,乐清市
福建省厦门市思明区福建省厦门市思明区莲前街道前埔中二路0000号九楼联亿公司,福建省,厦门市,思明区
浙江省金华市义乌市佛堂镇起鸣村东坎头村停车场,浙江省,金华市,义乌市
浙江省温州市瓯海区茶山街道山根村雀力组团,浙江省,温州市,瓯海区
浙江杭州江干秋清路0000号,浙江省,杭州市,江干
城关镇采桑村采桑中路00号,西藏自治区,拉萨市,城关区
浙江宁波市鄞州区集士港镇祝家桥村宁波市爱使电器有限公司,浙江省,宁波市,鄞州区
浙江省宁波市奉化市江口街道江峰路00号,浙江省,宁波市,奉化市
牛极村横山线黄岩泽骏塑业有限公司,陕西省,榆林市,横山区
星海南路00号涌金大厦0楼,内蒙古自治区,乌海市,海南区
浙江省浦江县月泉东路万达别墅,浙江省,金华市,浦江县
陕西省西安市雁塔区曲江街道芙蓉西路航天御苑,陕西省,西安市,雁塔区
绍兴市绍兴县柯岩街道独山路余渚工业区,浙江省,绍兴市,绍兴县
浙江省台州市路桥区金清镇金鹏工业园_金鹏路,浙江省,台州市,路桥区
宁波江东区和丰创意广场和庭楼00楼电联,浙江省,宁波市,江东区
浙江省温州市苍南县龙港镇西六街00号收回单,浙江省,温州市,苍南县
湖州市吴兴区观凤大厦A座,浙江省,湖州市,吴兴区
浙江省杭州市西湖区双浦镇骆家埭,浙江省,杭州市,西湖区
拱墅区祥云路00号香槟之约园A区,浙江省,杭州市,拱墅区
浙江绍兴市越城区城区东双桥公寓00栋,浙江省,绍兴市,越城区城区
温州市龙湾区涌江路00号,浙江省,温州市,龙湾区
湖北省武汉市洪山区武珞路000号,湖北省,武汉市,洪山区
嘉兴市南湖区中环广场A座邮储银行,浙江省,嘉兴市,南湖区
金华永康城南路0000号国友麻将机专卖,浙江省,金华市,永康市
浙江省金华市义乌市银海一区00栋0单元,浙江省,金华市,义乌市
陕西省榆林市府谷县田家寨镇邮政局,陕西省,榆林市,府谷县
浙江省杭州市江干区九和路00号0栋,浙江省,杭州市,江干区
湖北省咸宁市通山县双泉小区莲花小区美厂宿舍,湖北省,咸宁市,通山县
浙江省舟山市普陀区沈家门街道平渔路00号,上海市,上海市,普陀区
杭州萧山宁微街道合丰丰西路000号佳丰南苑西门,浙江省,杭州市,萧山区
长安镇高新区启潮路00号00幢,河北省,石家庄市,长安区
浙江省湖州市吴兴区织里镇秦家港六楼,浙江省,湖州市,吴兴区
龙川西路00号西城供电所,广东省,河源市,龙川县
浙江省温州市瓯海区茶山街道大学城温州大学区,浙江省,温州市,瓯海区
浙江省仙居县南峰街道管山村000号,浙江省,台州市,仙居县
浙江省义乌市北苑工业区四季四区000栋0单元地下仓库,浙江省,金华市,义乌市
西藏自治区那曲地区嘉黎县阿扎镇那曲地区嘉黎县民宗局,西藏自治区,那曲市,嘉黎县
浙江省东阳市吴宁东路六号新光太平洋,浙江省,金华市,东阳市
陕西省西安市莲湖区唐延路北段00号中国银行,陕西省,西安市,莲湖区
福建省厦门市思明区嘉莲街道长青路0-0号美印良本九楼,福建省,厦门市,思明区
浙江省温州市龙湾区永兴街道滨海四道0000号,浙江省,温州市,龙湾区
海曙区集士港万科金色城市,浙江省,宁波市,海曙区
浙江台州黄岩区院桥镇永乐村好又多超市对面,浙江省,台州市,黄岩区
浙江省杭州市西湖区浙江省杭州市西湖区三墩镇厚仁路0000号新天地商业中心00幢,浙江省,杭州市,西湖区
仓前街道高桥工业区万和路北门,河北省,唐山市,路北区
浙江金华市婺城区金西大道000号金西点部,浙江省,金华市,婺城区
沙河街道内蒙古包头市九原区哈屯路振翔小区斜对面后山羊骨头莜面村收,内蒙古自治区,包头市,九原区
浙江省绍兴越城区群贤东路0000号,浙江省,绍兴市,越城区
浙江省杭州市_柯桥区万商路路,浙江省,绍兴市,柯桥区
浙江省绍兴市绍兴县柯桥区笛扬路0000号绍兴市柯桥区中医医院,浙江省,绍兴市,柯桥区
宁波市鄞州区四明东路0000号,浙江省,宁波市,鄞州区
浙江省乐清市虹桥镇幸福东路国威电子,浙江省,温州市,乐清市
凤城镇凤尾花园000幢0000单元,辽宁省,丹东市,凤城市
天一广场旗杆巷000号海曙交警大队一中队,浙江省,宁波市,海曙区
金华义乌市江东街道九联塔下村00栋0单元地下室,浙江省,金华市,义乌市
凤凰街道渔沙坦蓝屋新街0巷00号,湖南省,湘西土家族苗族自治州,凤凰县
西湖区文山路0000号中国银行,浙江省,杭州市,西湖区
拱墅区莫干山路0000号创意产业园,浙江省,杭州市,拱墅区
浙江省衢州市龙游县城南万博龙公司,浙江省,衢州市,龙游县
浙江省金华义乌市义乌后宅街道鹤田村,浙江省,金华市,义乌市义乌
吴兴区织里镇富康路00号门口电联,浙江省,湖州市,吴兴区
铭雅苑西区00幢六单元,四川省,攀枝花市,西区
金华义乌九联综合楼000栋,浙江省,金华市,义乌市
浙江省杭州市西湖区文三路0000号华星时代广场A座0楼,浙江省,杭州市,西湖区
椒江区邮政速递椒江营业部中国人保,浙江省,台州市,椒江区
贵州省-安顺市-平坝县白云镇计生站,贵州省,安顺市,平坝县
永嘉县瓯北镇双塔路00幢,浙江省,温州市,永嘉县
浙江省杭州市萧山区宁围镇顺发康庄三幢,浙江省,杭州市,萧山区
浙江省诸暨市福田花园锦绣居九单元,浙江省,绍兴市,诸暨市
浙江省宁波市余姚市低塘街道历幼新村,浙江省,宁波市,余姚市
浙江宁波江东区甬港北路00弄000号,浙江省,宁波市,江东区
浙江省嘉兴市嘉善县浙江省嘉兴市嘉善县姚庄镇宝群路0000号,浙江省,嘉兴市,嘉善县
浙江省绍兴市柯桥区福全镇五祥纺机院内,浙江省,绍兴市,柯桥区
拱墅区上塘路瓜山北苑,浙江省,杭州市,拱墅区
辽宁省葫芦岛市兴城市钓鱼台路000号,辽宁省,葫芦岛市,兴城市
萧山区城厢街道东阳桥,浙江省,杭州市,萧山区
浙江省温州市龙湾区钱江路0000号温州故事00楼心之语,浙江省,温州市,龙湾区
山东省枣庄市薛城区常庄镇常庄工业园众合矿山机械有限公司,山东省,枣庄市,薛城区
浙江省温州市瓯海区繁盛路000号,浙江省,温州市,瓯海区
浙江省杭州市余杭区余杭街道仙宅村,浙江省,杭州市,余杭区
浙江省余姚市牟山镇东吴村,浙江省,宁波市,余姚市
江苏省-苏州市-市辖区0000号,江苏省,苏州市,市辖区
杭州市西湖区振中路,浙江省,杭州市,西湖区
浙江省丽水市莲都区瑞光花苑0栋,浙江省,丽水市,莲都区
浙江绍兴市嵊州市甘霖镇白泥墩村,浙江省,绍兴市,嵊州市
温州市鹿城区黄龙住宅区康华路000号,浙江省,温州市,鹿城区
当湖街道育才路0000号平湖市教师进修学校,浙江省,嘉兴市,平湖市
永康市石柱镇百福临大道000号,浙江省,金华市,永康市
浙江省温州市瑞安市浙江省温州市瑞安市仙降街道,浙江省,温州市,瑞安市
舟山市定海区环城东路万民诊所,浙江省,舟山市,定海区
宁波宁海县西甸镇滨海路口阳光幼儿园对面,浙江省,宁波市,宁海县
明石路滨江金色黎明三期000幢0单元,浙江省,杭州市,滨江区
浙江省宁波市慈溪市菜场路师桥淹浦桥,浙江省,宁波市,慈溪市
浙江省金华市义乌市后宅街道遗安二区000号0单元,浙江省,金华市,义乌市
浙江省绍兴诸暨市大唐镇广粤荟0楼天丽化妆品,浙江省,绍兴市,诸暨市
浙江省温州市苍南县环城东路,浙江省,温州市,苍南县
浙江省台州市临海市大田街道孔岙村,浙江省,台州市,临海市
浙江省宁波市慈溪市慈东工业区日显北路000号,浙江省,宁波市,慈溪市
浙江省杭州市拱墅区大关街道大关路万通中心A座,浙江省,杭州市,拱墅区
新华南路000号白金汉爵大酒店平湖店,河北省,石家庄市,新华区
浙江省金华义乌市银海三区,浙江省,金华市,义乌市
湖南省常德市石门县磨石镇岩塌村三组,湖南省,常德市,石门县
上海上海市黄浦区上海市浦东新区三林路0000弄000号,上海市,上海市,黄浦区
杭州余杭区塘栖镇0小区,浙江省,杭州市,余杭区
浙江省台州市天台县坦头镇坦头工业区市场路00号,浙江省,台州市,天台县
浙江-宁波-象山县高塘岛乡江南村,浙江省,宁波市,象山县
鹿城区东龙路0号华瑞园,浙江省,温州市,鹿城区
浙江省义乌市国际商贸城,浙江省,金华市,义乌市
浙江省杭州市西湖区灯彩街0000号华彩国际0栋,浙江省,杭州市,西湖区
浙江温州鹿城蒲鞋市新村000栋,浙江省,温州市,鹿城区
桐乡市桐福镇桐福皮毛市场,浙江省,嘉兴市,桐乡市
舟山市定海区解放西路000号二楼采购部,浙江省,舟山市,定海区
浙江省杭州市滨江区杭州市滨江区江南大道0000号00幢一层,浙江省,杭州市,滨江区
绥山镇西城街000号名山花园一期七十栋,北京市,北京市,西城区
南湖区城南中学对面如家酒店门口电联,浙江省,嘉兴市,南湖区
浙江-温州-龙湾区河东巷九号,浙江省,温州市,龙湾区
温州苍南灵溪镇玉南二街000号,浙江省,温州市,苍南县
义乌国际商贸城五区五楼00街,浙江省,金华市,义乌市
浙江省温州市瑞安市朝阳路,浙江省,温州市,瑞安市
浙江省嘉兴市平湖市富嘉苑0幢0单元,浙江省,嘉兴市,平湖市
浙江省杭州市余杭区临平华鼎公寓00幢,浙江省,杭州市,余杭区
浦口香提墅000幢/,江苏省,南京市,浦口区
浙江省嘉兴市海盐县南塘琴园一期00幢,浙江省,嘉兴市,海盐县
昆阳民丰小区00幢0单元,新疆维吾尔自治区,和田地区,民丰县
浙江省杭州市下城区石桥镇八角凉亭,浙江省,杭州市,下城区
绍兴绍兴县安昌镇人民医院对面之江宾馆电联,浙江省,绍兴市,绍兴县
西湖区文一西路湖畔花园南大门电联,浙江省,杭州市,西湖区
临平镇迎宾路000号美莱国际0幢,浙江省,杭州市,临平区
浙江省宁波市慈溪市匡堰镇王家埭横丰路00号,浙江省,宁波市,慈溪市
浙江省衢州市常山县芳村镇,浙江省,衢州市,常山县
宁波江东区中山东路000号解放军000医院,浙江省,宁波市,江东区
西城模具城星球礼品有限公司,北京市,北京市,西城区
浙江省杭州市江干区杭州市江干区和谐嘉园东苑,浙江省,杭州市,江干区
绍兴市绍兴县安昌镇安昌路,浙江省,绍兴市,绍兴县
鄞州区学府路000号宁波卫生职业技术学院电联,浙江省,宁波市,鄞州区
浙江省杭州市江干区丁桥镇后珠家苑,浙江省,杭州市,江干区
浙江省绍兴市镜湖新区凤林西路0000号市行政服务中心八楼,浙江省,绍兴市,镜湖新区
宁波北仑井冈山路00号,浙江省,宁波市,北仑区
浙江省温州市苍南县灵溪镇上林一街,浙江省,温州市,苍南县
浙江省杭州市萧山区所前镇祥里王村观前路000号,浙江省,杭州市,萧山区
山东省威海市环翠区田和街道仁和佳苑000号楼,山东省,威海市,环翠区
浙江省温州市平阳县平阳县海西镇斗南新区,浙江省,温州市,平阳县平阳县
义乌市北苑街道雪峰西路0号,浙江省,金华市,义乌市
宁波慈溪市龙山镇山北龙华毛绒电联,浙江省,宁波市,慈溪市
浙江省杭州市余杭区星桥街道藕花州大街西段擎天半岛000幢0单元,浙江省,杭州市,余杭区
城关街道湖滨路000号九州会所0楼,西藏自治区,拉萨市,城关区
下沙经济技术开发区华景路与上沙路交叉口龙湖滟澜山,广东省,汕头市,龙湖区
余姚市三七市镇工业园区,浙江省,宁波市,余姚市
台州黄岩环城东路000号电联,浙江省,台州市,黄岩区
浙江省杭州市上城区庆春路00号凯旋门商业中心000层中国人民健康保险股份有限公司杭州中心支公司,浙江省,杭州市,上城区
浙江省宁波市北仑区小港街道孔墅村胡家塔0000号,浙江省,宁波市,北仑区
浙江省拱墅区古运路000号古运大厦000楼电联,浙江省,杭州市,拱墅区
浙江省东阳市江北街道蝉院小区西0栋,浙江省,金华市,东阳市
浙江省舟山市普陀区人民医院病理科沈新东港文康路000号,上海市,上海市,普陀区
玉山镇熊庄路00号厂区0号仓库,江西省,上饶市,玉山县
浙江省杭州市西湖区流芳苑00幢0单元,浙江省,杭州市,西湖区
余杭塘路0000号浙江大学紫金港校区农生环,浙江省,杭州市,余杭区
浙江省温州市苍南县龙美路000号,浙江省,温州市,苍南县
平桥镇朝阳西路九巷,河南省,信阳市,平桥区
河北省邢台市南宫市复兴路信和商厦斜对面腾兴脚垫厂,河北省,邢台市,南宫市
浙江省温州市龙湾区滨海园区五道00路000号,浙江省,温州市,龙湾区
海宁市袁花镇新袁路00号,浙江省,嘉兴市,海宁市
温州乐清市城关镇南大街鲤鱼巷三号,浙江省,温州市,乐清市
慈溪市横河镇洋山岗后胡家00号,浙江省,宁波市,慈溪市
浙江省杭州市拱墅区假山路新新年广场,浙江省,杭州市,拱墅区
鄞州区邱隘镇盛莫路宜家花园,浙江省,宁波市,鄞州区
福建省泉州市晋江市曾井八八商业城A幢,福建省,泉州市,晋江市
浙江省温州市永嘉县张堡商业街00号,浙江省,温州市,永嘉县
浙江省温州市瑞安市城区锦湖街道白象村安康路00号,浙江省,温州市,瑞安市城区
万源路000弄000号五楼,四川省,达州市,万源市
杭州市余杭区临平镇星桥街道星发街000号,浙江省,杭州市,余杭区
临江工业园纬六路0000号南厂区台鹰电动汽车,吉林省,白山市,临江市
浙江-宁波-江东区江南路0000号九五商务大厦A座00楼,浙江省,宁波市,江东区
浙江省绍兴市越城区皋埠镇仁渎村中亚工贸园,浙江省,绍兴市,越城区
敦煌南街000号-00门洞,甘肃省,酒泉市,敦煌市
浙江省杭州市西湖区翠苑街道文0路翠柏路000号,浙江省,杭州市,西湖区
温州瓯海区瓯海大道0000号,浙江省,温州市,瓯海区
东港一路000号衢州市瑞锋机动车部件有限公司,辽宁省,丹东市,东港市
浙江省杭州市富阳市东望路东箭电商产业园,浙江省,杭州市,富阳市
金华永康龙山镇镇政府门口电联,浙江省,金华市,永康市
东阳木雕城A区,浙江省,金华市,东阳市
宁波市江东区百丈东路王家弄00号北楼0A,浙江省,宁波市,江东区
宁波江东民安路百姓人家,浙江省,宁波市,江东
江苏省常熟市尚湖镇王庄车路坝胖姐超市,江苏省,苏州市,常熟市
浦江县前吴乡朱桥村毛田脚000号,浙江省,金华市,浦江县
宁波市鄞州区启明路0000号,浙江省,宁波市,鄞州区
宁波余姚市泗门镇共济路00号,浙江省,宁波市,余姚市
浙江省宁波市鄞州区宁南北路000号,浙江省,宁波市,鄞州区
浙江省嘉兴市平湖市海德城凤鸣苑00幢0单元,浙江省,嘉兴市,平湖市
广东省广州市花都区中国浙江省金华市义乌市口岸路,广东省,广州市,花都区
贵州省台江县第三中学0年级00班,贵州省,黔东南苗族侗族自治州,台江县
临平东大街00号锺赐皇燕,浙江省,杭州市,临平区
浙江省海宁市长安镇肖王00组航海家服饰有限公司,浙江省,嘉兴市,海宁市
浙江省宁波市北仑区霞浦街道九峰小区凤凰警务室,浙江省,宁波市,北仑区
浙江省温州市鹿城区望江东路000号,浙江省,温州市,鹿城区
黑龙江省哈尔滨市道里区搞活经济,黑龙江省,哈尔滨市,道里区
金华义乌市上溪镇吴店新民村后塘街000号电联,浙江省,金华市,义乌市
辽宁省鞍山市海城市鞍山市,辽宁省,鞍山市,海城市
金华义乌市北苑街道凌云二区00栋00单元,浙江省,金华市,义乌市
桐乡市濮院镇恒乐路000号,浙江省,嘉兴市,桐乡市
柯桥北八区,浙江省,绍兴市,柯桥区
山东省济宁市嘉祥县山水嘉园00号楼,山东省,济宁市,嘉祥县
浙江省杭州市余杭区迎宾路0000号000栋,浙江省,杭州市,余杭区
德清县武康镇五里台路0000号可爱可亲母婴店,浙江省,湖州市,德清县
浙江省温州市鹿城区双屿二期,浙江省,温州市,鹿城区
浙江温州苍南金乡镇金城路000-0号,浙江省,温州市,苍南县
南浔建材城,浙江省,湖州市,南浔区
宁波市鄞州区横溪镇直街00号,浙江省,宁波市,鄞州区
龙港仪邦工业园00栋,辽宁省,葫芦岛市,龙港区
慈溪市横河镇秦堰村叶家兴广金属软管厂,浙江省,宁波市,慈溪市
绍兴市越城区五泄路000号,浙江省,绍兴市,越城区
新罗区东街道龙腾花园0号楼,福建省,龙岩市,新罗区
义乌市青口经济开发区曙光北路00号新屋家纺大门四楼,浙江省,金华市,义乌市
是路桥街道路桥机电五金城,浙江省,台州市,路桥区
浙江温州平阳县滨海新区阳屿路000号正格制品,浙江省,温州市,平阳县滨海新区
河北省保定市高碑店市天阔第一城,河北省,保定市,高碑店市
金华永康市芝英镇下西坑村路口宏亚家居,浙江省,金华市,永康市
上城区清波街000号网客网咖,浙江省,杭州市,上城区
贵州省遵义市务川县大坪务川中学高二00班,贵州省,遵义市,务川县
滨海四路0000号宁波豪润汽车部件有限公司,江苏省,盐城市,滨海县
浙江省金华市义乌市荷花南街0000号,浙江省,金华市,义乌市
浙江省台州市路桥区路南街道西迎宾大道四号浙江方林汽车城有限公司综合大楼六楼市场部,浙江省,台州市,路桥区
北京市朝阳区朝外大街道000号人寿大厦0层,北京市,北京市,朝阳区
浙江省瑞安市安阳街道东方商务广场A座六单元,浙江省,温州市,瑞安市
温州市洞头区邮电路000号,浙江省,温州市,洞头区
浙江省温州市文成县栖云路0-000号,浙江省,温州市,文成县
浙江金华金东区孝顺镇府后路冠洋电子科技有限公司,浙江省,金华市,金东区
义乌国际商贸城0区,浙江省,金华市,义乌市
浙江省杭州市余杭区浙江省杭州市,浙江省,杭州市,余杭区
福建省泉州市惠安县惠南台商投资区八哥中国有限公司0楼部,福建省,泉州市,惠安县
浙江省杭州市富阳区银湖街道圣弘源00幢,浙江省,杭州市,富阳区
牟山金牛中路000号叠天包装,四川省,成都市,金牛区
平阳县万全镇黄村00号0楼,浙江省,温州市,平阳县
镇宁东路与宁波绕城高速交叉口宁波市镇海区希望学校,浙江省,宁波市,镇海区
浙江省温州市苍南县金乡镇油车街000号,浙江省,温州市,苍南县
鹿城区西城路勤奋路月湖小区,浙江省,温州市,鹿城区
杭州江干区九堡镇相江公寓顶石苑电联,浙江省,杭州市,江干区
奇观路000号中国电信股份有限公司嵊泗分公司,浙江省,舟山市,嵊泗县
宁波市鄞州区_鄞县大道古林段0000号华纳工业区,浙江省,宁波市,鄞州区
江山东路000-000号,浙江省,衢州市,江山市
台州台县白鹤镇九龙街00号联想,浙江省,台州市,台县
浙江省台州温岭市泽国镇东河路000号,浙江省,台州市,温岭市
浙江省宁波市奉化区方桥新建西路0000号,浙江省,宁波市,奉化区
龙岗街道龙东社区大围村五巷一栋九楼房东接收,广东省,深圳市,龙岗区
浙江省温州市AAAA浙江温州市鹿城区双屿鞋都二期质检特检大楼000楼,浙江省,温州市,鹿城区
南星街道龙舌路大名空间商务大厦00楼,河北省,邯郸市,大名县
浙江省江山市坛石镇上溪村下垄0号,浙江省,衢州市,江山市
浙江省嘉兴市平湖市乍浦镇建港路000号顺丰速运,浙江省,嘉兴市,平湖市
浙江省绍兴市诸几市江藻镇五浦头工业区,浙江省,绍兴市,诸几市
鳌江镇新河南路000号,河北省,邢台市,新河县
杭州市西湖区桂花城春晓苑-,浙江省,杭州市,西湖区
浙江省温州市瓯海区浙江台州黄岩区,浙江省,温州市,瓯海区
平湖市经济开发区昌盛路000号,浙江省,嘉兴市,平湖市
金华义乌市银海三区,浙江省,金华市,义乌市
浙江省湖州市吴兴区蜀山路0000号,浙江省,湖州市,吴兴区
温州市瓯海区教育路金利家园,浙江省,温州市,瓯海区
宁波市海曙区解放南路天元大厦,浙江省,宁波市,海曙区
浙江省嘉兴市平湖市曹桥街道景兴一路000号,浙江省,嘉兴市,平湖市
委托件三门海游镇上洋路00号,浙江省,台州市,三门县
宁海县西店镇溪头村000号,浙江省,宁波市,宁海县
东城街道东二路000号银座家居客服中心,北京市,北京市,东城区
湖北省黄冈市蕲春县刘华中学,湖北省,黄冈市,蕲春县
浙江省杭州市临安市临安市临水,浙江省,杭州市,临安市临安市
浙江省绍兴市诸暨市滨江南路000号建设大厦九楼,浙江省,绍兴市,诸暨市
陕西省铜川市耀州区坡头镇华能铜川照金电厂,陕西省,铜川市,耀州区
广东省深圳市宝安区黄田街道后瑞新村三巷四号,广东省,深圳市,宝安区
江汉区万松园创世纪大厦A座,湖北省,武汉市,江汉区
浙江省杭州市余杭区古墩路亲亲家园0期南区育英坊,浙江省,杭州市,余杭区
浙江省温州市龙湾区瑶溪镇雄心工业区万兴路00号西门,浙江省,温州市,龙湾区
浙江省台州市临海前工南路0号,浙江省,台州市,临海市
浙江省宁波市鄞州区钱湖天地AAAA00楼,浙江省,宁波市,鄞州区
浙江省杭州市余杭区临平街道运河东湖北路0000号,浙江省,杭州市,余杭区
金东区李渔路万达广场00楼,浙江省,金华市,金东区
万丰公司附近台州市路桥区螺洋街道敬老院,浙江省,台州市,路桥区
浙江省杭州市西湖区黄姑山路00号颐高创业大厦,浙江省,杭州市,西湖区
浙江省杭州市萧山区商城中路0000号焊机电,浙江省,杭州市,萧山区
浙江省嘉兴市海宁市尖山新区听潮路000号,浙江省,嘉兴市,海宁市
金华金华义乌市廿三里石埠下小区,浙江省,金华市,义乌市
山西省长治市武乡县洪水镇邮政储蓄所,山西省,长治市,武乡县
江苏省扬州市邗江区公道镇三界村陆庄组0号,江苏省,扬州市,邗江区
长河镇长江南路0000号之江钢化玻璃厂有限公司0楼,广西壮族自治区,南宁市,江南区
浙江省温州市乐清市柳市镇柳江路0号民熔中国浙江仓库,浙江省,温州市,乐清市
浙江省宁波市鄞州区鄞州商会南楼八楼朱氏红帮,浙江省,宁波市,鄞州区
环城西路南段0000弄000号花园园林建设有限公司景观设计院,青海省,西宁市,城西区
四川省南部县雄狮乡三峰村五社,四川省,南充市,南部县
中国轻纺城东市场交易区0楼,青海省,西宁市,城东区
浙江省杭州市富阳区后拔路000号,浙江省,杭州市,富阳区
浙江省杭州市西湖区金蓬街000号青蓝科创园A座00号楼00楼,浙江省,杭州市,西湖区
杭州市余杭区乔司镇五星村十六组000号,浙江省,杭州市,余杭区
浙江省丽水市青田县城镇兴明巷00号,浙江省,丽水市,青田县
浙江省嘉善县亭桥南路000号恒八连锁酒店,浙江省,嘉兴市,嘉善县
海城水暖工业区海工大道金山路000号温州精艺洁具有限公司,辽宁省,鞍山市,海城市
浙江省绍兴市诸暨市诸暨市赵家镇保安路000号,浙江省,绍兴市,诸暨市诸暨市
安徽灵璧县状元府北门小店,安徽省,宿州市,灵璧县
武义百花山华东工业村料城四层,浙江省,金华市,武义县
浙江-杭州-江干区浙江汽配城,浙江省,杭州市,江干区
正阳路000号水悦城,河南省,驻马店市,正阳县
浙江省常山县天马镇下东淤,浙江省,衢州市,常山县
浙江省杭州市滨江区滨兴路0000号华盛达广场00楼,浙江省,杭州市,滨江区
余姚市丈亭镇汇龙河西000号,浙江省,宁波市,余姚市
江滨西路欧洲城中心大楼,广西壮族自治区,柳州市,城中区
浙江省杭州市余杭区凤溪路恒德瓶窑广场,浙江省,杭州市,余杭区
浙江省杭州市富阳市恩波大道000号_东海石油大厦000楼,浙江省,杭州市,富阳市
中山中路00号和其坊静庐茶舍,辽宁省,大连市,中山区
浙江省杭州市西湖区亲亲家园幸福里00幢0单元,浙江省,杭州市,西湖区
福建宁德市古田县风都镇风中路公厕旁边,福建省,宁德市,古田县
宁波市鄞州区古林镇杉立路,浙江省,宁波市,鄞州区
四川省遂宁市大英县回马镇永利村0社,四川省,遂宁市,大英县
浙江省滨江区滨康路000号博邑郡,浙江省,杭州市,滨江区
江西省丰城市铁路镇胥家村金家湾组0号,江西省,宜春市,丰城市
浙江省杭州市江干区下沙恒大路0号A栋00楼,浙江省,杭州市,江干区
浙江省永康市堰头工业区临江小区0幢急件及时派送,浙江省,金华市,永康市
浦江县黄宅镇创新路00号,浙江省,金华市,浦江县
海宁农丰路九虎庙小区,浙江省,嘉兴市,海宁市
浙江省杭州市下城区京都苑00幢0单元,浙江省,杭州市,下城区
浙江省温州市龙湾区甬江路000号,浙江省,温州市,龙湾区
宁波市镇海区势纸值滥波化工区北海路,浙江省,宁波市,镇海区
浙江省宁波市江北区浙江临海江南大道,浙江省,宁波市,江北区
浙江省温州市鹿城区牛山北路000号银竹花苑00幢,浙江省,温州市,鹿城区
上城区南复路杭州陶瓷品市场三厅三楼东箭集团,浙江省,杭州市,上城区
浙江省临海市杜桥镇环城南路000号,浙江省,台州市,临海市
杭州市余杭区博园路五号,浙江省,杭州市,余杭区
温州苍南县龙港镇西一街路口金都宾馆电联,浙江省,温州市,苍南县
义乌市北苑街道莲塘二区00栋优速快递,浙江省,金华市,义乌市
太湖街道县前东街0000-0号长兴元通汽车有限公司,安徽省,安庆市,太湖县
浙江省温州市永嘉县永嘉欧北报喜鸟和田工业园电子商务事业部,浙江省,温州市,永嘉县永嘉
温州市苍南县宜山镇八岱村进源路,浙江省,温州市,苍南县
安徽省宿州市灵璧县尤集镇张西村三组000号,安徽省,宿州市,灵璧县
龙港镇大桥西路,辽宁省,葫芦岛市,龙港区
苍南县临溪镇上庄小区-0栋,浙江省,温州市,苍南县
中山东路银泰百货宁波天一店AAAAAAAAA,辽宁省,大连市,中山区
浙江省嘉兴市浙江省_嘉兴市_海宁市_长安镇城东村二十四组张家石桥,浙江省,嘉兴市,海宁市
浙江省宁波镇海区俞范东路000号,浙江省,宁波市,镇海区
浙江省台州市温岭市大飞机电,浙江省,台州市,温岭市
浙江宁波鄞州区永达路,浙江省,宁波市,鄞州区
黑龙江省大庆市萨尔图区万宝三区0-00号楼00单元,黑龙江省,大庆市,萨尔图区
安徽省芜湖市镜湖区滨江公共服务中心吉和北路东方花园00栋,安徽省,芜湖市,镜湖区
嘉兴海宁市皮革城鞋城0楼通州街0000号,浙江省,嘉兴市,海宁市
瓯海区潘桥镇仙门村仙门西路,浙江省,温州市,瓯海区
浙江省舟山市普陀区六横镇A山村东岙A00号,上海市,上海市,普陀区
浙江省金华市金东区浙江省金华市金东区环城南路000号,浙江省,金华市,金东区
辛集市商业城芙蓉岛电联,河北省,石家庄市,辛集市
闻堰镇万达路隐龙湾00幢0单元,浙江省,温州市,龙湾区
广德小区,安徽省,宣城市,广德市
浙江省温州市AAAA浙江省温州市乐清市北白象镇银行南路00-00号,浙江省,温州市,乐清市
山西省兴县富镇金滨村玄溪0鲁,山西省,吕梁市,兴县
白象街道上蔡村温州医科大学附属第一医院000病区,河南省,驻马店市,上蔡县
浙江嘉兴秀洲区王店镇南梅0组,浙江省,嘉兴市,秀洲区
彩田路海滨广场福泉花园,贵州省,黔南布依族苗族自治州,福泉市
宁波宁海新桥路000号,浙江省,宁波市,宁海县
慈溪市新浦镇荣誉村水云蒲西00号,浙江省,宁波市,慈溪市
浙江省温州市瓯海区温巨东路000号,浙江省,温州市,瓯海区
溧城镇溧阳市溧城镇平陵广场负七楼芭莎概念街区,江苏省,常州市,溧阳市
海盐海滨西路000号新天地大酒店,浙江省,嘉兴市,海盐县
浙江省浦江县中余乡盘里坞,浙江省,金华市,浦江县
浙江省慈溪市前应西区广聚工贸实业有限公司,浙江省,宁波市,慈溪市
浙江省台州市路桥区灵山西街0000号东北饭店,浙江省,台州市,路桥区
湖州吴兴区织里镇学前路00号电联,浙江省,湖州市,吴兴区
苍南龙港刘南000-000号,浙江省,温州市,苍南县
浙江省嘉兴市海宁市许村镇许巷王安桥0号,浙江省,嘉兴市,海宁市
福建省南平市蒲城县千里马横路00号,陕西省,渭南市,蒲城县
浙江省杭州市AAAA浙江省杭州市江干区浙江省杭州江干区下沙000号路浙江经职汽车服务有限公司,浙江省,杭州市,江干区
舟山市定海区AAAA宏生世纪城,浙江省,舟山市,定海区
新城大道000号晚报大厦,内蒙古自治区,呼和浩特市,新城区
杭州滨江区长河街道上峰产业园,浙江省,杭州市,滨江区
浙江省温州鹿城区鱼鳞浃0组团A栋吉祥招待所,浙江省,温州市,鹿城区
湖南省道县万家庄乡上洞村七组,湖南省,永州市,道县
瑞安市金光东街附近金光工业区,浙江省,温州市,瑞安市
浙江省宁波市鄞州区河清北路0000号捶染频昴,浙江省,宁波市,鄞州区
浙江省嵊泗县洋山镇共建路000号,浙江省,舟山市,嵊泗县
广洲市海珠区昌岗中路000号0幢,广东省,广州市,海珠区
南一西路000号镇海万里动力机械厂,浙江省,宁波市,镇海区
浙江省温州市龙湾区滨海二道0000号,浙江省,温州市,龙湾区
江西省上饶市信州区北门街道九州奥城00栋,江西省,上饶市,信州区
拱墅区大浒东院A区,浙江省,杭州市,拱墅区
浙江省温岭市太平街道第一人民医院,浙江省,台州市,温岭市
湖南省张家界市永定区紫云小区大门口旁张家界市交投停车管理有限公司,福建省,龙岩市,永定区
萧山区城厢街道江寺路000号,浙江省,杭州市,萧山区
嘉兴南湖区文昌路新文化广场电联,浙江省,嘉兴市,南湖区
浙江省杭州市西湖区凌波路西溪花园流芳苑,浙江省,杭州市,西湖区
浙江省丽水市莲都区白云小区00幢,浙江省,丽水市,莲都区
五常大道000号杭州五常西溪软件园A座,黑龙江省,哈尔滨市,五常市
拱墅区大关路0000号明珠大厦,浙江省,杭州市,拱墅区
浙江省温州市龙湾区金川路000号,浙江省,温州市,龙湾区
东坡路00号湖滨银泰A0区,四川省,眉山市,东坡区
永嘉县上塘镇河屿村兄弟铜门厂电联,浙江省,温州市,永嘉县
西城街道新堂村后麻车,北京市,北京市,西城区
南湖区新丰工业区嘉钢路0000号嘉兴正顺机械制造有限公司,浙江省,嘉兴市,南湖区
浙江省台州市椒江区前所街道下浦村0000号,浙江省,台州市,椒江区
湖北省-鄂州市-市辖区华容区庙岭镇,湖北省,鄂州市,市辖区华容区
浙江省杭州市萧山区鸿达路000号,浙江省,杭州市,萧山区
宁波市海曙区汇头巷,浙江省,宁波市,海曙区
香樟西大道浙江永康鸿运实业有限公司,湖南省,永州市,江永县
温州市瓯海区新桥镇金蟾大道,浙江省,温州市,瓯海区
吉林省辽源市龙山区隆基华典小区000号楼,吉林省,辽源市,龙山区
黑龙江省牡丹江市西安区镜泊湖水产养殖场,吉林省,辽源市,西安区
杭州市余杭区西溪山庄依云屯00栋0单元,浙江省,杭州市,余杭区
浙江省湖州市吴兴区石里镇姚家田路好又多超市,浙江省,湖州市,吴兴区
中国浙江省温州市鹿城区西山东路0000号,浙江省,温州市,鹿城区
安徽阜阳颖东区插花镇新园居委会老营西张,安徽省,阜阳市,颖东区
宁海县南门纺织东路00号宠物店,浙江省,宁波市,宁海县
杭州市余杭区朝阳村0-000号,浙江省,杭州市,余杭区
浙江省温州市瑞安市莘塍东新工业园莘塍东新工业园,浙江省,温州市,瑞安市
慈溪市华伦商场二楼零点服饰,浙江省,宁波市,慈溪市
秀洲区王店镇平安不动产业园门口电联,浙江省,嘉兴市,秀洲区
莆田市秀屿区东庄镇石尾村000号,福建省,莆田市,秀屿区
浙江省台州市椒江区前所街道横江工业园区吉利眼镜厂,浙江省,台州市,椒江区
苍南县灵溪镇新建小区,浙江省,温州市,苍南县
衢州市柯城区新新街道白沙路00号,浙江省,衢州市,柯城区
南部商务区健宸大厦,四川省,南充市,南部县
西斗门路00号天堂软件A幢00楼广通软件,广东省,珠海市,斗门区
河北省唐山市迁安市河北省唐山市迁安市首钢滨河村滨西00楼00单元,河北省,唐山市,迁安市
南湖区新丰镇竹林路口电联,浙江省,嘉兴市,南湖区
杭州滨江区东信大道0000号六合天寓,浙江省,杭州市,滨江区
杭州市江干区静怡花苑,浙江省,杭州市,江干区
浙江省萧山南环路0000号世纪联华六楼AAAA专柜,浙江省,杭州市,萧山区
义乌市副食品市场五楼好邻居,浙江省,金华市,义乌市
浙江省温州市瓯海区蛟凤北路0号,浙江省,温州市,瓯海区
宁波市鄞州区荣安琴湾00幢,浙江省,宁波市,鄞州区
宁波象山县石浦镇邬家村安居巷电联,浙江省,宁波市,象山县
浙江省温州市乐清市环城东路000弄,浙江省,温州市,乐清市
宁波江东区曙光路000号,浙江省,宁波市,江东区
金华永康市江南街翁埠村0000号,浙江省,金华市,永康市
白石江街道建宁东路瑞和新城综合楼九楼物业办公室,福建省,三明市,建宁县
浙江金华永康市浙江省永康市芝英镇儒家村000号,浙江省,金华市,永康市
浙江省杭州市江干区笕桥镇明石路000-00号,浙江省,杭州市,江干区
上海市-市辖区-黄浦区昆明路0000号,上海市,上海市,市辖区
浙江省丽水市遂昌县云峰镇洋浩工业园区,浙江省,丽水市,遂昌县
浙江省金华市义乌市青岩刘A区000幢0楼仓库,浙江省,金华市,义乌市
浙江省瑞安市仙降镇社门村,浙江省,温州市,瑞安市
镇雄县泼机镇老包寨村民委员会龙家坪村民小组000号,云南省,昭通市,镇雄县
金华金华市义乌市江东街道山口新村000栋0单元,浙江省,金华市,义乌市
东城街道里东浦路00-00号,北京市,北京市,东城区
丹城工业区象山河路000号苏迪服饰,浙江省,宁波市,象山县
浙江省杭州市滨江区长河街道香溢路000号白金海岸00幢0单元,浙江省,杭州市,滨江区
海宁凯旋景苑000幢,浙江省,嘉兴市,海宁市
浙江省温州市瓯海区东和路00-0号,浙江省,温州市,瓯海区
慈溪市浒山街道孙塘南路,浙江省,宁波市,慈溪市
浙江省嘉兴市秀洲区王店镇百乐路,浙江省,嘉兴市,秀洲区
宁波市海曙区解放南路000号十六楼,浙江省,宁波市,海曙区
浙江温州市永嘉县瓯北镇张堡工业区林浦路,浙江省,温州市,永嘉县
安徽省太和县太毫路公安医院对面华瑞网业门市部,安徽省,阜阳市,太和县
浙江省宁波市慈溪市范市镇人民北路000号,浙江省,宁波市,慈溪市
浙江杭州市江干区丁桥镇同协路000号00幢0楼,浙江省,杭州市,江干区
浙江省宁波市江北区长兴路000号丰华企业00号楼四楼,浙江省,宁波市,江北区
浙江省温州市鹿城区锦绣路交运石油边中国建筑,浙江省,温州市,鹿城区
鹿城区黄龙康城0组团000栋,浙江省,温州市,鹿城区
浙江省杭州市余杭区文一西路大华海派风范沁园--,浙江省,杭州市,余杭区
浙江省鄞州区锦寓路0000号,浙江省,宁波市,鄞州区
宁波市慈溪市浒山街道慈甬路000-000号,浙江省,宁波市,慈溪市
宁波江东中兴路天润商座,浙江省,宁波市,江东
杭州市钱塘新城五星路00号北京银行大楼000层,浙江省,杭州市,钱塘区
贵州省铜仁市江口县桃映镇马贵坡组,贵州省,铜仁市,江口县
浙江省杭州市萧山区通惠北路二桥,浙江省,杭州市,萧山区
浙江省湖州市吴兴区青铜路0000号市市场监管局办公室,浙江省,湖州市,吴兴区
浙江温州乐清市北白象镇东大街000号,浙江省,温州市,乐清市
浙江省杭州市西湖区文三路000号东部软件园科技大厦,浙江省,杭州市,西湖区
三墩镇西湖科技园西园八路浙大创新科技园-A00中心A0楼,浙江省,杭州市,西湖区
浙江省温州市龙湾区永兴街道永乐西路,浙江省,温州市,龙湾区
浙江省杭州市江干区九堡镇君合商务楼,浙江省,杭州市,江干区
杭州市下城区德胜路000号我爱我家,浙江省,杭州市,下城区
瑞安市信达花苑凯悦,浙江省,温州市,瑞安市
广东省阳江市江城区广东省阳江市江城区城北街道石湾北路邮政营业处,广东省,阳江市,江城区
宁波鄞州区?岐镇文卫路0号?岐镇人民政府,浙江省,宁波市,鄞州区
浙江省新昌县羽林街道拔茅村,浙江省,绍兴市,新昌县
浙江省天台县白鹤镇木坑村,浙江省,台州市,天台县
浙江省温州市瑞安市塘下镇凤都一路000号,浙江省,温州市,瑞安市
浙江省诸暨市店口工业区_浙江晨舟机械有限公司,浙江省,绍兴市,诸暨市
洞头区霓屿街道霓中路000弄0号,浙江省,温州市,洞头区
八里店镇西湖漾小区00幢,浙江省,杭州市,西湖区
新疆维吾尔自治区克拉玛依市白碱滩区第二十小学五亭警务站,新疆维吾尔自治区,克拉玛依市,白碱滩区
浙江省金华永康市长城工业园区陈园村00号电联,浙江省,金华市,永康市
浙江省东阳市南市街道大田头金路达皮具有限公司,浙江省,金华市,东阳市
金华市永康市下园朱村000号,浙江省,金华市,永康市
东阳市艺海路000号林业局,浙江省,金华市,东阳市
浙江省温州市平阳县萧江镇前林锦泰花苑,浙江省,温州市,平阳县
浙江省杭州市萧山区国航运营基地国航东大门,浙江省,杭州市,萧山区
义乌市青口南区000幢0单元,浙江省,金华市,义乌市
杭州市滨江区滨康路000号康恩贝制药股份有限公司,浙江省,杭州市,滨江区
杭州市西湖区虎跑路00号,浙江省,杭州市,西湖区
浙江省温州市平阳县平阳县水头镇腾龙东路000号,浙江省,温州市,平阳县平阳县
海城街道金海园滨海00路000号,辽宁省,鞍山市,海城市
浙江省杭州市萧山区南秀路杭州萧然医药有限公司,浙江省,杭州市,萧山区
浙江省湖州市德清县武康镇秋北嘉苑0栋00单元,浙江省,湖州市,德清县
浙江省杭州市拱墅区小河街道通益路吉如家园0幢,浙江省,杭州市,拱墅区
浙江省嘉兴市海宁市海宁经济开发区石泾路00号,浙江省,嘉兴市,海宁市
浙江省杭州市萧山区西河路庙西王小区,浙江省,杭州市,萧山区
翠柏路00号电子商务产业园00号楼杭州鼎诚人力资源服务有限公司,广西壮族自治区,桂林市,资源县
浙江诸暨牌头镇上楼宅工业区,浙江省,绍兴市,诸暨市
绍兴柯桥管墅小区,浙江省,绍兴市,柯桥区
金华市东阳市巍山镇健康路巍山医院,浙江省,金华市,东阳市
云龙镇甲村村都堂房,江苏省,徐州市,云龙区
遂昌县东城工业区金苍路0000号,浙江省,丽水市,遂昌县
浙江省-台州-温岭市温岭市三号路亚数控刀具有限公司,浙江省,台州市,温岭市温岭市
浙江省金华市永康市五金城金城路00号童大福锁业,浙江省,金华市,永康市
浙江省龙游县湖镇镇,浙江省,衢州市,龙游县
浙江省杭州市江干区三里新城桂苑000幢0单元,浙江省,杭州市,江干区
浙江省杭州市杭州下城区石桥路000号经纬创意园000幢,浙江省,杭州市杭州,下城区
浙江省宁波市慈溪市杭州湾方太公司,浙江省,宁波市,慈溪市
浙江杭州江干区九堡宋都阳光国际观澜苑三幢二单元,浙江省,杭州市,江干区
建德市新安江街道少年宫巷00栋,浙江省,杭州市,建德市
转塘绿城之江一号东区,四川省,攀枝花市,东区
杭州市萧山区鸿兴路000号,浙江省,杭州市,萧山区
临泉县高塘乡高塘布异样窗帘布艺,安徽省,阜阳市,临泉县
安吉县递铺镇秋芦南苑,浙江省,湖州市,安吉县
浙江-湖州-南浔区练市镇汽车站,浙江省,湖州市,南浔区
嘉善县魏塘镇枫南均安街0号,浙江省,嘉兴市,嘉善县
吴兴大道0000号南三号门九楼,浙江省,湖州市,吴兴区
浙江省杭州市江干区市民街中华钱塘航空大厦,浙江省,杭州市,江干区
金华义乌市义乌街0000号悦府江南电联,浙江省,金华市,义乌市
宁波鄞州区石?街道后仓村红星小学,浙江省,宁波市,鄞州区
浙江省丽水莲都区凉塘村00号电联,浙江省,丽水市,莲都区
山西省晋中市榆次区东阳镇彭村,山西省,晋中市,榆次区
钱清镇钱江大厦00幢,贵州省,贵阳市,清镇市
白云街道世贸大道000号东阳汽配城万德福网商,广东省,广州市,白云区
上海市浦东新区高桥镇凌桥凌创路000号高盛家园,上海市,上海市,浦东新区
浙江省丽水莲都区和平路000号张氏摄影电联,浙江省,丽水市,莲都区
杭州市下城区绿城兰园,浙江省,杭州市,下城区
湖南省吉首市保靖县迁陵镇松月园一栋二楼,湖南省,湘西土家族苗族自治州,保靖县
上城区钱江路00号赞城太和广场00幢,浙江省,杭州市,上城区
浙江省?嘉兴市?南湖区?大桥镇?天通科技园天通苑?_000000,浙江省,嘉兴市,南湖区
浙江省杭州市西湖区凤凰创意大厦,浙江省,杭州市,西湖区
东亭街道江苏省无锡市锡山区经济开发区二泉东路健鼎西门武龙超市,江苏省,无锡市,锡山区
城西街道圣达路000号金哥集团0号岗0楼染色厂,青海省,西宁市,城西区
浙江省温州市平阳县昆阳工业园区中路00号威信证章,浙江省,温州市,平阳县
浙江舟山普陀滨港路000弄,上海市,上海市,普陀区
浙江省杭州市江干区九堡镇九润公寓00栋0单元,浙江省,杭州市,江干区
浙江省金华市义乌市北苑丹晨一路00号00楼,浙江省,金华市,义乌市
丹灶镇丹灶镇广东省佛山市南海区丹灶镇金沙西联八甲公园毫进喷漆厂,广东省,佛山市,南海区
江苏省无锡市北塘区江海西路利民摩配市场0区,江苏省,无锡市,北塘区
上海上海市浦东新区陆家嘴环路0000号华能联合大厦00楼,上海市,上海市,浦东新区
萧山区萧邵东路000号宏泰汽修,浙江省,杭州市,萧山区
宁波余姚市凤山街道五星村鲁家000号电联,浙江省,宁波市,余姚市
椒江区章安街道建设村建设大桥电联,浙江省,台州市,椒江区
金华义乌江东街道下湾0区0栋0号0楼电联,浙江省,金华市,义乌市
东城街道科员路小区00街00号,北京市,北京市,东城区
浙江省杭州市萧山区蜀山街道万源路八号台湾城文化创意产业园00号楼0楼,浙江省,杭州市,萧山区
义乌市稠江街道杨村路000-000号吉茂科技,浙江省,金华市,义乌市
浙江省宁波市海曙区望春街道柳鸣路000号广泽嘉园0幢,浙江省,宁波市,海曙区
新昌海洋城A-AAA,浙江省,绍兴市,新昌县
三墩镇石祥西路紫金创业园A座,广东省,河源市,紫金县
浙江省温州市鹿城区第一桥00号,浙江省,温州市,鹿城区
安徽省临泉县黄岭镇彭寨行政村彭寨000-0号,安徽省,阜阳市,临泉县
江苏省宿迁市泗洪县双沟镇江淮商城00栋0单元,江苏省,宿迁市,泗洪县
浙江省江山市虎山街道上状元里,浙江省,衢州市,江山市
江西省赣州市寻乌县,江西省,赣州市,寻乌县
宁波宁波市宁海县兴宁中路000弄,浙江省,宁波市,宁海县
浙江温州瑞安市塘下塘川北街000-000号后门,浙江省,温州市,瑞安市
浙江省宁波市北仑区小港街道江南公路0000号0幢,浙江省,宁波市,北仑区
浙江省临海市崇和门商城内圈乔丹体育,浙江省,台州市,临海市
海曙区丽园北路天胜花鸟市场,浙江省,宁波市,海曙区
浙江省杭州市萧山区长山头村小北桥,浙江省,杭州市,萧山区
重庆重庆市万州区太白街道国本路0000号人保财险万州分公司,重庆市,重庆市,万州区
浙江嵊州鹿山广场八楼飞鸟和新酒,浙江省,绍兴市,嵊州市
浙江省杭州市上城区庆春路000号,浙江省,杭州市,上城区
宁波市江东区王家弄村,浙江省,宁波市,江东区
湖南湘潭湘潭县湖南省湘潭县中路铺镇群力村自力村民组,湖南省,湘潭市,湘潭县
浙江省余姚市陆埠镇江南村花门头,浙江省,宁波市,余姚市
浙江省杭州西湖区浙江大学紫金港校区纳米楼,浙江省,杭州市,西湖区
下沙开发区东区00号路000号,四川省,攀枝花市,东区
浙江省宁波市鄞州区机场路段梅立交桥南端八方物流内,浙江省,宁波市,鄞州区
新疆维吾尔自治区乌鲁木齐市新市区新疆乌鲁木齐市新市区迎宾路0000号南航新疆分公司,新疆维吾尔自治区,乌鲁木齐市,新市区
金华东阳市南马镇南马机械工业园电联,浙江省,金华市,东阳市
杭州市滨江区江南大道通策广场,浙江省,杭州市,滨江区
浙江省绍兴市越城区安心坊,浙江省,绍兴市,越城区
义乌国际商贸城五区八楼,浙江省,金华市,义乌市
安徽省滁州市定远县定远三中附近中通快递代理点到了电联自取,安徽省,滁州市,定远县
上海上海市浦东新区上海上海市_浦东新区康桥镇康桥东路0号00号楼0楼得力办公,上海市,上海市,浦东新区
安徽省阜阳市临泉县田桥乡,安徽省,阜阳市,临泉县
新安街恒升大三,河南省,洛阳市,新安县
云南省文山壮族苗族自治州丘北县黄姑镇姜家浜00号_,云南省,文山壮族苗族自治州,丘北县
浙江省温州市苍南县金城路000号,浙江省,温州市,苍南县
台州市椒江区香格里拉小区,浙江省,台州市,椒江区
浙江省杭州市拱墅区浪琴翠园,浙江省,杭州市,拱墅区
苍南县龙港镇新翔巷0栋,浙江省,温州市,苍南县
浙江省宁波市海曙区白杨街00弄000号阳光大药房,浙江省,宁波市,海曙区
浙江省路桥区螺洋街道圆珠屿村浙江军粮电联,浙江省,台州市,路桥区
天童南路0000号爱伊美大厦,黑龙江省,伊春市,伊美区
浙江省嘉兴市海宁市尖山新区听潮路00号,浙江省,嘉兴市,海宁市
海城街道埭头村育才巷000号,辽宁省,鞍山市,海城市
吉林省蛟河市新站镇龙凤乡金安屯,吉林省,吉林市,蛟河市
红丰四路00号锦江之星湖州佰乐门店,四川省,成都市,锦江区
浙江省杭州市萧山区湖头陈北路00号,浙江省,杭州市,萧山区
浙江省杭州市江干区笕桥横塘一区过渡房九栋六单元,浙江省,杭州市,江干区
浙江省温州市泰顺县筱村镇枫林村坑边路筱村派出所,浙江省,温州市,泰顺县
浙江省台州市温岭市牧屿欧风路000号,浙江省,台州市,温岭市
浙江省_杭州市_临安市_锦北街道竹林街000号二楼,浙江省,杭州市,临安市
浙江省宁波市江北区慈城镇慈湖人家二期_,浙江省,宁波市,江北区
浙江省台州市玉环县珠港镇岭脚村西巷000号,浙江省,台州市,玉环县
浙江省嘉兴市桐乡市建业中路000号钻石年代宾馆,浙江省,嘉兴市,桐乡市
杭州市西湖区下满觉陇,浙江省,杭州市,西湖区
振宁路0号杭州萧山新华绗缝绣服厂,浙江省,杭州市,萧山区
广东省-广州市-市辖区新塘区翡翠绿洲大道二号育才阳光宛,广东省,广州市,市辖区
嘉兴市嘉善县晋西路00号,浙江省,嘉兴市,嘉善县
浙江省湖州市长兴县雉城街道双拥路000号县人武部,浙江省,湖州市,长兴县
浙江绍兴柯桥区联合市场A区六楼,浙江省,绍兴市,柯桥区
福建省泉州市惠安县福建省泉州市惠安县东园镇东园街移动营业厅,福建省,泉州市,惠安县
南湖区中港路0000号紫澜别墅000栋0单元,浙江省,嘉兴市,南湖区
台州市仙居县城关环城南路0000号台州市仙居县人才交流中心,浙江省,台州市,仙居县
浙江省宁波市慈溪市浙江省宁波市慈溪市庵东镇镇北路振兴弄000号,浙江省,宁波市,慈溪市
嘉兴市南湖区余新工业园区嘉凤公路西侧聚天力太阳能,浙江省,嘉兴市,南湖区
浙江省台州市仙居县南峰街道下佃山村,浙江省,台州市,仙居县
浙江省温岭市箬横镇中横街00号,浙江省,台州市,温岭市
浙江省杭州市萧山区北干工业园兴五路00号0号楼九楼,浙江省,杭州市,萧山区
浙江省龙泉市城东四路畲家商务酒店,浙江省,丽水市,龙泉市
浙江省温州温州市鹿城区欧洲城A区,浙江省,温州市,鹿城区
金华义乌市义东路000号自来水公司电联,浙江省,金华市,义乌市
解放东路常青公寓,河南省,焦作市,解放区
浦江县浦南街道下季宅0区,浙江省,金华市,浦江县
浙江省宁波市市辖区柴桥街道下龙泉村,浙江省,宁波市,市辖区
义乌国际商贸城二期A区八楼,浙江省,金华市,义乌市
浙江省杭州市余杭区临平东湖街道振兴西路与荷禹路交叉口万宝城利亨钟表,浙江省,杭州市,余杭区
浙江省温州市AAAA浙江省温州市永嘉县桥头镇桥东北大街000号二楼,浙江省,温州市,永嘉县
浙江省温州市苍南县建兴东路0000号,浙江省,温州市,苍南县
定海区环城东路000号0幢0单元,浙江省,舟山市,定海区
浙江省杭州市西湖区文一西路0000号0幢A座,浙江省,杭州市,西湖区
北京市西城府右街00号中南海西门中共中央总书记办公厅0000信箱,北京市,北京市,西城区
江西省萍乡市芦溪县南坑镇双凤村甘医生卫生诊所,江西省,萍乡市,芦溪县
诸暨市牌头镇光明路000号,浙江省,绍兴市,诸暨市
浙江省宁波市海曙区集士港镇集横路000-000号,浙江省,宁波市,海曙区
下沙街道金沙大道0000号银沙商贸城南数控刀具,贵州省,毕节市,金沙县
金华市婺城区金源街,浙江省,金华市,婺城区
宁围镇新华村杭州博悦服饰,河北省,石家庄市,新华区
慈溪市观海卫镇新泽村下泽山,浙江省,宁波市,慈溪市
广东-深圳-龙岗区杨美金竹八巷0栋,广东省,深圳市,龙岗区
浙江省宁波市江北区庄桥街道东保路应嘉丽园小区,浙江省,宁波市,江北区
锦绣路南国大厦0幢,河北省,唐山市,路南区
浙江省绍兴市柯桥区凤凰庄纺客工厂00幢绍兴淄荣纺织品有限公司,浙江省,绍兴市,柯桥区
桐庐城南街道迎春南路000号,浙江省,杭州市,桐庐县
义乌市银海路0000号,浙江省,金华市,义乌市
人瑞路000号南浔古镇景区,浙江省,湖州市,南浔区
义乌市稠州西路00巷000号,浙江省,金华市,义乌市
浙江省温州市瓯海区潘桥镇上杭路,浙江省,温州市,瓯海区
奉浦社区上海市奉贤区奉浦韩村路000弄0000号,上海市,上海市,奉贤区
浙江省杭州市西湖区双浦镇浦塘村_杭州耀闻机电设备有限公司,浙江省,杭州市,西湖区
嘉兴市海宁市盐仓镇新兴路中驰皮草,浙江省,嘉兴市,海宁市
瑞安市东山经济开发区大道0000号华尔达集团电联,浙江省,温州市,瑞安市
浙江省金华市永康市城西下皇渡村,浙江省,金华市,永康市
余姚市牟山镇泰和家园二幢,浙江省,宁波市,余姚市
柯桥轻纺大厦,浙江省,绍兴市,柯桥区
四川省资阳市安岳县周礼镇龙桥乡水月村0组,四川省,资阳市,安岳县
长乐西路000号白马服饰广场A座,福建省,福州市,长乐区
新城大道新城站对面新城大厦00楼,内蒙古自治区,呼和浩特市,新城区
浙江省杭州市西湖区莲花街0000号,浙江省,杭州市,西湖区
浙江省温州市鹿城区飞霞南路0000号,浙江省,温州市,鹿城区
浙江省杭州市滨江区浦沿街道滨文路立志园00幢,浙江省,杭州市,滨江区
湖北省兴山县黄粮镇庙淌坪村一组,湖北省,宜昌市,兴山县
柯岩街道独山家园西区000栋0单元,贵州省,黔南布依族苗族自治州,独山县
未央区凤城十二路富尔顿财富中心A座000楼,陕西省,西安市,未央区
江苏省苏州市新区苏州市新区横山路000号新技术产业园厂房艾柯豪博电子有限公司,江苏省,苏州市,新区
新城大道北路0000号利拓大厦三楼,内蒙古自治区,呼和浩特市,新城区
滨江区江南豪园00幢,浙江省,杭州市,滨江区
浙江省宁波市鄞州区鄞州经济开发区启航南路0000号鄞州区瞻歧镇,浙江省,宁波市,鄞州区
浙江省宁波市宁海县_西大街000号,浙江省,宁波市,宁海县
凤凰路000号浙江稠州商业银行,湖南省,湘西土家族苗族自治州,凤凰县
浙江省丽水莲都区灯塔街处州花苑,浙江省,丽水市,莲都区
温州市平阳县昆阳镇万兴路00-000号,浙江省,温州市,平阳县
西湖区西溪花园红柿苑,浙江省,杭州市,西湖区
丽水庆元县松源街000号康视眼镜,浙江省,丽水市,庆元县
三墩镇西湖科技园区西园0路00号00栋00楼,浙江省,杭州市,西湖区
淳化街道陶苑000栋,陕西省,咸阳市,淳化县
浙江省杭州市余杭区五月花城,浙江省,杭州市,余杭区
广东省广州市天河区广东省广州市天河区体育冬横街0000号,广东省,广州市,天河区
园岭街道百花四路长泰花园A栋,福建省,漳州市,长泰区
宁波市江东区百丈东路0000号,浙江省,宁波市,江东区
浙江省温州市苍南县龙港镇兴安街00-00号,浙江省,温州市,苍南县
浙江杭州市江干区凯旋路0000号江干残联,浙江省,杭州市,江干区
贵州省晴隆县碧痕镇新坪村干河组,贵州省,黔西南布依族苗族自治州,晴隆县
湖南省岳阳市云溪区湖南省岳阳市云溪区大汉新城00栋,湖南省,岳阳市,云溪区
浙江省金华永康市飞凤路000号,浙江省,金华市,永康市
浙江省杭州市江干区仁爱路九堡家苑0区,浙江省,杭州市,江干区
杭州市余杭区良渚镇花苑新村,浙江省,杭州市,余杭区
新天地东区,四川省,攀枝花市,东区
浙江省温州市龙湾区沙城街000号,浙江省,温州市,龙湾区
浙江省宁波市江东区姚隘路000号南苑A家,浙江省,宁波市,江东区
浙江省湖州市南浔区菱湖镇竹墩工业区,浙江省,湖州市,南浔区
象山县石浦镇渔港南路0000号,浙江省,宁波市,象山县
浙江省余姚市谭家岭东路00号,浙江省,宁波市,余姚市
海城街道广场东路000-00号,辽宁省,鞍山市,海城市
绍兴市袍江四季街国际华城00幢,浙江省,绍兴市,袍江
宁波宁波市宁海县龙珠大厦,浙江省,宁波市,宁海县
温州市瓯海区高翔工业区大维路00号,浙江省,温州市,瓯海区
浙江省杭州市拱墅区沈家桥社区居委会一楼,浙江省,杭州市,拱墅区
湖南省怀化市鹤城区红星街道火车南站怀南村000栋0单元,湖南省,怀化市,鹤城区
浙江省温州市龙湾区沿江路00号,浙江省,温州市,龙湾区
杭州市拱墅区圣苑北街000号,浙江省,杭州市,拱墅区
宁波市鄞州区锦悦湾0幢,浙江省,宁波市,鄞州区
兴宁路000号东方商务中心0号楼,广东省,梅州市,兴宁市
浙江省杭州市下城区东新路江南巷0号浙报人才公寓0楼仓库,浙江省,杭州市,下城区
宁波市鄞州区鄞县大道后仓段东方物流斜对面,浙江省,宁波市,鄞州区
杭州市西湖区古翠路000号怡泰大厦,浙江省,杭州市,西湖区
浙江省温州市鹿城区下岙路,浙江省,温州市,鹿城区
浙江温州龙湾区状元街道大罗山路000号,浙江省,温州市,龙湾区
九沙大道0000号杭州长城机电市场东区,四川省,攀枝花市,东区
浙江省杭州市滨江区东信大道000号东方通信城三期一号楼八楼,浙江省,杭州市,滨江区
浙江省温州市乐清市南大街000号锦江百货,浙江省,温州市,乐清市
葛源镇黄山村蜈蚣湾000号,安徽省,黄山市,黄山区
福建省龙岩市新罗区雁石镇民池新村路口,福建省,龙岩市,新罗区
西湖区天目山路山水人家诗家谷,浙江省,杭州市,西湖区
广东省广州市白云区广东省广州市白云区东平马市岭南街000号00楼,广东省,广州市,白云区
浙江省宁波市鄞州区河青南路000号,浙江省,宁波市,鄞州区
浙江省台州市玉环县清港镇迎宾西路000号电商城0楼皇家囡囡,浙江省,台州市,玉环县
浙江省杭州市西湖区转塘镇云栖会展中心西侧鹏辉产业园,浙江省,杭州市,西湖区
黑龙江省大庆市让胡路区黑龙江省大庆市让胡路区西柳街西侧井田实业公司,黑龙江省,大庆市,让胡路区
蓝田大道锦绣城号居装饰,陕西省,西安市,蓝田县
温州平阳县郑楼镇郑一村底前路000号,浙江省,温州市,平阳县
海宁工人路000号廖,浙江省,嘉兴市,海宁市
浙江省台州市温岭市大溪中岙张工业区,浙江省,台州市,温岭市
嵊州市三江街道江三路00号中帝电器,浙江省,绍兴市,嵊州市
八卦新村西区四栋五单元,四川省,攀枝花市,西区
浙江省嘉兴市桐乡市A0000000000000000000000000AAAAAAA,浙江省,嘉兴市,桐乡市
浙江省温州市瓯海区西山西路0号胡宗滔口腔门诊部,浙江省,温州市,瓯海区
南召县乔端镇土门村东庄组,河南省,南阳市,南召县
湖州吴兴区织里镇阿祥路0000号铭光光电科技有限公司,浙江省,湖州市,吴兴区
浙江省-金华市-东阳市巍镇白坦工业区恒光金银丝有限公司,浙江省,金华市,东阳市
浙江-温州-瑞安市飞云街道霞砀村,浙江省,温州市,瑞安市
金华义乌贝村路中顺国际,浙江省,金华市,义乌市
浙江省衢州市柯城区新姜村,浙江省,衢州市,柯城区
黄岩区梅园新村00幢0单元,浙江省,台州市,黄岩区
浙江省宁波市镇海区庄市街道兴庄路000号,浙江省,宁波市,镇海区
浙江省温州市平阳县水头镇丰润世家园0幢0单元,浙江省,温州市,平阳县
公明合水口村柏溪路南00巷万信达商店,甘肃省,庆阳市,合水县
首善镇华东上海城多食汇自助餐厅,辽宁省,鞍山市,海城市
绍兴柯桥区湖西路0000号国贸中心中区00栋钱江源电联,浙江省,绍兴市,柯桥区
浙江省杭州市江干区百大缘城西子国际办公楼A座,浙江省,杭州市,江干区
金花桥街道金花镇川西营村0组金川路000号吉祥超市,四川省,阿坝藏族羌族自治州,金川县
浙江省宁波市鄞州区宜兴路000号宜家华府00幢,浙江省,宁波市,鄞州区
师大南路五号黑龙江外国语学院,黑龙江省,齐齐哈尔市,龙江县
嘉兴市秀洲区禾平街000号,浙江省,嘉兴市,秀洲区
嘉兴市秀洲区王店镇东西二路,浙江省,嘉兴市,秀洲区
强华路南浔国际建材城,河北省,唐山市,路南区
浙江省温州市瓯海区新桥镇金达路00号0楼,浙江省,温州市,瓯海区
江苏省苏州市相城区陆墓镇,江苏省,苏州市,相城区
二环西路与港南路交汇处亿丰赛格电子数码城,广西壮族自治区,贵港市,港南区
观海卫镇观海卫工业区东区三海路00号公牛集团有限公司,四川省,攀枝花市,东区
宁波鄞州望春工业园区科泰路000号,浙江省,宁波市,鄞州区
浙江省?绍兴市?浙江省?绍兴市?绍兴县滨海工业区兴滨路与征海路交叉口,浙江省,绍兴市,绍兴县
金华市婺城区罗埠镇商贸街00号,浙江省,金华市,婺城区
浙江省杭州市萧山区江东六路0000号,浙江省,杭州市,萧山区
苏坡街道金福路0000号龙湖翠微清波A区,广东省,汕头市,龙湖区
义乌市稠山二区,浙江省,金华市,义乌市
浙江省义乌市经发大道0000号,浙江省,金华市,义乌市
浙江省温州市瑞安市飞云石碣门民心路0000号,浙江省,温州市,瑞安市
浙江省杭州市拱墅区拱墅莫干山路余杭塘河交界处世纪新筑,浙江省,杭州市,拱墅区拱墅
杭州杭州市西湖区天目山路0000号杭州市花坞果园财务,浙江省,杭州市,西湖区
义乌市后宅街道北站五区0000栋_四单元,浙江省,金华市,义乌市
浙江杭州余杭区星桥开发区星旺西路000号杭州宾德科技有限公司,浙江省,杭州市,余杭区
安徽省合肥市包河区水阳江路军干阳光公寓0幢,安徽省,合肥市,包河区
浙江省温州市永嘉县嘉宁街,浙江省,温州市,永嘉县
东阳市江北街道华店中心路二号,浙江省,金华市,东阳市
浙江省宁波市奉化市奉化桥西岸路000号电信大楼,浙江省,宁波市,奉化市奉化
安吉大道苏卢村苏卢东路北四里,浙江省,湖州市,安吉县
浙江省杭州市滨江区东方花城,浙江省,杭州市,滨江区
瑞安市阳光路00号保利购,浙江省,温州市,瑞安市
福建省漳州市芗城区天宝镇珠里村五里沙,福建省,漳州市,芗城区
西兴街道江南大道0000号,广西壮族自治区,南宁市,江南区
丽水青田县水南栖霞小区,浙江省,丽水市,青田县
永康九铃西路0000号00楼,浙江省,金华市,永康市
浙江省嘉善县魏塘街道车站北路000号嘉善县人才市场管理办公室,浙江省,嘉兴市,嘉善县
浙江省温州市瑞安市广场东路0000号,浙江省,温州市,瑞安市
浙江省宁波市余姚市阳明街道畈周村陶家00号,浙江省,宁波市,余姚市
广东省深圳市南山区锦绣北街00号华侨城东部工业区A0栋华侨城创意园,黑龙江省,鹤岗市,南山区
杭州市江干区下沙新加坡科技园0号楼,浙江省,杭州市,江干区
浙江省杭州市富阳区新登镇工业园区,浙江省,杭州市,富阳区
杭州江干区新塘路00号元华旺座A座,浙江省,杭州市,江干区
金华义乌市国际商贸城0期00楼,浙江省,金华市,义乌市
神星镇河北省保定市满城县神星镇魏庄村,河北省,保定市,满城县
上海市徐汇区桂林路0000号城达创意产业园0楼,上海市,上海市,徐汇区
新街镇桥南开发区鸿达路000号,天津市,天津市,南开区
兴宁工业区福建利树浆纸有限公司,广东省,梅州市,兴宁市
宁波市鄞州区天童北路0000号和绑大厦A座00楼前程无忧人事外包部,浙江省,宁波市,鄞州区
萧山区闻堰镇戈雅公寓春雨园,浙江省,杭州市,萧山区
金华东阳市横店镇康庄南街000号,浙江省,金华市,东阳市
解放东路00号砂之船英仙街0000A号怕拉丁专柜,河南省,焦作市,解放区
余杭区临平街道绿城蓝庭恬苑,浙江省,杭州市,余杭区
宁波江东曙光路000号美人志,浙江省,宁波市,江东
浙江省舟山市普陀区沈家门国际,上海市,上海市,普陀区
杭州市萧山区市心北路南岸明珠,浙江省,杭州市,萧山区
杭州滨江区长河路0000号,浙江省,杭州市,滨江区
广东省梅州市五华县广东省梅州市五华县水寨镇华兴中路农业银行家,广东省,梅州市,五华县
鹿城区前程路00弄000号温州民政,浙江省,温州市,鹿城区
临平西大街00-00号东海石油大厦00楼,浙江省,杭州市,临平区
临海市古城街道大阳西路临海小学北门,浙江省,台州市,临海市
浙江省温州市瑞安市瑞安市国际汽摩配产业基地园区登峰路0000-0号,浙江省,温州市,瑞安市
桐庐县瑶琳路金龙花园00幢0单元,浙江省,杭州市,桐庐县
浙江省杭州杭州市西湖区学院路颐高数码城北楼,浙江省,杭州市,西湖区
义乌江东街道上麻车000号,浙江省,金华市,义乌市
义乌生产资料市场0楼000街,浙江省,金华市,义乌市
丁桥镇镇保路000号海宁市粤海彩印有限公司,浙江省,嘉兴市,海宁市
浙江-杭州-滨江区西兴路以西_滨康路以北_固陵路以东玲珑府,浙江省,杭州市,滨江区
浙江省温州市永嘉县桥头镇南大街000号,浙江省,温州市,永嘉县
黄龙工业区群山路00号浙江天泰机械有限公司,陕西省,延安市,黄龙县
浙江省慈溪市横河镇龙泉西路0支弄,浙江省,宁波市,慈溪市
浙江省杭州市余杭区天都城爵士花园,浙江省,杭州市,余杭区
浙江省台州市黄岩区西城工业区曹园路000号,浙江省,台州市,黄岩区
杭州西湖区古墩路莲花路交叉口,浙江省,杭州市,西湖区
甘肃省白银市白银区甘肃省白银市白银区甘肃省白银人力资源和社会保障局诚信路0000号,甘肃省,白银市,白银区
浙江省杭州市江干区下沙街道新怡家园,浙江省,杭州市,江干区
龙湾区沙城街道永强大道健康路0号沙城中心卫生医院挂号室,浙江省,温州市,龙湾区
台州路桥区财富大道财富商贸城隔壁,浙江省,台州市,路桥区
龙川镇大秋树安友畜牧业有限公司,广东省,河源市,龙川县
凌云0区00栋00单元0楼,广西壮族自治区,百色市,凌云县
台州椒江区白云山西路0000号铂金花园,浙江省,台州市,椒江区
浙江省宁波市余姚市低塘街道剑山工业区河南,浙江省,宁波市,余姚市
上城区锦都世家00幢0单元,浙江省,杭州市,上城区
东门街道东门城东街兴华广场九楼宇生隆商行,青海省,西宁市,城东区
浙江省杭州市下城区东新街道沈家路杭州求是医院门卫收,浙江省,杭州市,下城区
浙江省宁波市江北区宁波市江北区仓储路000号000商务园,浙江省,宁波市,江北区
桃源街道时代大道000号,湖南省,常德市,桃源县
义乌市拥军路0000号大盈袜业联系,浙江省,金华市,义乌市
余姚市马渚镇北新路000号,浙江省,宁波市,余姚市
青田县鹤城西路00号留家会所,浙江省,丽水市,青田县
瓯北镇和田大厦新楠溪江大酒店,辽宁省,锦州市,北镇市
经济开发区银都花园0楼中国银行瑞安滨江支行,浙江省,温州市,瑞安市
陕西省咸阳市乾县周城镇街道,陕西省,咸阳市,乾县
浙江省温州市瑞安市湖岭镇鹿木乡河岙村,浙江省,温州市,瑞安市
浙江省杭州市萧山区义桥镇复兴工业园杭州双锦布艺有限公司,浙江省,杭州市,萧山区
杭州余杭区良渚镇文化村白鹭郡北,浙江省,杭州市,余杭区
浙江省绍兴市越城区城南街道凤凰路0000号,浙江省,绍兴市,越城区
浙江省丽水市庆元县大济村寻客栈,浙江省,丽水市,庆元县
金华义乌福田市场A区00街00号门,浙江省,金华市,义乌市
浙江省宁波市鄞州区工贸一路000-000号,浙江省,宁波市,鄞州区
东阳市江北街道人民北路000号碧水名府00栋,浙江省,金华市,东阳市
浙江省宁波市海曙区中山西路00号海曙大厦,浙江省,宁波市,海曙区
文明中路000号乐成东山南村第一卫生室,黑龙江省,鹤岗市,东山区
浙江金华武义县黄龙工业区黄龙五路0号武义雄昶五金制造有限公司,浙江省,金华市,武义县
义乌北门街0000号奇幻蒸汽电联,浙江省,金华市,义乌市
浙江省金华市义乌市金东区付村镇东升路0000路夏之雪冷库,浙江省,金华市,义乌市金东区
凤山街道同光村蜀山路00号,广西壮族自治区,河池市,凤山县
嘉兴市秀州区洪兴路0000号海州之星汉庭酒店,浙江省,嘉兴市,秀州区
杭州市西湖区双浦镇冯家村,浙江省,杭州市,西湖区
浙江省金华市义乌市北苑街莲塘三区000栋0单元,浙江省,金华市,义乌市
浙江省温州市平阳县园林东路永安公寓里,浙江省,温州市,平阳县
浙江省仙居县安洲街道仙丰路00幢,浙江省,台州市,仙居县
舟山市定海区兴舟大道000号金丰宾馆,浙江省,舟山市,定海区
温州市鹿城区双屿街道浙江省温州市鹿城区中国鞋都二期00号地块,浙江省,温州市,鹿城区
广东省-广州市-海珠区石岗路00号东方工业区,广东省,广州市,海珠区
甘肃省张掖市甘州区人民东街街道二中家属院0号楼0单元,甘肃省,张掖市,甘州区
浙江省宁波市宁海县华庭家园000幢,浙江省,宁波市,宁海县
浙江省苍南县矾山镇珍珠巷0000号,浙江省,温州市,苍南县
浙江省遂昌县妙高街道渡船头村,浙江省,丽水市,遂昌县
江苏省扬州市高邮市车逻镇工业集中区高邮创鑫服饰有限公司,江苏省,扬州市,高邮市
上海市浦东新区高科技园松涛路000号一号楼,上海市,上海市,浦东新区
江苏省连云港市赣榆县罗阳镇河疃村00号,江苏省,连云港市,赣榆县
浙江省丽水市松阳县西屏镇万寿山路望松工业园区,浙江省,丽水市,松阳县
浙江省杭州市余杭区良渚文化村白鹭郡东,浙江省,杭州市,余杭区
浙江省宁波市北仑区申洲有限公司AA座凤阳0路000号,浙江省,宁波市,北仑区
浙江省温州市乐清市柳市有色金属材料市场,浙江省,温州市,乐清市
杭州余杭钱江经济开发区顺风路000号00幢0楼,浙江省,杭州市,余杭区
浙江省台州市椒江区富强路000号台州太平海运有限公司,浙江省,台州市,椒江区
浙江省杭州市杭州市滨江区楚天路000号联系电话,浙江省,杭州市,滨江区
金华义乌童店新村三区仓库,浙江省,金华市,义乌市
浙江杭州富阳市文教北路和公园西路交叉口永和家苑00幢0单元,浙江省,杭州市,富阳市
苍南县灵溪镇时代广场000幢0单元,浙江省,温州市,苍南县
浙江省新昌县儒岙镇中亚胶囊,浙江省,绍兴市,新昌县
嘉兴市南湖区南湖街道双溪路,浙江省,嘉兴市,南湖区
浙江省杭州市临安市城中街000号,浙江省,杭州市,临安市
浙江省金华市东阳市佐村镇,浙江省,金华市,东阳市
浙江省杭州市江干区下沙街道水云街000号碧桂园00栋0单元000楼,浙江省,杭州市,江干区
浙江省缙云县新建镇览溪路0号,浙江省,丽水市,缙云县
杭州市余杭区仓前镇吴山前村,浙江省,杭州市,余杭区
广东省广州市白云区京溪街道银兴路五巷0号,广东省,广州市,白云区
浙江省滨江区滨盛路0000号,浙江省,杭州市,滨江区
浙江杭州萧山区北干街道山北新苑000栋0单元,浙江省,杭州市,萧山区
贵州省毕节市赫章县城关镇小河东二路相逢旅社一楼,贵州省,毕节市,赫章县
浙江省杭州市西湖区紫萱路000号西城博司0号楼岗亭,浙江省,杭州市,西湖区
望江街道钱江路世纪坊,安徽省,安庆市,望江县
湖里街道金湖一里东海山庄00栋,福建省,厦门市,湖里区
浙江省杭州市萧山区义桥镇民丰村村委会,浙江省,杭州市,萧山区
温州鹿城区双屿工业区星际路00号,浙江省,温州市,鹿城区
浙江省台州市椒江区洪家钢材市场A区,浙江省,台州市,椒江区
浙江省温州市鹿城区锦东家园二期00幢温州金豪交通智能科技有限公司,浙江省,温州市,鹿城区
浙江-金华-义乌市前成小区000栋00单元,浙江省,金华市,义乌市
浙江省德清县新市镇梅林柏林校西00号,浙江省,湖州市,德清县
阿克苏市心怡小区0号楼00单元,新疆维吾尔自治区,阿克苏地区,阿克苏市
上城区南山路000-0号电联,浙江省,杭州市,上城区
浙江省温州市永嘉县前京制革东路,浙江省,温州市,永嘉县
浙江省余姚市兰墅路000号,浙江省,宁波市,余姚市
义乌市北下朱00栋四单元0楼,浙江省,金华市,义乌市
镇海区南大街000号国土资源局,浙江省,宁波市,镇海区
浙江省杭州余杭区乔司街道和睦村0组00号,浙江省,杭州市,余杭区
浙江省义乌市青口工业区通宝路000号,浙江省,金华市,义乌市
杭州市余杭区勾庄逸盛路000号,浙江省,杭州市,余杭区
四川巴州区大东外街000号,四川省,巴中市,巴州区
贵州省普定县马场镇下关村二组,贵州省,安顺市,普定县
广东广州市新港街道广州市海珠区滨江东路文晖街高雅湾,广东省,广州市,海珠区
浙江省义乌市稠州北路0000号,浙江省,金华市,义乌市
横三路与纵二路交叉口南00米永安财产保险股份有限公司,福建省,三明市,永安市
温州市鹿城区新城大道新城大厦00楼财务部,浙江省,温州市,鹿城区
台州市椒江区工人路0000号,浙江省,台州市,椒江区
浙江省温州市永嘉瓯北马道东路000弄00号,浙江省,温州市,永嘉县
浙江省舟山市普陀区沈家门街道宫下路000号00号楼,上海市,上海市,普陀区
台州台州市路桥区腾达路电子数码城西门,浙江省,台州市,路桥区
浙江省金华市义乌市北苑街道拥军路000号网商创业大厦A座,浙江省,金华市,义乌市
浙江省绍兴市嵊州市桃源路0000号一州大药房,浙江省,绍兴市,嵊州市
滨海新城康阳大道000号浙江理工大学科技与艺术学院校内快递服务点A0宿舍楼下一,天津市,天津市,滨海新区
浙江省杭州市江干区杭州金茂家居广场0楼AA区0号大厅西侧观光电梯旁丰巢,浙江省,杭州市,江干区
萧山区湖头陈北路0号0楼,浙江省,杭州市,萧山区
浙江省杭州市萧山区临浦镇临一村新益佳超市,浙江省,杭州市,萧山区
许村镇A000国道永福段中国石化第八加油站,广西壮族自治区,桂林市,永福县
云龙镇甲村艾里根斯九栋_铁克机电,江苏省,徐州市,云龙区
浙江省衢州市柯城区双港中路速运营业点原单号,浙江省,衢州市,柯城区
靖江中路湖景国际00幢,江苏省,泰州市,靖江市
杭州市西湖区文二西路0000号00幢,浙江省,杭州市,西湖区
龙港镇欧南游泳馆欧南芳园大厦,辽宁省,葫芦岛市,龙港区
浙江省嘉兴市桐乡市濮院镇桐星大道上上城00栋0单元,浙江省,嘉兴市,桐乡市
余杭区乔司镇方桥村,浙江省,杭州市,余杭区
重庆市大足县雍溪镇界牌村0组,重庆市,重庆市,大足县
浙江省诸暨市杨梅桥工业区,浙江省,绍兴市,诸暨市
浙江省杭州市拱墅区祥符街道祥园路荷塘月色,浙江省,杭州市,拱墅区
浙江省杭州市滨江区彩虹城小区,浙江省,杭州市,滨江区
浙江省宁波市江东区福明路0000号恒富大厦A座000楼,浙江省,宁波市,江东区
航海路运河东路路口万科大都会中天建设项目部,河北省,沧州市,运河区
衢州龙游县学士路000号龙游中学门口电联,浙江省,衢州市,龙游县
西藏自治区山南地区桑日县桑日镇岳阳路,西藏自治区,山南市,桑日县
浙江省温州市温州市鹿城区锦绣路与飞霞南路交叉口置信中心0楼,浙江省,温州市,鹿城区
浙江金华市婺城区东市北街0000号,浙江省,金华市,婺城区
浙江杭州萧山区杭州市萧山区宁围镇宁安社区0000号,浙江省,杭州市,萧山区
浙江省宁波市宁海县西店镇阳光幼儿园,浙江省,宁波市,宁海县
义乌市国际商贸城四区00街,浙江省,金华市,义乌市
象山爵溪十字西街0000号,浙江省,宁波市,象山县
江北区庄桥姚家村前姚0号,浙江省,宁波市,江北区
浙江省宁波市余姚市谭家岭西路000号,浙江省,宁波市,余姚市
浙江省台州市黄岩区西城街道洞天路,浙江省,台州市,黄岩区
拱墅区万达广场写字楼A座,浙江省,杭州市,拱墅区
浙江省杭州市江干区九和路000号,浙江省,杭州市,江干区
浙江台州市温岭市松门镇合兴船厂,浙江省,台州市,温岭市
温州市龙湾区海城广新000号,浙江省,温州市,龙湾区
龙湾区永兴街道兴华北路0栋,浙江省,温州市,龙湾区
宁波海曙区蓝天路000号,浙江省,宁波市,海曙区
温州温州市平阳县万兴一区000号,浙江省,温州市,平阳县
台州天台县天台山中路000-000号,浙江省,台州市,天台县
浙江省绍兴市越城区浅水湾陶源,浙江省,绍兴市,越城区
浙江省温州市瓯海区潘桥上师路00号,浙江省,温州市,瓯海区
浙江省杭州市江干区下沙街道华景街0000号龙湖滟澜山0期00幢00单元,浙江省,杭州市,江干区
浙江省瑞安市虹锦路00弄00栋,浙江省,温州市,瑞安市
浙江东阳甘溪西街000号,浙江省,金华市,东阳市
浙江省金华市永康市浙江省金华市永康市龙山镇后宅发展路000号,浙江省,金华市,永康市
湖南省永州市冷水滩区觅香路000号AAAA唐名媛馆代购,湖南省,永州市,冷水滩区
浙江省温州龙湾区永中镇女人街00-00号,浙江省,温州市,龙湾区
台州玉环县凯门科技工业园,浙江省,台州市,玉环县
浙江省-湖州市-德清县新安镇兴盛路000号,浙江省,湖州市,德清县
金华永康市经济开发区银川东路0号,浙江省,金华市,永康市
安徽省阜南县王家坝镇李台村0队000号,安徽省,阜阳市,阜南县
重庆市涪陵区义和镇高峰村0组000号,重庆市,重庆市,涪陵区
浙江省温州鹿城区小南路五洲大厦电联,浙江省,温州市,鹿城区
陆埠镇江南雅苑,广西壮族自治区,南宁市,江南区
慈溪市附海镇观附公路000号,浙江省,宁波市,慈溪市
新杭派五楼大通道,安徽省,淮南市,大通区
浙江省金华市义乌市稠城街道兴港小区000幢0单元,浙江省,金华市,义乌市
温岭市石粘镇后湾新区0栋,浙江省,台州市,温岭市
绍兴柯桥区大阪风情,浙江省,绍兴市,柯桥区
西乡街道固戍万力华工业园,陕西省,汉中市,西乡县
祥符街道莫干山路000号,河南省,开封市,祥符区
浙江省台州市台州市临海市涌泉镇,浙江省,台州市,临海市
滨江区江南大道第六空间大都会建材馆,浙江省,杭州市,滨江区
浙江省杭州市西湖区黄龙路0号恒励大厦0楼黄龙体育中心旁杭州AAA酒吧,浙江省,杭州市,西湖区
嘉兴平湖乍浦南湾南河塘路00号,浙江省,嘉兴市,平湖市
杭州市萧山区鸿兴路000号00号楼0楼,浙江省,杭州市,萧山区
杭州市拱墅区花园岗街000号金通国际大厦,浙江省,杭州市,拱墅区
浙江省杭州市余杭区红卫北路程家村,浙江省,杭州市,余杭区
杭州滨江浦沿街道银爵世纪公寓0幢00单元,浙江省,杭州市,滨江区
浙江省西湖区松木场河西000号,浙江省,杭州市,西湖区
浙江省杭州市萧山区宁围镇富民路00号网吧,浙江省,杭州市,萧山区
浙江省台州市临海市上盘金杏灯村0-000号,浙江省,台州市,临海市
杭州市萧山区_市心北路东方一品0号楼,浙江省,杭州市,萧山区
浙江省金华市义乌市新光国际,浙江省,金华市,义乌市
宁波市海曙区中山东路0000号天一银泰百货珂莱蒂尔专柜,浙江省,宁波市,海曙区
浙江省杭州市西湖区上塘路嘉兴东路拱辰桥东快速公交站旁浙江新盛工地,浙江省,杭州市,西湖区
巴城镇迎宾西路北大资源理城,河北省,唐山市,路北区
杭州市下城区石桥长新里,浙江省,杭州市,下城区
乐清市虹桥镇黎明西路,浙江省,温州市,乐清市
浙江省宁波市北仑区新强街道嵩山路0000号家家好大药房,浙江省,宁波市,北仑区
温州市瓯海区太恒建材城,浙江省,温州市,瓯海区
东部新城银泰城0楼AAAAAAAA,内蒙古自治区,呼和浩特市,新城区
振兴西路0000号附近农副产品批发市场,辽宁省,丹东市,振兴区
浙江省杭州市下城区树园小区00幢000单元,浙江省,杭州市,下城区
浙江省杭州市下城区环北市场0区,浙江省,杭州市,下城区
芝罘区大海洋路000号电联,山东省,烟台市,芝罘区
浙江平湖新埭镇镇南路0000号,浙江省,嘉兴市,平湖市
浙江省湖州市南浔区李家河,浙江省,湖州市,南浔区
虹桥镇飞虹南路飞虹商城A幢,河南省,信阳市,商城县
浙江省绍兴市柯桥区港越新都北区000栋,浙江省,绍兴市,柯桥区
双屿镇黄龙住宅区三区00栋,陕西省,延安市,黄龙县
先锋路街道紫金华庭0号楼0单元,广东省,河源市,紫金县
浒山街道环城北路000号悦目科技,青海省,西宁市,城北区
浙江省温州市龙湾区杨柳路000号阔帅服饰,浙江省,温州市,龙湾区
慈溪观海卫工业园东区韩电集团,浙江省,宁波市,慈溪市
浙江省嘉兴市桐乡市桐乡市崇福镇新益村,浙江省,嘉兴市,桐乡市桐乡市
浙江省杭州市滨江区滨盛路0000号水印城,浙江省,杭州市,滨江区
深圳市龙岗区坂田雪象村亿源通工业区A栋00楼,广东省,深圳市,龙岗区
拱墅区东方府邸,浙江省,杭州市,拱墅区
浙江省嘉兴市海宁市皮革城网商大厦,浙江省,嘉兴市,海宁市
台州玉环三合潭南山村南山二路000号,浙江省,台州市,玉环市
浙江省温岭市城西街道上林村上林洗车店电联,浙江省,台州市,温岭市
浙江省慈溪市观海卫镇育才路裕威超市,浙江省,宁波市,慈溪市
余杭区崇贤街道运河路0号运通网城0号楼AAA0000生活馆,浙江省,杭州市,余杭区
杭州市临安市板桥镇下板桥,浙江省,杭州市,临安市
衢州市柯城区双港中路000号0栋0单元,浙江省,衢州市,柯城区
浙江省杭州市余杭区五常街道荆长大道西溪融庄,浙江省,杭州市,余杭区
浙江省杭州市下城区现代景苑油卡,浙江省,杭州市,下城区
浙江省温州市龙湾区衢江路000号,浙江省,温州市,龙湾区
浙江省杭州市江干区俞章村0号,浙江省,杭州市,江干区
浙江省温州市乐清市柳市浃东办公大楼,浙江省,温州市,乐清市
海盐武原镇新桥北路000号,浙江省,嘉兴市,海盐县
浙江省义乌市戚继光路0000号,浙江省,金华市,义乌市
安定门东大街000号雍和大厦A座,甘肃省,定西市,安定区
苏坡街道金福路0000号龙湖翠微清波0期00栋0单元,广东省,汕头市,龙湖区
浙江宁波市北仑区戚家山街道东海路000号,浙江省,宁波市,北仑区
宁波鄞州区投资创业中心城信路0000号,浙江省,宁波市,鄞州区
瑞安市经济开发区集贤路000号,浙江省,温州市,瑞安市
浙江省温岭市城北街道麻车村0号,浙江省,台州市,温岭市
浙江省台州市温岭市城南镇长沙村岭南佳苑销售部,浙江省,台州市,温岭市
江城路000号嘉景商务楼,广东省,阳江市,江城区
江南大道0000号中南乐游城儿童体验中心,广西壮族自治区,南宁市,江南区
金华市义乌市车站路秦塘小区000栋,浙江省,金华市,义乌市
浙江省宁波市镇海区蟹蒲镇觉渡村汽车东路000号000国道旁,浙江省,宁波市,镇海区
浙江省杭州市余杭区南苑街道风华苑,浙江省,杭州市,余杭区
浙江省舟山市普陀区六横镇可以吗,上海市,上海市,普陀区
浙江省温州市乐清市柳市镇电子大厦,浙江省,温州市,乐清市
舟山舟山市普陀区东港碧海莲缘赤枫苑00幢0单元,上海市,上海市,普陀区
浙江省绍兴柯桥金迪新村,浙江省,绍兴市,柯桥区
龙港镇示范工业园区,辽宁省,葫芦岛市,龙港区
贵州省晴隆县鸡场镇红寨村马道村二组,贵州省,黔西南布依族苗族自治州,晴隆县
城厢街道金城路商会大厦A座000楼,福建省,莆田市,城厢区
新丰路0000号宁波朗生医药有限公司,广东省,韶关市,新丰县
浙江省绍兴市绍兴县华舍镇加西湾,浙江省,绍兴市,绍兴县
永兴街道下洋街000弄00号,湖南省,郴州市,永兴县
浙江省杭州市江干区艮山西路00号浙江气象科技楼,浙江省,杭州市,江干区
浙江省宁波市慈溪市慈溪西三环0000号,浙江省,宁波市,慈溪市慈溪
杭州市西湖区双浦镇小江村0号浦东,浙江省,杭州市,西湖区
浙江省杭州西湖区文三西路0000号,浙江省,杭州市,西湖区
射阳湖镇刁夷村十四组00号,江苏省,盐城市,射阳县
福建省南平市松溪县龙锦花园0号楼0单元,福建省,南平市,松溪县
深圳宝安区大浪元芬新村0000栋,广东省,深圳市,宝安区
台州市路桥区马铺路三门年糕,浙江省,台州市,路桥区
东洲映日苑,辽宁省,抚顺市,东洲区
成都市金牛区一环路西三段0000号城西公寓,四川省,成都市,金牛区
惠城区江北云山西路00号德赛大厦夹层,广东省,惠州市,惠城区
舟山市定海区白泉镇缤纷广场,浙江省,舟山市,定海区
宁波市镇海区蛟川街道中官路000号原安捷起重院,浙江省,宁波市,镇海区
宁波市江北区江北大道000号万达广场室内步行街四层、乐町专卖店,浙江省,宁波市,江北区
长安路已说明损坏不赔寄方已同意,河北省,石家庄市,长安区
德清县雷甸镇塘北村华顺玻璃,浙江省,湖州市,德清县
浙江省杭州市余杭区临平街道荷禹路00号金帝海珀华庭00幢,浙江省,杭州市,余杭区
浙江省宁波市鄞州区启明路0000号,浙江省,宁波市,鄞州区
浙江省义乌市后申塘一区十六栋一单元六楼,浙江省,金华市,义乌市
宁波余姚市郎霞街道维一路电联,浙江省,宁波市,余姚市
浙江省江山市峡口镇定村村王村道000号,浙江省,衢州市,江山市
诸暨市东二路000号宏迪大楼,浙江省,绍兴市,诸暨市
庵东镇杭州湾新区滨海三路方太集团北区收发室,江苏省,盐城市,滨海县
绍兴诸暨市暨阳路000号老中医院电联,浙江省,绍兴市,诸暨市
浙江省温州市永嘉县桥头镇,浙江省,温州市,永嘉县
贵州省凯里市湾水镇湾水村下洋排,贵州省,黔东南苗族侗族自治州,凯里市
义乌商贸城一区四楼,浙江省,金华市,义乌市
浙江省余杭区临平经济开发区_新洲路0000号,浙江省,杭州市,余杭区
浙江省-宁波市-市辖区巴黎会所,浙江省,宁波市,市辖区
义乌市四海大道普罗斯百世汇通00号台,浙江省,金华市,义乌市
杭州下城区石桥路新华经济园000幢0楼东,浙江省,杭州市,下城区
四川省广元市利州区水柜街南院春天二期00栋0单元,四川省,广元市,利州区
柯桥南区南场0楼,浙江省,绍兴市,柯桥区
台州市路桥区腾达路000号,浙江省,台州市,路桥区
温州鹿城区大高桥金盛商厦,浙江省,温州市,鹿城区
浙江省杭州市拱墅区钱江鞋城北三路0000号_江某某,浙江省,杭州市,拱墅区
浙江省台州市天台县三合镇朗树建设村,浙江省,台州市,天台县
嘉兴海宁市双学路嘉海尚府电联,浙江省,嘉兴市,海宁市
浙江省宁波市宁海县桥头胡陆家村永和电子,浙江省,宁波市,宁海县
芜湖市芜湖县红杨镇平行政村下桥自然村00号,安徽省,芜湖市,芜湖县
温岭市大溪镇大溪新村,浙江省,台州市,温岭市
广东-深圳市-宝安区沙井镇德普电子城A座九楼机电区,广东省,深圳市,宝安区
杭州富阳市东洲街道民星路000号,浙江省,杭州市,富阳市
宁波市海曙区苍松路0000号,浙江省,宁波市,海曙区
临平望梅路0000号江南家居广场一楼A区,浙江省,杭州市,临平区
浙江省金华市义乌市大陈二村下洒店00号,浙江省,金华市,义乌市
浙江省温州市苍南县金乡镇兴东中路000号,浙江省,温州市,苍南县
浙江省宁波市余姚市朗霞街道新南王大田屋,浙江省,宁波市,余姚市
解放东路000号中纺中心-服装城,河南省,焦作市,解放区
浙江台州市黄岩东城红三后洋开发区,浙江省,台州市,黄岩区
浙江省金华市义乌市下付小区000栋0单元,浙江省,金华市,义乌市
浙江省杭州市拱墅区朝晖街道潮王路00号,浙江省,杭州市,拱墅区
浙江省杭州市西湖区教工路000号百脑汇,浙江省,杭州市,西湖区
浙江省杭州市西湖区浙江省杭州市余杭区良渚街道通济北路金地自在城东苑,浙江省,杭州市,西湖区
义乌市稠城市民广场A-0区块0号楼0-0号地块00楼,浙江省,金华市,义乌市
广东省深圳市南山区中山园路0000号AAA产业园A0座000楼,黑龙江省,鹤岗市,南山区
龙港镇龙港大道000号名豪君悦五楼沙田名品,辽宁省,葫芦岛市,龙港区
清水公寓00幢00单元,甘肃省,天水市,清水县
浙江杭州市西湖区古墩路0000号文鼎苑,浙江省,杭州市,西湖区
商丘市夏邑区二环路东段北侧,河南省,商丘市,夏邑区
浙江杭州余杭区临平街道办事处,浙江省,杭州市,余杭区
浙江省金华市东阳市陈庄综合楼四楼,浙江省,金华市,东阳市
浙江省桐乡市濮院镇新濮村金家门组000号,浙江省,嘉兴市,桐乡市
杭州市萧山区党山镇大池娄村,浙江省,杭州市,萧山区
金华市永康市花川工业区,浙江省,金华市,永康市
江西省新余市渝水区仰天西大道加州国际公馆00栋0单元,江西省,新余市,渝水区
大新镇友爱路前程家园00高楼三单元,广西壮族自治区,崇左市,大新县
吴兴区八里店镇新经编园区浙江日创机电科技有限公司,浙江省,湖州市,吴兴区
浙江省绍兴市诸暨市大唐镇永新路000号临安菜馆,浙江省,绍兴市,诸暨市
浙江省湖州市吴兴区蜀山路0000号,浙江省,湖州市,吴兴区
宁波市奉化市工业轩区西坞南路000-000号,浙江省,宁波市,奉化市
金华市义乌市江东街道通宝路0000号科博汽修,浙江省,金华市,义乌市
浙金义乌市篁园服装市场,浙江省,金华市,义乌市
浙江省温州市龙湾区石坦环东路0号,浙江省,温州市,龙湾区
杭州市滨江区园区中路000号明德大楼二幢东面九楼,浙江省,杭州市,滨江区
浙江省金华市金东区大堰河街000号东方明珠花园东侧商业楼,浙江省,金华市,金东区
拱墅区假山路000号蓝色霞湾00幢00单元,浙江省,杭州市,拱墅区
平阳县腾蛟镇风翔路00号,浙江省,温州市,平阳县
浙江省秀洲区中山西路金都家苑紫薇苑0号楼,浙江省,嘉兴市,秀洲区
相城区元和镇万里路0000号电联,江苏省,苏州市,相城区
越城区西湖新村渡船坊,浙江省,绍兴市,越城区
浙江省瑞安市东山街道车前街0号,浙江省,温州市,瑞安市
浙江省温州市鹿城区绣山路000号,浙江省,温州市,鹿城区
浙江省温州市鹿城区虞师里000号,浙江省,温州市,鹿城区
浙江杭州拱墅区石祥路0000号海外海商城圣都装饰,浙江省,杭州市,拱墅区
浙江温州市泰顺县泗溪镇下桥桥园农庄,浙江省,温州市,泰顺县
浙江省杭州市余杭区世纪大道000号理想国际大厦,浙江省,杭州市,余杭区
梁辉开发区振兴西路000号西门,辽宁省,丹东市,振兴区
宁波市鄞州区古林布政粮站,浙江省,宁波市,鄞州区
宁波鄞州区宁南北路0000号碧云天小区,浙江省,宁波市,鄞州区
浙江省杭州市下城区凤起路000号,浙江省,杭州市,下城区
浙江省湖州市长兴县润兴路与齐山路交界处领域龙山000幢丰巢,浙江省,湖州市,长兴县
康桥镇康桥路0000弄0号,云南省,临沧市,镇康县
河南省鲁山县张良镇范庄村三组,河南省,平顶山市,鲁山县
宁波慈溪市明州路000号赵立亿体养生馆,浙江省,宁波市,慈溪市
羽山村西城街道羽山村村委会,北京市,北京市,西城区
浙江省绍兴市嵊州市经济开发区区中园,浙江省,绍兴市,嵊州市
浙江宁波市海曙区天一数码广场八楼诚兴电脑,浙江省,宁波市,海曙区
浙江省东阳市巍山镇中横街_00号华莱士,浙江省,金华市,东阳市
杭州余杭临平世纪大道晴彩巴黎,浙江省,杭州市,余杭区
泰顺县司前镇台边村合边,浙江省,温州市,泰顺县
台州市临海古城街道后塘路0000号六单元,浙江省,台州市,临海市
浙江省温州市瑞安市浙江跃进锻造有限公司,浙江省,温州市,瑞安市
浙江省湖州市德清县新城路御翠豪庭,浙江省,湖州市,德清县
浙江省宁波市北仑区大契街道柴楼00号,浙江省,宁波市,北仑区
宁波海曙区通达路0000号西湖花园格林豪泰酒店电联,浙江省,宁波市,海曙区
浙江省宁波市余姚市中国浙江省丽水市遂昌县龙谷路,浙江省,宁波市,余姚市
浙江省杭州市江干区天城东路000号,浙江省,杭州市,江干区
杭大路0号黄龙世纪广场A座,陕西省,延安市,黄龙县
浙江省杭州市上城区光复路000号,浙江省,杭州市,上城区
浙江省慈溪市庵东镇人和街0000号,浙江省,宁波市,慈溪市
浙江省温州市龙湾区罗东街000号,浙江省,温州市,龙湾区
浙江省杭州市萧山区义蓬街道义蓬中路0000号德意义和苑,浙江省,杭州市,萧山区
高唐街道重庆市巫山县圣泉小区,重庆市,重庆市,巫山县
嘉兴市桐乡市梧桐街道杏南路汽车商贸城,浙江省,嘉兴市,桐乡市
瓯海大道000号00幢,浙江省,温州市,瓯海区
湖南省长沙市开福区江滨玫瑰园00栋,湖南省,长沙市,开福区
江山东路000号富盛皮具,浙江省,衢州市,江山市
浙江省龙游县庙下乡庙下村下街路,浙江省,衢州市,龙游县
新兴镇坑李村坑李自然村000号,黑龙江省,七台河市,新兴区
河南省南阳市宛城区瓦店镇段桥0组0号,河南省,南阳市,宛城区
浙江省宁波市江北区育才路000号繁景花园00幢,浙江省,宁波市,江北区
广东省广州市白云区同和蟾蜍东路000号,广东省,广州市,白云区
永嘉县黄田街道东联村黄田办事处,浙江省,温州市,永嘉县
吴兴区二环西路金茂大厦00楼,浙江省,湖州市,吴兴区
金华市兰溪市浙江省金华市兰溪市浙江省兰溪市新人民医院,浙江省,金华市,兰溪市
浙江省嵊泗县菜园镇东方之珠苑00幢00单元,浙江省,舟山市,嵊泗县
江南大道信诚路000号诺基亚西门子通信创新软件园,广西壮族自治区,南宁市,江南区
浙江省杭州市江干区昙花庵路与水湘路交叉口万科大家钱塘府,浙江省,杭州市,江干区
鹿城区东港路洪殿工业区第八栋西边,浙江省,温州市,鹿城区
重庆重庆市江北区华新街街道建新东路000号春江名都,浙江省,宁波市,江北区
浙江省杭州市滨江区彩虹城邻家超市,浙江省,杭州市,滨江区
运河街道唐公村十组鱼桥头,河北省,沧州市,运河区
浙江省金华义乌市稠香街道黎明0区,浙江省,金华市,义乌市
宁波市慈溪市浒山街道慈甬路000-000号,浙江省,宁波市,慈溪市
嘉兴平湖市当湖街道三港路兴州东湖花苑东门电联,浙江省,嘉兴市,平湖市
江苏常州市武进区江苏省常州市_武进区武进经济开发区果香路00号,江苏省,常州市,武进区
浙江省温州市平阳县昆阳镇水亭闸桥街000号,浙江省,温州市,平阳县
浙江省杭州市上城区望江东路000号,浙江省,杭州市,上城区
浙江省温州市龙湾区龙湾区永青路,浙江省,温州市,龙湾区龙湾区
转塘路象山国际艺术区0幢0单元,浙江省,宁波市,象山县
浙江省嘉兴市平湖市朝阳路朝阳嘉苑南区,浙江省,嘉兴市,平湖市
浙江省宁波市AAAA浙江省宁波市江北区宁波市江北区康庄南路钰鼎园00幢,浙江省,宁波市,江北区
浙江省嘉兴市平湖市兴平四路0000号,浙江省,嘉兴市,平湖市
广东省深圳市龙岗区龙城街道怡丰路000号城家公寓0层大堂丰巢,广东省,深圳市,龙岗区
浙江省金华市义乌市于宅,浙江省,金华市,义乌市
浙江省台州市黄岩区城外洲路00号,浙江省,台州市,黄岩区
杭州市余杭区仁和街道东塘村,浙江省,杭州市,余杭区
温州苍南钱库工贸路000号后面理发店,浙江省,温州市,苍南县
鹿城区下吕浦0区闻莺0栋,浙江省,温州市,鹿城区
万全镇郑楼振兴东路000号,河北省,张家口市,万全区
广西壮族自治区柳州市鱼峰区荣军街道永意山语城00栋00单元000楼注_快递哥不用打电话直接放物业办公室谢谢哈不用电话了_本人电话太多请理解,广西壮族自治区,柳州市,鱼峰区
浙江省台州市椒江区海门街道东太和路000号,浙江省,台州市,椒江区
安徽省池州市贵池区高脊岭乡三联村二里组000号,安徽省,池州市,贵池区
鹿城区吴桥路000号静四合院电联,浙江省,温州市,鹿城区
浙江-杭州-余杭区余杭街道西城时代家园,浙江省,杭州市,余杭区
广东省广州市番禺区大石植村西约二街五巷九号,广东省,广州市,番禺区
浙江省舟山市普陀区朱家尖镇庆丰路000号,上海市,上海市,普陀区
浙江金华市义乌市国际商贸城,浙江省,金华市,义乌市
浙江省杭州市余杭区塘栖镇康庭和苑000幢,浙江省,杭州市,余杭区
浙江省杭州市滨江区电话都好好的就,浙江省,杭州市,滨江区
浙江省诸暨市阮市镇花园村口,浙江省,绍兴市,诸暨市
石家庄市裕华区东岗路000号,河北省,石家庄市,裕华区
浙江省宁波市海曙区粮丰街,浙江省,宁波市,海曙区
惠民街道惠通路00号源明木业,山东省,滨州市,惠民县
浙江省杭州市余杭区_乔司镇,浙江省,杭州市,余杭区
浙江省杭州市萧山区浙江省杭州市萧山区宁围镇宁税村000号,浙江省,杭州市,萧山区
临平街道经济开发区龙船坞路000号微时代城00幢0楼AAAAA仓,浙江省,杭州市,临平区
马鞍镇滨海工业区镜海嘉苑000栋00单元,江苏省,盐城市,滨海县
浙江丽水莲都水木清华000栋,浙江省,丽水市,莲都区
中国浙江省温州市龙湾区中心北路0000号,浙江省,温州市,龙湾区
诸暨新世纪花园涵香居,浙江省,绍兴市,诸暨市
台州市路桥区中盛城市广场八楼,浙江省,台州市,路桥区
浙江省宁波市鄞州区其他地区,浙江省,宁波市,鄞州区
桐乡同福工业区宏峰北路000号恒力佳,浙江省,嘉兴市,桐乡市
安昌镇安昌路库克纺织0楼,陕西省,商洛市,镇安县
浙江省诸暨市同山镇高城头村鸿村,浙江省,绍兴市,诸暨市
浙江省杭州市西湖区古墩路0000号同人精华大厦二号楼,浙江省,杭州市,西湖区
广东省广州市海珠区南洲路时代廊桥七栋,广东省,广州市,海珠区
浙江省宁波市象山县新桥镇关头村里洋路00号,浙江省,宁波市,象山县
浙江省宁波市北仑区小港新棉下泥场,浙江省,宁波市,北仑区
宁波市慈溪市附海镇新胜东路,浙江省,宁波市,慈溪市
辽宁省阜新市海洲区中阜路,辽宁省,阜新市,海洲区
浙江省杭州市江干区笕桥镇范家一号路000号,浙江省,杭州市,江干区
文二路000号西湖国际科技大厦A0座,浙江省,杭州市,西湖区
普陀区沈家门鲁家峙鲁川路000号,上海市,上海市,普陀区
云南省宣威市宝山镇得积村委会,云南省,曲靖市,宣威市
温州市泰顺县罗阳镇新城商务区00栋0楼,浙江省,温州市,泰顺县
人瑞路与南浔大道交叉口木德居地板,浙江省,湖州市,南浔区
龙港镇泰源锦园00栋,辽宁省,葫芦岛市,龙港区
浙江省金华义乌国际商贸城0期0区000街,浙江省,金华市,义乌市
浙江嘉兴市嘉善县银都佳苑一幢,浙江省,嘉兴市,嘉善县
浙江嘉兴嘉善县西塘镇大舜工业区,浙江省,嘉兴市,嘉善县
横河真彭桥村桥上河东0号,天津市,天津市,河东区
浙江省温州市永嘉县沿河南路,浙江省,温州市,永嘉县
义乌市苏溪镇杨梅岗村五号,浙江省,金华市,义乌市
浙江省温州市龙湾区汤家桥国大广场雪歌服饰营销中心,浙江省,温州市,龙湾区
广东省-广州市-荔湾区龙溪大道裕海路自编000号A座0楼,广东省,广州市,荔湾区
浙江省绍兴市诸暨市浣东北路0000弄耀江时代广场0单元,浙江省,绍兴市,诸暨市
浙江省杭州市萧山区工人路与山阴路交叉口新白马公寓,浙江省,杭州市,萧山区
杭州江干区九堡镇宣家埠0区,浙江省,杭州市,江干区
浙江省温州市瓯海瓯海区郭溪金州工业园000栋,浙江省,温州市,瓯海瓯海区
乌海市乌达区福临达斜对面创美时,内蒙古自治区,乌海市,乌达区
石浦镇东海半边山旅游度假区麒麟南路000号宁波工人疗养院,江苏省,连云港市,东海县
浙江省杭州市萧山区城厢街道道源路00号,浙江省,杭州市,萧山区
南湖区东方普罗旺斯,浙江省,嘉兴市,南湖区
浙江省衢州市柯城区九华乡沐二村0号,浙江省,衢州市,柯城区
浙江省金华市浦江县人民医院产二科,浙江省,金华市,浦江县
浙江省瑞安市葡萄大酒店,浙江省,温州市,瑞安市
浙江省-杭州-余杭区金恒德汽配城A区00幢,浙江省,杭州市,余杭区
萧山经济技术开发区建设二路0000号锐鹰电商园区,浙江省,杭州市,萧山区
蓝田标准厂房纬一西支路0号,陕西省,西安市,蓝田县
绍兴越城区昌安龙洲花园,浙江省,绍兴市,越城区
杭州市余杭区仓前街道海曙路00号0号楼00楼,浙江省,杭州市,余杭区
福田福华三路财富大厦,广东省,深圳市,福田区
浙江省绍兴市诸暨市山下湖镇华东珠宝城,浙江省,绍兴市,诸暨市
浙江宁波市宁海县跃龙街道华山花园00幢,浙江省,宁波市,宁海县
越城区斗门镇中心大道乐祥铝业,浙江省,绍兴市,越城区
上海上海市浦东新区曹路镇凌空北路永利村八队顾家宅00号,上海市,上海市,浦东新区
浙江省温州市鹿城区湾底路000号,浙江省,温州市,鹿城区
浙江省嵊州市剡湖街道桥东新村,浙江省,绍兴市,嵊州市
湖北省松滋市八宝镇丝线潮村五组,湖北省,荆州市,松滋市
椒江区建设新村00号楼0单元电联,浙江省,台州市,椒江区
遂昌县牡丹亭西路0弄六单元,浙江省,丽水市,遂昌县
金华义乌市北苑丹桂苑00栋,浙江省,金华市,义乌市
东市北街0000号AAA文化创意园A座,山东省,青岛市,市北区
宁波市江北区文教路海田大厦,浙江省,宁波市,江北区
上海浦东新区万德路00弄00号,上海市,上海市,浦东新区
浙江宁波市镇海区骆驼街道荣吉路000号,浙江省,宁波市,镇海区
浙江省杭州市西湖区转塘镇云溪香山00幢五单元,浙江省,杭州市,西湖区
海宁市斜桥镇新建路000号一楼,浙江省,嘉兴市,海宁市
湖南省怀化市麻阳县富州中学,湖南省,怀化市,麻阳县
浙江省慈溪市观海卫镇磨盘山路00号蓉岚电器厂,浙江省,宁波市,慈溪市
浙江省温州市龙湾区天中路,浙江省,温州市,龙湾区
台州台州市仙居县安州街道岭角村西岙水库电联,浙江省,台州市,仙居县
浙江省温州市瑞安市周红路000号,浙江省,温州市,瑞安市
浙江省宁波市北仑区小港兴中路000号,浙江省,宁波市,北仑区
浙江省金华市义乌市苏溪镇朝阳街0号名统服饰,浙江省,金华市,义乌市
浙江省杭州市萧山区瓜沥镇东湖村,浙江省,杭州市,萧山区
广东深圳市宝安区广东省深圳市_宝安区民治花场创业花园000栋,广东省,深圳市,宝安区
杭州市下城区新华坊000幢一单元,浙江省,杭州市,下城区
浙江省温州市乐清市虹桥镇邬家桥村新兴北路00弄0号00楼,浙江省,温州市,乐清市
环城北路0000号坤和中心000楼晕运营部,青海省,西宁市,城北区
越州工贸园区一区00幢河北林旺纺织,天津市,天津市,河北区
浙江省湖州市吴兴区益民路东吴国际广场0层优衣库,浙江省,湖州市,吴兴区
浙江省义乌市苏溪镇永康村00号,浙江省,金华市,义乌市
海城广新路000号,辽宁省,鞍山市,海城市
天津天津市西青区杨柳青镇新华道000号市力源衡器厂,天津市,天津市,西青区
浙江省宁波市鄞州区瞻岐镇滨海投资创业开发区启航北路000号,浙江省,宁波市,鄞州区
温州市鹿城区人民东路谢池市场,浙江省,温州市,鹿城区
沙坪坝区庆大学A区一舍,重庆市,重庆市,沙坪坝区
湖北省武汉市江夏区庙山办事处,湖北省,武汉市,江夏区
江苏省-徐州市-云龙区悦达种鸭合作社,江苏省,徐州市,云龙区
浙江省宁波市宁波市江东区樟树街000号汉德城大厦0楼,浙江省,宁波市宁波市,江东区
深圳福田梅林一村000栋,广东省,深圳市,福田区
浙江省义乌市化苑街道春华路0000号顺成电商园厂00栋A座00楼,浙江省,金华市,义乌市
北仑区保税东区兴业二路0号,浙江省,宁波市,北仑区
湖州市吴兴区同心路0000号,浙江省,湖州市,吴兴区
浙江省衢州市衢江区通江路碧桂园0期凤馨苑,浙江省,衢州市,衢江区
浙江省嘉兴市南湖区亚太路000号,浙江省,嘉兴市,南湖区
浙江省宁波市宁波市鄞州区天童北路,浙江省,宁波市,鄞州区
浙江省金华婺城区江家村苏孟乡苏安新村,浙江省,金华市,婺城区
浙江省温州市平阳县平阳县海西镇斗南新区,浙江省,温州市,平阳县平阳县
浙江省瑞安市安阳街道瑞祥新区瑞温公路0000号一秀大楼,浙江省,温州市,瑞安市
浙江省宁波市鄞州区鄞州大道东段0000号,浙江省,宁波市,鄞州区
浙江省杭州市萧山区南阳镇,浙江省,杭州市,萧山区
宁波余姚马诸镇马漕头村北兴路000号,浙江省,宁波市,余姚市
轻纺城北四区九楼丰棉公司,青海省,西宁市,城北区
浙江省金华市义乌市塘西村000撞三单元,浙江省,金华市,义乌市
浙江省岱山县衙山镇沙龙00号,浙江省,舟山市,岱山县
浙江省湖州市吴兴区高新园区环渚路000号沪升电器内,浙江省,湖州市,吴兴区
鹿城区温州大道与牛山北路0000号,浙江省,温州市,鹿城区
浙江省诸暨市暨阳街道小付家村,浙江省,绍兴市,诸暨市
浙江省拱墅区大浒路大浒东苑,浙江省,杭州市,拱墅区
灵山村杭州鸿浩鞋业有限公司,广西壮族自治区,钦州市,灵山县
浙江省杭州余杭区AAA时代大观0号楼,浙江省,杭州市,余杭区
上海市松江区中山街道辰花路000弄000号莱顿小城,上海市,上海市,松江区
浙江省宁波海曙区科创大厦,浙江省,宁波市,海曙区
浙江省温州市文成县沿溪西路,浙江省,温州市,文成县
浙江省宁波市慈溪市浙江省宁波市慈溪市浒山街道东方明珠城00号楼,浙江省,宁波市,慈溪市
宁波象山石浦镇曙光路0号,浙江省,宁波市,象山县
西安市雁塔区南二环西段0000号君度咖啡厅,陕西省,西安市,雁塔区
西湖区文三路中小企业大厦,浙江省,杭州市,西湖区
浙江省温州市鹿城区兴墅路0号,浙江省,温州市,鹿城区
瑞安市罗阳大道瑞嘉庭院物业办公室门口电联,浙江省,温州市,瑞安市
中国浙江省温州市瑞安市镇中路000号,浙江省,温州市,瑞安市
浙江省义乌市廿三里街道开元北街龙潭路000号,浙江省,金华市,义乌市
温岭市城北街道中大街00号,浙江省,台州市,温岭市
浙江省温州市鹿城区方工路,浙江省,温州市,鹿城区
温州鹿城区解放路解放街0000号电联,浙江省,温州市,鹿城区
浙江省杭州市上城区清泰南苑,浙江省,杭州市,上城区
中山西路000号木妈妈玩具有限公司,辽宁省,大连市,中山区
浙江省台州市温岭市泽国牧屿,浙江省,台州市,温岭市
浙江省温州市瓯海区塘下镇塘梅路00号,浙江省,温州市,瓯海区
浙江-嘉兴-海宁市永福村陈家浜000号,浙江省,嘉兴市,海宁市
义乌江东街道下湾村0区00栋地下室仓库,浙江省,金华市,义乌市
广东省深圳市龙岗区广东深圳市平湖凤凰大道000号,广东省,深圳市,龙岗区
浙江省杭州市滨江区浦沿街道立业园八号楼,浙江省,杭州市,滨江区
上海上海市黄浦区龙江街道0000号龙江大厦,上海市,上海市,黄浦区
浙江省杭州市江干区碑亭路000号新九天丝绸羊绒专业批发,浙江省,杭州市,江干区
浙江省台州市临海市桃渚镇临海市第五人民医院防保科,浙江省,台州市,临海市
浙江省杭州市西湖区余杭塘路0000号浙江大学紫金港校区西,浙江省,杭州市,西湖区
金华东阳横店镇电子工业园区昌盛路000号,浙江省,金华市,东阳市
浙江省龙泉市城东一路0000号,浙江省,丽水市,龙泉市
浙江省宁波市浙江省宁波市慈溪市掌起镇任佳溪村横筋中路00号,浙江省,宁波市,慈溪市
浙江省台州市温岭市浙江省台州市温岭市锦屏大道,浙江省,台州市,温岭市
城中街道东兴步行街00号门面000度,广西壮族自治区,柳州市,城中区
温州市龙湾区海工大道秦集三路,浙江省,温州市,龙湾区
广东广州市天河区广东省广州市_天河区龙洞渔沙坦渔西路,广东省,广州市,天河区
浙江省杭州市西湖区古荡新村东000幢0单元,浙江省,杭州市,西湖区
浙江省杭州市下城区建国北路000号利兹公寓,浙江省,杭州市,下城区
白云区合昌物流园A区,广东省,广州市,白云区
松江区雪家桥路0弄000号,上海市,上海市,松江区
城厢利民花园000栋,福建省,莆田市,城厢区
浙江省慈溪市横河镇子陵村大园,浙江省,宁波市,慈溪市
浙江省杭州市拱墅区莫干山路0000弄三宝中博文创园A座,浙江省,杭州市,拱墅区
浙江-湖州市-安吉县浙江省湖州市安吉县浙江省湖州市安吉县新华路00号,浙江省,湖州市,安吉县
红旗路规划大楼000楼景观室,河南省,新乡市,红旗区
浙江省湖州市德清县新市镇谷门村村委会,浙江省,湖州市,德清县
浙江省杭州市萧山区南环路0000号,浙江省,杭州市,萧山区
浙江省杭州市江干区同斜路000号玉锦综合楼一楼,浙江省,杭州市,江干区
江北区人民路0000号宁大附属医院0号楼00楼医生办公室,浙江省,宁波市,江北区
西溪路000号黄龙雅苑00幢,陕西省,延安市,黄龙县
浙江省杭州市余杭区临平邱山大街000号迎宾楼0楼,浙江省,杭州市,余杭区
海曙丽园馨都,浙江省,宁波市,海曙区
中山大道西棠下村达善大街000号,辽宁省,大连市,中山区
杭州市下城区建国北路000号,浙江省,杭州市,下城区
浙江省温州市鹿城区金桥路00号,浙江省,温州市,鹿城区
黄岩区劳动南路0000号睛明视力电联,浙江省,台州市,黄岩区
鹿城区万源路与市府路交叉口温州大公馆,浙江省,温州市,鹿城区
浙江绍兴诸暨市大唐顺丰快递,浙江省,绍兴市,诸暨市
北京市东城区东兴隆街000号北京商界A座00层,北京市,北京市,东城区
浙江省永康市南苑东路000号,浙江省,金华市,永康市
浙江省-温州市-苍南县金乡镇城北大街0000号,浙江省,温州市,苍南县
宁波北仑大契大埔河北路00号,浙江省,宁波市,北仑区
玉城街道城关犁头嘴村村部对面琴海通讯,西藏自治区,拉萨市,城关区
义乌市黎明湖路0000号,浙江省,金华市,义乌市
浙江省杭州市淳安县千岛湖镇枇杷园0幢八单元,浙江省,杭州市,淳安县
余姚低塘镇姚北工业区A区,浙江省,宁波市,余姚市
浙江省衢州市衢江区樟潭街道平塘村村民委员会,浙江省,衢州市,衢江区
浙江省杭州市江干区丁兰路一巷00号,浙江省,杭州市,江干区
浙江省萧山区益农镇红阳路杭州雄鹰精细化工有限公司,浙江省,杭州市,萧山区
苍南县龙港镇码头街0000号,浙江省,温州市,苍南县
江苏省-徐州市-新沂市新店镇小胡街邮局向,江苏省,徐州市,新沂市
浙江省杭州市拱墅区莫干山路0000号石化招待所0楼电联,浙江省,杭州市,拱墅区
新疆维吾尔自治区乌鲁木齐市新市区乌鲁木齐经济技术开发区街道迎宾路北五巷00号永昌社区,新疆维吾尔自治区,乌鲁木齐市,新市区
海宁市盐官镇郭店建设路000号,浙江省,嘉兴市,海宁市
贵州省遵义市遵义县南白镇贵州省遵义县播州区南白镇阳光花园A区0号楼,贵州省,遵义市,遵义县
浙江省德清县武康镇东苑新村00幢,浙江省,湖州市,德清县
浙江嵊州市嵊州大道北0000号浙昂利康制药有限公司,浙江省,绍兴市,嵊州市
湖北省武汉市洪山区民族大道光谷时间广场00楼赶集网,湖北省,武汉市,洪山区
青口西区00栋二单元地下室,四川省,攀枝花市,西区
浙江省杭州市临安市钱王街000号0层杭州天目建筑设计院,浙江省,杭州市,临安市
重庆重庆市九龙坡区谢家湾街道重庆市九龙坡区谢家湾华润二十城央玺000栋,重庆市,重庆市,九龙坡区
浙江省嘉兴市桐乡市濮院镇桐星大道000号美高酒店,浙江省,嘉兴市,桐乡市
宁波余姚市城东新区科创中心0号楼0楼南区,浙江省,宁波市,余姚市
浙江省杭州市滨江区聚园路00号滨康小区000栋00单元,浙江省,杭州市,滨江区
浙江省温州市瑞安市马屿镇宋岙村乐尚箱包厂,浙江省,温州市,瑞安市
温州瓯海区娄桥镇东风工业区东风北路000号,浙江省,温州市,瓯海区
浙江省台州市黄岩区重要物品需联系本人签收谢谢,浙江省,台州市,黄岩区
永胜校区000栋0单元00楼,云南省,丽江市,永胜县
浙江省杭州市江干区运河东路000号公安厅高速公路交通警察总队,浙江省,杭州市,江干区
余杭区沟庄农副产品物流中心冷冻市场西区,浙江省,杭州市,余杭区
站前东小区侨宇花苑,辽宁省,营口市,站前区
浙江省台州市温岭市温峤镇工具市场,浙江省,台州市,温岭市
台州市黄岩区劳动北路00号大禾通讯,浙江省,台州市,黄岩区
台州市黄岩区印山路000号,浙江省,台州市,黄岩区
黄岩蓝色多瑙河,浙江省,台州市,黄岩区
宁波市余姚市马渚镇横江路,浙江省,宁波市,余姚市
平阳县解放北路00-00号桃花酒坊,浙江省,温州市,平阳县
福建省泉州市石狮市英林下伍堡锦兴正麒,福建省,泉州市,石狮市
台州市路桥区峰江街道上陶村,浙江省,台州市,路桥区
杭州市余杭区乔司镇朝阳村,浙江省,杭州市,余杭区
义乌市义东路000号电联,浙江省,金华市,义乌市
金华婺城区三路口更新街0号,浙江省,金华市,婺城区
杭州市萧山区大成名座0栋00单元,浙江省,杭州市,萧山区
浙江省杭州市余杭区乔司街道五星工业园区000幢,浙江省,杭州市,余杭区
义乌市义亭镇黄林工业区嫦娥路000号,浙江省,金华市,义乌市
义乌市南下朱皮革市场A区000幢,浙江省,金华市,义乌市
萧山商业城五金市场,浙江省,杭州市,萧山区
广东深圳宝安区宝安00区裕安二路裕安新苑A座,广东省,深圳市,宝安区宝安
杭州市余杭区星桥街道杭州北车辆段,浙江省,杭州市,余杭区
辽宁省沈阳市和平区店口镇,天津市,天津市,和平区
浙江省金华义乌市荷叶塘洪界路000号00楼电联,浙江省,金华市,义乌市
浙江省-杭州市-富阳市鹿山街道陆家村中心中路,浙江省,杭州市,富阳市
湖南省衡阳市蒸湘区大栗新村,湖南省,衡阳市,蒸湘区
台州温岭三星大道兴兴公寓,浙江省,台州市,温岭市
四川省达州市达川区达州南外二号干道中青家居000栋五楼,四川省,达州市,达川区
杭州市余杭区瓶窑镇羊城路00号,浙江省,杭州市,余杭区
长丰街道北城国际A区三号楼五单元,安徽省,合肥市,长丰县
杭州市萧山区闻堰镇湘湖人家,浙江省,杭州市,萧山区
城西北路000号浙江帼瑞实业有限公司,青海省,西宁市,城西区
浙江省桐乡市崇福镇开发区,浙江省,嘉兴市,桐乡市
河南省辉县市西平罗乡兆村,河南省,新乡市,辉县市
宁波江东世纪东方商业广场写字楼,浙江省,宁波市,江东
乐清市柳市镇柳白路蝉东停车场电联,浙江省,温州市,乐清市
浙江-绍兴-柯桥区柯桥区群贤路,浙江省,绍兴市,柯桥区柯桥区
北京通州张家湾三间房000号九阳仓库,北京市,北京市,通州区
义乌市丹溪二区,浙江省,金华市,义乌市
舟山定海区金塘镇东堠路000号对面,浙江省,舟山市,定海区
浙江省台州市黄岩区高桥街道石牛渡村,浙江省,台州市,黄岩区
浙江省宁波市宁海县桥头胡街道彬彬文具旁边汽车城工地,浙江省,宁波市,宁海县
新疆省阿克苏地区阿拉尔市十六团河花池,新疆维吾尔自治区,阿克苏地区,阿拉尔市
金华东阳市学士北路0号外国语学校门口,浙江省,金华市,东阳市
上海上海市浦东新区浙江省青田县油竹街道青田进出口商品城,上海市,上海市,浦东新区
浙江省宁波市鄞州区滨江花苑000弄00号,浙江省,宁波市,鄞州区
浙江宁波江北区开元路000弄000号,浙江省,宁波市,江北区
宁波市鄞州区集仕港镇春华路0000号电商产业园0号楼,浙江省,宁波市,鄞州区
浙江省义乌市佛堂镇丹桂路九号,浙江省,金华市,义乌市
上海市松江区银都西路0000号A栋AAAAAAAAA女装旗舰店,上海市,上海市,松江区
浙江杭州滨江区倾城之恋00幢0单元,浙江省,杭州市,滨江区
江苏省苏州市昆山市玉山城南新城域,江苏省,苏州市,昆山市
浙江省杭州市余杭区见面单,浙江省,杭州市,余杭区
临安高虹镇活山村000号,浙江省,杭州市,临安区
浙江省金华市婺城区白龙桥镇金龙路0号,浙江省,金华市,婺城区
平湖市独山港镇创业路南000米,浙江省,嘉兴市,平湖市
宁波鄞州区藕池百桥工业区宁波鄞工缝纫机有限公司,浙江省,宁波市,鄞州区
瑞安滨江大道明珠大厦,浙江省,温州市,瑞安市
中山东路000号东门银泰五楼AAAA,辽宁省,大连市,中山区
浙江省杭州市桐庐县横村镇祥和路000号0楼,浙江省,杭州市,桐庐县
余姚市临山镇湖提村湖田000号,浙江省,宁波市,余姚市
浙江省杭州市下城区长浜路新天地街星城发展0幢,浙江省,杭州市,下城区
南部商务区迪趣大厦,四川省,南充市,南部县
红旗新区00-0栋_00单元,河南省,新乡市,红旗区
环湖路环湖路与九龙大道交叉口,四川省,甘孜藏族自治州,九龙县
义乌市江东街道下傅小区000栋,浙江省,金华市,义乌市
四川省成都市武侯区族桥街道龙井南街0000号,四川省,成都市,武侯区
小伊乡江苏省灌云县小伊乡小伊街,江苏省,连云港市,灌云县
浙江省绍兴市诸暨市城区东一路00号诸暨旅游局,浙江省,绍兴市,诸暨市城区
浙江省绍兴市上虞区曹娥街道永兴路000号0幢,浙江省,绍兴市,上虞区
浙江省宁波市江北区翠柏西巷双东坊社区000号,浙江省,宁波市,江北区
浙江杭州余杭区羊山公寓-0幢0单元,浙江省,杭州市,余杭区
仓前街道仓前工业园区海曙路000号,浙江省,宁波市,海曙区
浙江省绍兴市浙江绍兴柯桥柯北工业园区曙光路0号浙江金点子纺织有限公司,浙江省,绍兴市,柯桥区
萧山区所前镇南部物流城,浙江省,杭州市,萧山区
白银市平川区电力路街道兴隆二期0号楼,甘肃省,白银市,平川区
浙江省宁波市慈溪市古塘镇太崎村车子舍路000号,浙江省,宁波市,慈溪市
河南省商丘市宁陵县南关白酒检验中心胡同北五十米,河南省,商丘市,宁陵县
浙江省衢州市柯城区世纪大道0000号浙江省衢州市柯城区超翔汽车租赁服务部,浙江省,衢州市,柯城区
浙江省温州市龙湾区横街东路000号,浙江省,温州市,龙湾区
温州市龙湾区瑶溪街道南山村_南景路000号,浙江省,温州市,龙湾区
鄞州区金谷南路000号创新000国际公寓,浙江省,宁波市,鄞州区
金华市义乌市无名路诚信0区000栋,浙江省,金华市,义乌市
宁波市鄞州区高桥镇秀丰村,浙江省,宁波市,鄞州区
浙江省舟山市普陀区浙江省舟山市普陀区,上海市,上海市,普陀区
新安江街道新时代广场东楼六单元,河南省,洛阳市,新安县
浙江台州温岭市横峰镇步云路000号良平,浙江省,台州市,温岭市
浙江省杭州市下城区石桥街道新天地商务中心0幢尚座东楼,浙江省,杭州市,下城区
中国浙江省杭州市建德市新安路0000号,浙江省,杭州市,建德市
绍兴市诸暨市江藻镇渔江村,浙江省,绍兴市,诸暨市
浙江省杭州市建德市浙江省杭州市建德市三都镇工业园区,浙江省,杭州市,建德市
浙江省宁波市慈溪市慈溪市庵东镇杭州湾世纪城白鹿原00栋电联,浙江省,宁波市,慈溪市慈溪市
吴兴区织里镇佩林路000号,浙江省,湖州市,吴兴区
宁波鄞州区民惠西路000号鄞州银行0楼电联,浙江省,宁波市,鄞州区
浙江省杭州市下城区皇亲苑00幢0单元,浙江省,杭州市,下城区
浙江磐安窈川乡中心幼儿园,浙江省,金华市,磐安县
浙江省舟山市普陀区桃花镇鹁鸪门村下透,上海市,上海市,普陀区
浙江省杭州市萧山区北干街道北塘路0000号天科建设0楼电商部,浙江省,杭州市,萧山区
浙江省杭州市江干区中国浙江省杭州市余杭区东兴路,浙江省,杭州市,江干区
金华义乌福田大厦A座00楼,浙江省,金华市,义乌市
浙江省杭州市萧山区杭州市萧山区萧山国际机场,浙江省,杭州市,萧山区
萧山桥南开发区鸿兴路000号,浙江省,杭州市,萧山区
浙江省龙游县灵山乡下徐村下徐西路0号,浙江省,衢州市,龙游县
南海区里水大步村先机工业园A0栋五楼,广东省,佛山市,南海区
宁波市镇海区骆驼街道骆驼公寓,浙江省,宁波市,镇海区
义乌市苏溪镇人民路0000号,浙江省,金华市,义乌市
宁海县桃源街道金山三路000号,浙江省,宁波市,宁海县
瑞安市滨江大道0000号飞云江边防派出所电联,浙江省,温州市,瑞安市
浙江省-台州市-路桥区马铺路园丁苑00幢,浙江省,台州市,路桥区
浙江省温州市平阳县水头镇泾川东路0000号,浙江省,温州市,平阳县
广东广州市番禺区广东省广州市_番禺区南村镇时代倾城荣达时代幼儿园,广东省,广州市,番禺区
浙江义乌金鳞北路0000-0号,浙江省,金华市,义乌市
浙江省绍兴市越城区风林西路000号中成大厦,浙江省,绍兴市,越城区
浙江省东阳市湖溪镇金宅村上光岭000号,浙江省,金华市,东阳市
梧田瓯海大道隔岸北苑0幢,浙江省,温州市,瓯海区
浙江省台州市温岭市温峤镇青屿村清扬路00号正对门,浙江省,台州市,温岭市
绍兴市柯桥区永利大厦A座000楼,浙江省,绍兴市,柯桥区
柯城区百汇路000号京都花园00栋00单元,浙江省,衢州市,柯城区
乌镇青镇路00号黄金水岸乌镇黄金水岸大酒店,河南省,郑州市,金水区
杭州市余杭区良渚镇亿丰最家空间八楼,浙江省,杭州市,余杭区
福建省厦门市湖里区枋湖社区穆厝社0000号源生公寓A栋,福建省,厦门市,湖里区
浙江杭州江干区双菱路00号采荷伊利经营部,浙江省,杭州市,江干区
浙江省杭州市桐庐县城南街道瑶琳西路上林春天00栋,浙江省,杭州市,桐庐县
塘下镇场桥上叶龙山东路000号,吉林省,辽源市,龙山区
金华义乌市商城大道商城星座,浙江省,金华市,义乌市
上海上海市宝山区淞兴西路000号,黑龙江省,双鸭山市,宝山区
江浙省宁波市海曙区白公街000弄-,浙江省,宁波市,海曙区
人民路江南春城00幢00单元,广西壮族自治区,南宁市,江南区
浙江省温州市苍南县宜山镇进源路000号,浙江省,温州市,苍南县
浙江温州市龙湾区滨海园区五道0000号,浙江省,温州市,龙湾区
四川省简阳市望水乡望水村0组00号,四川省,成都市,简阳市
浙江省杭州市余杭区浙江省杭州市余杭区塘栖康宁合府00栋,浙江省,杭州市,余杭区
浙江省杭州市西湖区古墩路00号_三幢,浙江省,杭州市,西湖区
浙江省温州瓯海区丽岙街道姜宅村西湖路0-0号,浙江省,温州市,瓯海区
桐乡市大麻镇杭州湾轻纺城,浙江省,嘉兴市,桐乡市
友谊路杭州正大纺织有限公司,黑龙江省,双鸭山市,友谊县
安徽省安庆市桐城市龙眠西路000号桐城师范高等专科学校,安徽省,安庆市,桐城市
安徽省利辛县胡集镇牛大村牛山庄000户,安徽省,亳州市,利辛县
瓯北镇赵宅街赵东路00-0号,辽宁省,锦州市,北镇市
象山县丹东街道靖南大街0000号,浙江省,宁波市,象山县
岐山路000号宁波得利时泵业有限公司,陕西省,宝鸡市,岐山县
邗江区翠岗西路0000号紫荆苑,江苏省,扬州市,邗江区
曹娥街道振兴新村000幢,辽宁省,丹东市,振兴区
温州瑞安市安阳镇嘉宝锦园A幢,浙江省,温州市,瑞安市
浙江杭州西湖区杨梅山路和家园鼎园000幢0单元,浙江省,杭州市,西湖区
上海上海市浦东新区惠南镇勤丰村00组0000号,上海市,上海市,浦东新区
杭州市萧山区新塘街道东瑞四路西许村,浙江省,杭州市,萧山区
安徽省黄山市黄山区财政局对面中电办公设备,安徽省,黄山市,黄山区
浙江省杭州市滨江区星耀城0号楼观象,浙江省,杭州市,滨江区
义乌市三七省道边雪琪饰品楼下,浙江省,金华市,义乌市
平阳县腾蛟镇邮电路000号,浙江省,温州市,平阳县
江苏省南京市江宁区金盛路0000号,江苏省,南京市,江宁区
浙江省温州市AAAA浙江温州市龙湾区永中街道龙海景苑0幢,浙江省,温州市,龙湾区
余姚市梨洲街道谭家岭东路000号万盛不锈钢,浙江省,宁波市,余姚市
浙江省杭州市江干区杭海路0000号三楼,浙江省,杭州市,江干区
朝阳区芍药居北里世奥国际中心A座,北京市,北京市,朝阳区
绍兴柯桥东升路市场A区一楼,浙江省,绍兴市,柯桥区
高新区海棠路0000号荟博雅苑0号门,海南省,三亚市,海棠区
浙江省台州市温岭市温西工具市场西门对面锦桥商城00幢,浙江省,台州市,温岭市
浙江省嘉兴市秀洲区洪合镇国际毛衫城东区八楼,浙江省,嘉兴市,秀洲区
桐乡市濮院镇新东村村委会,浙江省,嘉兴市,桐乡市
惠州惠州市惠城区小金口镇四角楼顺成加油站斜对面,广东省,惠州市,惠城区
江陵路与聚圆路交叉口茂源大厦,湖北省,荆州市,江陵县
福建省-厦门市-湖里区湖里大道000号万山一号,福建省,厦门市,湖里区
朝阳区朝阳路褡裢坡给水小区东院,北京市,北京市,朝阳区
浙江省金华市永康市铜陵西路八号对面华联配送超市,浙江省,金华市,永康市
嘉兴市南湖区吉水路秀水学院,浙江省,嘉兴市,南湖区
余杭区乔司镇城隍中路,浙江省,杭州市,余杭区
城东街道宁康东路000弄0号,青海省,西宁市,城东区
湖南省长沙市岳麓区西湖街道湖南省肿瘤医院入出院结算中心,湖南省,长沙市,岳麓区
杭州市滨江区江虹南路0000号00号楼八楼,浙江省,杭州市,滨江区
余姚市阳明西路0000号富达公寓,浙江省,宁波市,余姚市
沈阳市沈河区沈阳路东华南巷二号沈河分局经侦大队,辽宁省,沈阳市,沈河区
义乌市稠州西路0000号后幢小店旁电梯00楼,浙江省,金华市,义乌市
杭州西湖区西湖科技园西园0路00号电联,浙江省,杭州市,西湖区
浙江省绍兴市柯桥区柯桥老市场永康针织,浙江省,绍兴市,柯桥区
浙江省宁波市奉化市浙江省宁波市奉化市溪口镇雪窦山客运中心对面中核华兴工地,浙江省,宁波市,奉化市
浙江省岱山县岱西镇益民路000号,浙江省,舟山市,岱山县
浙江省杭州市江干区下沙街道金湾公寓,浙江省,杭州市,江干区
金华市浦江星黄镇钟村临江路00号,浙江省,金华市,浦江县
励骏商业大厦金东路0000号,浙江省,金华市,金东区
辽宁省营口市大石桥市博洛铺镇荣凤批发部,辽宁省,营口市,大石桥市
浙江省温州市苍南县灵溪镇建兴东路0000号,浙江省,温州市,苍南县
浙江省嘉兴市桐乡市浙江省嘉兴市桐乡市桐乡市濮院镇,浙江省,嘉兴市,桐乡市
浙江省宁波市江北区汇昌物流庄桥镇宁慈东路000号,浙江省,宁波市,江北区
浙江省嘉兴市桐乡市龙翔街道,浙江省,嘉兴市,桐乡市
浙江省金华义乌市江东街道候儿小区,浙江省,金华市,义乌市
浙江省丽水市莲都区水阁镇遂松路0000号,浙江省,丽水市,莲都区
金华永康花川工业区玉桂路00号,浙江省,金华市,永康市
浙江省杭州市上城区秋涛路00号爱丁堡酒店综合办公室,浙江省,杭州市,上城区
普陀山风景区普陀山梵音古洞,上海市,上海市,普陀区
龙港双排街000号明轩车行,辽宁省,葫芦岛市,龙港区
浙江上虞锦茂大厦,浙江省,绍兴市,上虞区
杭州市江干区钱潮路00号江干体育中心五楼悠点文化,浙江省,杭州市,江干区
浙江省台州市黄岩区浙江省台州市黄岩区南城开发区义屋村000号,浙江省,台州市,黄岩区
浙江省金华市义乌市北苑街道纯派路00号厂房00楼,浙江省,金华市,义乌市
湖北省黄冈市黄梅县中国浙江省杭州市江干区杭海路0000号,湖北省,黄冈市,黄梅县
浙江省嘉兴市桐乡市濮院镇紫金路0000号,浙江省,嘉兴市,桐乡市
绍兴诸暨市应店街镇工业园区中兴人防,浙江省,绍兴市,诸暨市
浙江省杭州市西湖区黄姑山路00号颐高创业大厦,浙江省,杭州市,西湖区
浙江省杭州市建德市新安江街道新安江凤凰家园00幢,浙江省,杭州市,建德市
永康市石柱镇百福临大道0号旁,浙江省,金华市,永康市
城厢街道育才西苑000幢00单元,福建省,莆田市,城厢区
中山东路000号天一国际购物中心0A,辽宁省,大连市,中山区
浙江省-嘉兴市-市辖区江津镇双桥村,浙江省,嘉兴市,市辖区
义乌市苏溪镇学苑小区,浙江省,金华市,义乌市
浙江省杭州市余杭区五常街道横板桥社区00号手机店,浙江省,杭州市,余杭区
浙江省杭州市西湖区翠苑新村一区,浙江省,杭州市,西湖区
江苏省扬州市市辖区文兴路,江苏省,扬州市,市辖区
海南省三亚市三亚市天涯区水城路公安局金盾小区00栋,海南省,三亚市,天涯区
浙江省嘉兴市海宁市斜桥镇盛天云电子商务0幢0层,浙江省,嘉兴市,海宁市
浙江省台州市黄岩区新前牟村,浙江省,台州市,黄岩区
浙江省温州市鹿城区南浦路000号,浙江省,温州市,鹿城区
绍兴诸暨天马小学对面教师公寓A栋,浙江省,绍兴市,诸暨市
嘉兴嘉兴市桐乡市和平路000号剪神欧美造型,浙江省,嘉兴市,桐乡市
浙江省绍兴市柯桥区鉴湖路中泽嘉园0幢,浙江省,绍兴市,柯桥区
拱墅区和目路0号元谷创意园,浙江省,杭州市,拱墅区
杭州市下城区建国北路000号,浙江省,杭州市,下城区
浙江省温州市永嘉县瓯北镇罗浮商贸城A幢三单元,浙江省,温州市,永嘉县
义乌市望复家园,浙江省,金华市,义乌市
浙江省杭州市西湖区港湾家园00幢,浙江省,杭州市,西湖区
北京北京市大兴区观音寺小区,北京市,北京市,大兴区
义乌市佛堂镇建设中路000号绝味鸭脖,浙江省,金华市,义乌市
浙江省台州市玉环县城中路春华教育,浙江省,台州市,玉环县
浙江-台州-路桥区震镒小超市,浙江省,台州市,路桥区
浙江省杭州市杭州市余杭区新天路0000号八楼AA,浙江省,杭州市,余杭区
柯桥北三区八楼,浙江省,绍兴市,柯桥区
海曙区集仕港春华路0000号0楼,浙江省,宁波市,海曙区
鄞州区聚才路0号安能物流分拨中心电联,浙江省,宁波市,鄞州区
浙江省杭州市江干区彭埠镇七堡新村000号0楼,浙江省,杭州市,江干区
浙江省瑞安市新城镇育才北路000号,浙江省,温州市,瑞安市
浙江省台州市椒江区东环大道君悦大厦A幢000层,浙江省,台州市,椒江区
浙江省嘉兴市海宁市斜桥镇时尚产业园区00幢,浙江省,嘉兴市,海宁市
浙江嘉兴海盐县核电闻琴苑,浙江省,嘉兴市,海盐县
杭州市余杭区临平邱山大街0000号,浙江省,杭州市,余杭区
广东省广州市海珠区赤岗西路000号金帆大厦西梯00楼,广东省,广州市,海珠区
浙江省杭州市上城区庆春路000号中河大厦杭州仁泰通讯器材有限公司,浙江省,杭州市,上城区
杭州市余杭区闲林街道联荣路000号,浙江省,杭州市,余杭区
越城区袍江经济开发区镇海路00号,浙江省,绍兴市,越城区
永丰街办事处龙珠路00号龙阳御园速递易,江西省,吉安市,永丰县
鄞州区天童南路嘉华大厦0楼,浙江省,宁波市,鄞州区
浙江省绍兴柯桥区滨海北十路浙江新三印染公司三车间,浙江省,绍兴市,柯桥区
浙江省温州市龙湾区岩岙路,浙江省,温州市,龙湾区
鄞州区集市港镇西路村路南000号,浙江省,宁波市,鄞州区
浙江省宁波市镇海区庄市街道芳辰丽阳,浙江省,宁波市,镇海区
芙蓉工业区成科工具有限公司,湖南省,长沙市,芙蓉区
义乌市诚信一区00栋0号门,浙江省,金华市,义乌市
山阴路0000号恒隆广场A座0楼莱姿回收寄售,山西省,朔州市,山阴县
浙江省温州市平阳县水头镇皮件工业园区建安路00号,浙江省,温州市,平阳县
安徽省宿州市萧县中国浙江省宁波市江北区洪大路,安徽省,宿州市,萧县
浙江省宁波市宁海县上桥路00号,浙江省,宁波市,宁海县
浙江省嘉兴市秀洲区洪兴路与友谊街交叉爱尚网咖,浙江省,嘉兴市,秀洲区
浙江省金华市义乌市青口东区00栋,浙江省,金华市,义乌市
江阴市华士镇陆桥荷花北路000号,江苏省,无锡市,江阴市
湖州市南浔区菱湖镇中行路000号,浙江省,湖州市,南浔区
浙江省杭州市萧山区新塘街道新丰村西河沈000号,浙江省,杭州市,萧山区
上城区南宋御街格林豪泰酒店前台,浙江省,杭州市,上城区
苍南县宜山镇车桥路车桥商厦0单元,浙江省,温州市,苍南县
宁波慈溪市掌起镇东埠头易瑞,浙江省,宁波市,慈溪市
浙江省舟山市定海区中国浙江省温州市瓯海区园区西路,浙江省,舟山市,定海区
上海上海市黄浦区金州电商园,上海市,上海市,黄浦区
宁波宁波市海曙区镇明路000号中信银行大厦000楼中宏保险电联,浙江省,宁波市,海曙区
浙江省宁波市江东区达升路,浙江省,宁波市,江东区
杭州市余杭区兴旺工业城塘岭路000号,浙江省,杭州市,余杭区
浙江省杭州市滨江区西兴街道宏图路00号,浙江省,杭州市,滨江区
龙港镇纺织五街000号小店,辽宁省,葫芦岛市,龙港区
上城区华光路0号吴山花鸟城0楼走廊,浙江省,杭州市,上城区
嵊州市江滨西路000号,浙江省,绍兴市,嵊州市
婺城区青春路000号电联,浙江省,金华市,婺城区
滨江区西兴路0000号风情苑000幢0单元,浙江省,杭州市,滨江区
辽宁省大连市旅顺口区顺乐街000号辽宁对外经贸学院,辽宁省,大连市,旅顺口区
椒江区东环大道0000号五联大厦00楼,浙江省,台州市,椒江区
金华婺城区阳光路工商城,浙江省,金华市,婺城区
慈溪市周巷镇二塘村村委会电联,浙江省,宁波市,慈溪市
浙江宁波市象山县城东工业园玉盘路,浙江省,宁波市,象山县
江西省南昌市青山湖区青山路街道民丰路000号满庭春00栋0单元豪华,江西省,南昌市,青山湖区
浙江省杭州市余杭区临平五洲路000号,浙江省,杭州市,余杭区
浙江省杭州市萧山区心意广场00号楼,浙江省,杭州市,萧山区
浙江省温州市鹿城区双屿鞋都鞋革城九楼A区,浙江省,温州市,鹿城区
朝晖路000号朝晖路中山北路口中山花园写字楼,辽宁省,大连市,中山区
浙江省温州苍南县龙港镇东城路000号,浙江省,温州市,苍南县
杭州市余杭区三角村复地连城,浙江省,杭州市,余杭区
浙江省嘉兴市平湖市当湖街道环城东路000号,浙江省,嘉兴市,平湖市
浙江省金华婺城区飘萍路0000号拉芳社美食咖啡,浙江省,金华市,婺城区
浙江省义乌市九联西陈二区,浙江省,金华市,义乌市
贵州省惠水县王佑镇国土所,贵州省,黔南布依族苗族自治州,惠水县
浙江嵊州市鹿山广场象印专柜,浙江省,绍兴市,嵊州市
江北区财富中心八楼,浙江省,宁波市,江北区
浙江省台州市黄岩区新前街道人和路000号,浙江省,台州市,黄岩区
嘉兴市平湖市广陈镇山塘村,浙江省,嘉兴市,平湖市
浙江省杭州市滨江区滨康路000号,浙江省,杭州市,滨江区
象山县石浦镇火炉头路000号假日公寓,浙江省,宁波市,象山县
沙湾厦村中坊00号,四川省,乐山市,沙湾区
浙江温州鹿城双屿经一路00号浙江爵帅,浙江省,温州市,鹿城区
浙江省宁波市北仑区派舍提香,浙江省,宁波市,北仑区
鹿城区汤家桥北路大自然华城公寓00幢0单元,浙江省,温州市,鹿城区
金华武义县环城南路实验小学岔路口电联,浙江省,金华市,武义县
义乌市荷叶塘工业区洪界路000号0楼电联,浙江省,金华市,义乌市
嘉兴秀洲区中山西路000号江南新天地,浙江省,嘉兴市,秀洲区
机场大道黄山村0000号,安徽省,黄山市,黄山区
浙江省嘉兴市海宁市双山一里,浙江省,嘉兴市,海宁市
浙江省杭州市下城区体育场路000号浙江体育大厦裙楼体坛报,浙江省,杭州市,下城区
海州街道凤鸣小区00幢,辽宁省,阜新市,海州区
浙江省杭州市临安天目山青岩刘A区,浙江省,杭州市,临安区
南部商务健宸大厦,四川省,南充市,南部县
浙江省温州市龙湾区玉苍西路000号,浙江省,温州市,龙湾区
浙江省杭州市萧山区宁围镇新安村,浙江省,杭州市,萧山区
冲口街道芳村冲口街道接龙里直街00号_四楼办公室收,贵州省,黔南布依族苗族自治州,龙里县
浙江省杭州市余杭区浙江省杭州市余杭区好运路河储运路交叉口凯喜雅锦河湾00幢0单元架空层丰巢智能柜丰巢,浙江省,杭州市,余杭区
萧山博奥路与建设二路交叉口,浙江省,杭州市,萧山区
杭州市萧山区通惠中路000号,浙江省,杭州市,萧山区
绍兴柯桥碧水苑小区西区,浙江省,绍兴市,柯桥区
南湖区越秀北苑,浙江省,嘉兴市,南湖区
浙江省杭州市拱墅区祥符街道萍水东路方家花苑七幢五单元,浙江省,杭州市,拱墅区
浙江省温州市平阳县麻步镇下泛西路00-00号,浙江省,温州市,平阳县
八里镇江苏扬州市邗江区八里镇江苏省扬州市邗江区八里镇扬州二电厂对面宿舍区00号楼,江苏省,扬州市,邗江区
浙江柯桥北四区八楼,浙江省,绍兴市,柯桥区
浙江温州鹿城区民航路体育中心沃尔玛超市七楼,浙江省,温州市,鹿城区
祥园路000号运河广告产业大厦0幢,河北省,沧州市,运河区
白云街道人民医院宿舍0幢0单元,广东省,广州市,白云区
浙江-杭州-江干区新塘路浙江汽配城,浙江省,杭州市,江干区
西城街道山下村田苑小区,北京市,北京市,西城区
浙江省台州市路桥区银座街000号,浙江省,台州市,路桥区
河北省保定市高碑店市白沟镇理想城北门对面滨水路000号后院,河北省,保定市,高碑店市
杭州江干区五堡0区电联,浙江省,杭州市,江干区
浙江省杭州市西湖区文一西路00号坤和商务楼,浙江省,杭州市,西湖区
浙江省绍兴市新昌县南明街道南明新村000幢0单元,浙江省,绍兴市,新昌县
临泉路与胜利路交口中环国际大厦一楼跨境电商,安徽省,阜阳市,临泉县
庄市逸夫路0000号镇海蛟川书院美高班,浙江省,宁波市,镇海区
浙江省新昌县南明街道春江路,浙江省,绍兴市,新昌县
火车东站东宁路东宁金座0楼,黑龙江省,牡丹江市,东宁市
浙江省平阳县昆阳镇汇水河路0000号环保局00楼,浙江省,温州市,平阳县
复兴东路安肃镇小寺新村0期00号楼二单元,河北省,邯郸市,复兴区
浙江省温州市文成县伯温路0000号,浙江省,温州市,文成县
柯桥区南区市场00楼,浙江省,绍兴市,柯桥区
上城区解放路丰家兜00号,浙江省,杭州市,上城区
宁波市鄞州区鄞县大道西段金禾泵业有限公司,浙江省,宁波市,鄞州区
浙江省绍兴市诸暨市中央路0号创安商务,浙江省,绍兴市,诸暨市
袍江经济开发区镇海路00号0楼浙江巴鲁特服饰有限公司,浙江省,宁波市,镇海区
上城区飞云江路春江花月映霞苑0栋0单元,浙江省,杭州市,上城区
浙江省嘉兴市平湖市新群路0000号,浙江省,嘉兴市,平湖市
义乌市金茂大厦,浙江省,金华市,义乌市
兴南路00号花园村南山小区,黑龙江省,鹤岗市,南山区
湖南省常德市汉寿县鸭子港乡转沙嘴九组,湖南省,常德市,汉寿县
浙江省天台县三合镇洪三工业区_天台坤荣橡胶有限公司,浙江省,台州市,天台县
浙江省杭州市江干区永敦北路0号蓝创园0幢0楼,浙江省,杭州市,江干区
浙江省温州市苍南县龙翔路000号,浙江省,温州市,苍南县
浙江省台州市椒江区章安街道下洋村卫生院后面薇薇服饰,浙江省,台州市,椒江区
经济开发区蒲江路0号0楼,四川省,成都市,蒲江县
江西省抚州市南城县建昌镇洪门实业集团有限公司,江西省,抚州市,南城县
杭州市余杭区崇贤镇李家浜000号,浙江省,杭州市,余杭区
浙江省杭州市萧山区新湾街道临江工业园区纬五路0000号,浙江省,杭州市,萧山区
北沙西路000号东厦东港花苑,辽宁省,丹东市,东港市
浙江省绍兴市越城区环城北路000号,浙江省,绍兴市,越城区
淳安县鸿坑乡乳洞村乳洞000号,浙江省,杭州市,淳安县
宁波宁海西店镇西店南路000号,浙江省,宁波市,宁海县
浙江省杭州西湖区和家园懿园,浙江省,杭州市,西湖区
江苏省-淮安市-涟水县涟州北路军民中心村0期A区0幢七层门面从东向西,江苏省,淮安市,涟水县
江苏省无锡市北塘区黄巷街道刘谭南街00号,江苏省,无锡市,北塘区
浙江省温州市瓯海区高翔路,浙江省,温州市,瓯海区
宁波宁波宁海县桃源街道笆弄头电信局旁边,浙江省,宁波市,宁海县
工商城南000栋00单元,河南省,信阳市,商城县
浙江省义乌市佛堂镇阳光公寓0幢0单元,浙江省,金华市,义乌市
金华永康市西溪镇石江村大会堂对面,浙江省,金华市,永康市
余姚市大隐镇工业园区,浙江省,宁波市,余姚市
濮院镇巴黎春天000幢0单元,陕西省,汉中市,镇巴县
下沙街道德胜中路长城机电西区,四川省,攀枝花市,西区
浙江省杭州市萧山区萧山区进化镇岳联村小山头,浙江省,杭州市,萧山区萧山区
浙江省台州市仙居县景凤路000号后门_寄件人电话在收件地址后面,浙江省,台州市,仙居县
余姚市江南华都0号楼,浙江省,宁波市,余姚市
湖南省绥宁县东山侗族乡石桥村四组,湖南省,邵阳市,绥宁县
西藏自治区拉萨市城关区公德林街道林廊西路00号,西藏自治区,拉萨市,城关区
浙江省武义县牛背金工业区金牛路00号,浙江省,金华市,武义县
浙江省杭州市江干区钱江路0000号华润大厦A座000层三总二部,浙江省,杭州市,江干区
浙江省宁波市鄞州区潘火街道启明路0000号00楼淘宝,浙江省,宁波市,鄞州区
瑞安市塘下镇上金村旺金路000号电联,浙江省,温州市,瑞安市
民治街道民乐村民乐大厦,甘肃省,张掖市,民乐县
温州苍南县钱库镇中学西路00号电联,浙江省,温州市,苍南县
义乌市大塘下二区00栋0单元,浙江省,金华市,义乌市
浙江省金华市武义县泉溪镇浙江宇圣工贸有限公司,浙江省,金华市,武义县
浙江省杭州西湖区华星路嘉绿青苑,浙江省,杭州市,西湖区
南山马家龙名仕春天,黑龙江省,鹤岗市,南山区
中山东路耀城广场A座,辽宁省,大连市,中山区
浙江省温州市鹿城区新蒲路00号附近聚景园,浙江省,温州市,鹿城区
浙江省杭州市江干区艮山东路000号杭州昌辰宝人事部,浙江省,杭州市,江干区
江苏省苏州市张家港市金港镇双丰村0组00号,江苏省,苏州市,张家港市
浙江省宁波市镇海区沿江东路000号,浙江省,宁波市,镇海区
山东省济宁市邹城市中国浙江省嘉兴市桐乡市康民路0号,山东省,济宁市,邹城市
甘肃省酒泉市敦煌市敦煌市国土资源局,甘肃省,酒泉市,敦煌市
义乌市尚经村三区,浙江省,金华市,义乌市
南浔镇新城西路000号艺王家居,浙江省,湖州市,南浔区
嘉兴市南湖区富兴路0000号报业产业园不莱玫创意中心,浙江省,嘉兴市,南湖区
上海市_浦东新区_祝桥镇江镇_晚霞路_集贸市场__皖南快餐店_张某收,上海市,上海市,浦东新区
慈溪新浦镇百世云仓,浙江省,宁波市,慈溪市
浙江省绍兴市上虞区沥海工业园区,浙江省,绍兴市,上虞区
临海市远洲路卡帆洗发店,浙江省,台州市,临海市
金华义乌市中塘二区000栋0楼电联,浙江省,金华市,义乌市
浙江省杭州市上城区清波街道西湖大道0000号耀江广厦A座00楼,浙江省,杭州市,上城区
浙江省嘉兴市海宁市经编产业园西区经丰路0000号,浙江省,嘉兴市,海宁市
平湖市独山港镇虎啸南路000号平湖台宏置业有限公司,浙江省,嘉兴市,平湖市
浙江省义乌市稠城街道南陈小区四栋一楼,浙江省,金华市,义乌市
绍兴市绍兴县柯桥街道东升路柯桥北0区,浙江省,绍兴市,绍兴县
浙江省宁波慈溪市杭州湾新区滨海三路00号新三和壳体有限公司,浙江省,宁波市,慈溪市
安徽省亳州市谯城区国购名城南区,安徽省,亳州市,谯城区
浙江省宁波市慈溪市翔龙路桥头双益办事处,浙江省,宁波市,慈溪市
鹿城区温山大厦四楼南侧潮光辅料,浙江省,温州市,鹿城区
浙江省温州市文成县大十线,浙江省,温州市,文成县
浙江省杭州市余杭区良渚文化村探梅里,浙江省,杭州市,余杭区
浙江省淳安县千岛湖镇金色阳光,浙江省,杭州市,淳安县
河南省商城县上石桥镇白塔集乡玉楼村上楼组,河南省,信阳市,商城县
湖州吴兴区织里镇永佳路000号后面电联,浙江省,湖州市,吴兴区
长安镇汉帛路0000号0号楼0楼,河北省,石家庄市,长安区
温州鹿城区吴桥路锦桂大厦00栋,浙江省,温州市,鹿城区
义乌市国际商贸城四区六楼四街,浙江省,金华市,义乌市
康园路00号0幢0层杭州亿利通信器材有限公司,宁夏回族自治区,吴忠市,利通区
义乌市望道路000号0楼,浙江省,金华市,义乌市
浙江省江山市贺村镇河东村湖边,浙江省,衢州市,江山市
余姚市阳明街老方桥工业开发区,浙江省,宁波市,余姚市
高桥镇海泰佳园四幢,浙江省,宁波市,镇海区
浙江省永嘉县上塘镇_环城西路,浙江省,温州市,永嘉县
四川省广元市利州区东坝水柜三组,四川省,广元市,利州区
浙江衢州柯城区九华中大道与白云南大道交汇处恒大御景半岛,浙江省,衢州市,柯城区
浙江-杭州-江干区新塘路浙江汽配城内,浙江省,杭州市,江干区
浙江省绍兴市浙江省_绍兴市_诸暨市_浣纱支路0000单元,浙江省,绍兴市,诸暨市
创业大道00号附近龙泉电子商务大楼-西南门,浙江省,丽水市,龙泉市
上海上海市浦东新区环桥路0000弄文怡苑0号楼,上海市,上海市,浦东新区
北土城东路0号院0号楼,青海省,西宁市,城东区
内蒙古呼伦贝尔市海拉尔区海拉尔农垦集团公司财务部,内蒙古自治区,呼伦贝尔市,海拉尔区
西乡街道宝民二路流塘大厦,陕西省,汉中市,西乡县
百花山工业区梅花路00号康超办公楼二楼领将门业,安徽省,马鞍山市,花山区
绍兴嵊州三江城四海路温馨公寓东,浙江省,绍兴市,嵊州市
银海二区000栋八单元,广西壮族自治区,北海市,银海区
西藏自治区日喀则市亚东县堆纳乡亚东县堆纳乡中心小学,西藏自治区,日喀则市,亚东县
浙江省杭州市余杭区野风启程0幢0单元,浙江省,杭州市,余杭区
金华婺城区南市小区-0楼,浙江省,金华市,婺城区
杭州市余杭区张家门00号,浙江省,杭州市,余杭区
浙江温州市瓯海区浦西村000路000号,浙江省,温州市,瓯海区
浙江省金华市义乌市浙江省金华市义乌市福田一区工人北路0000号琴川国际,浙江省,金华市,义乌市
浙江省温州市龙湾区永中街道天中路0000号九楼,浙江省,温州市,龙湾区
浙江省台州路桥区腾达路水天一色旁和平苑,浙江省,台州市,路桥区
浙江省台州市玉环县漩门湾湿地公园,浙江省,台州市,玉环县
浙江省温州市洞头县中心街0000号,浙江省,温州市,洞头县
舟山临城新区千岛路000号西湖春天门口电联,浙江省,舟山市,临城新区
绍兴市柯桥区联合市场A区九楼衣谷纺织,浙江省,绍兴市,柯桥区
浙江省金华市义乌市义亭镇姑塘工业园铜山路0000号0号电梯0楼,浙江省,金华市,义乌市
滨江区长河街道安业路君尚金座0楼电联,浙江省,杭州市,滨江区
七星衔道江南名芥市场,广西壮族自治区,桂林市,七星区
浙江省宁波市鄞州区投资创业中心金达路000号,浙江省,宁波市,鄞州区
宁波慈溪市龙山镇龙山工业区龙镇大道000号科扬集团,浙江省,宁波市,慈溪市
盐都区解放南路000号金鹰尚美酒店前台电联,江苏省,盐城市,盐都区
余杭街道文一西路与中心路交叉口西部科技园A栋00楼西,浙江省,杭州市,余杭区
福建省福州市台江区福州市台江区江滨西大道0000号江岸豪庭,福建省,福州市,台江区
拱墅区祥园路000号智慧信息产业园0期A座0楼车云科技,浙江省,杭州市,拱墅区
花都区对面栎港恒辉公寓,广东省,广州市,花都区
义乌市义乌国际商贸城A区一楼,浙江省,金华市,义乌市
浙江省绍兴市新昌县七星一村一幢,浙江省,绍兴市,新昌县
浙江省绍兴市越城区袍江工业区临海路鑫和平印染厂,浙江省,绍兴市,越城区
浙江省杭州市下城区体育场路0000号,浙江省,杭州市,下城区
广东省汕头市龙湖区外砂蓬发路0服饰,广东省,汕头市,龙湖区
浙江省乐清市大荆镇上花坦00号,浙江省,温州市,乐清市
城区山西省河津市天都大酒店,山西省,运城市,河津市
浙江省嘉兴市桐乡市濮院镇工贸大道0000号0号楼0楼,浙江省,嘉兴市,桐乡市
温岭市横峰街道五翔路000号,浙江省,台州市,温岭市
壶山街道浙江省武义县壶山街道创业巷0号0幢00单元,浙江省,金华市,武义县
浙江省温州市苍南县龙港镇世纪大道00000号,浙江省,温州市,苍南县
桐乡市濮院镇恒乐路0000号,浙江省,嘉兴市,桐乡市
浙江省温州市苍南县矾山镇文昌路000号,浙江省,温州市,苍南县
浙江省绍兴市柯桥区柯桥区轻纺城北市场三区,浙江省,绍兴市,柯桥区柯桥区
四川省金堂县三溪镇百庙村00组,四川省,成都市,金堂县
舟山岱山东沙山阻头一路,浙江省,舟山市,岱山县
浙江省衢州龙游县兰亭路东方大厦A幢00楼,浙江省,衢州市,龙游县
广东省广州市白云区金沙洲保利春天里纸条写上您要需求会员名拒绝顺风,广东省,广州市,白云区
浙江省杭州市萧山区临江工业园经八路0000号,浙江省,杭州市,萧山区
山东省禹城市温州城A区00单元,山东省,德州市,禹城市
浙江省温州市瑞安市马屿工业区美琪箱包厂,浙江省,温州市,瑞安市
嘉兴市嘉善县浙江省嘉兴市嘉善县惠民街道新优路000-000号,浙江省,嘉兴市,嘉善县
贵州省镇远县舞阳镇岔河村虎洞组,贵州省,黔东南苗族侗族自治州,镇远县
浙江衢州柯城巨化中央大道厂前路消防队对面陈家村0幢00楼靠楼梯,浙江省,衢州市,柯城区
青口西区00幢0单元,四川省,攀枝花市,西区
婺城区文化路0号天翼直供中心,浙江省,金华市,婺城区
浙江省温州市鹿城区南京中路000号,浙江省,温州市,鹿城区
浙江省杭州市浙江杭州桐庐县桐君街道桐建公司0幢,浙江省,杭州市,桐庐县
上虞区东关镇浩桥头000号,浙江省,绍兴市,上虞区
浙江省诸暨市陶朱街道浪堰村000号,浙江省,绍兴市,诸暨市
浙江省丽水市龙泉市浙闽赣食用菌交易中心000幢,浙江省,丽水市,龙泉市
浙江省杭州市拱墅区祥符街道萍水街000号万家花城0期000幢,浙江省,杭州市,拱墅区
浙江省杭州市萧山区党山镇群益工业区,浙江省,杭州市,萧山区
浙江省宁波市海曙区柳西新村000幢,浙江省,宁波市,海曙区
浙江省温州市龙湾区永强大道0000号,浙江省,温州市,龙湾区
浙江省宁波市镇海区庄市兆龙路00号-,浙江省,宁波市,镇海区
朗霞街道镇西村南王东区,四川省,攀枝花市,东区
浙江省温州市鹿城区锦绣路0000号,浙江省,温州市,鹿城区
绍兴市诸暨市城关镇人民南路,浙江省,绍兴市,诸暨市
鹿城区雪山路环都大厦诗丽堂美容院,浙江省,温州市,鹿城区
浙江省温州市鹿城区市府路0号大自然家园0栋,浙江省,温州市,鹿城区
义乌青岩刘A区-仓库,浙江省,金华市,义乌市
余杭乔司鑫业路00号00幢00楼,浙江省,杭州市,余杭区
上海上海市闸北区天目西路000号大奥通讯00A,上海市,上海市,闸北区
浙江省杭州市桐庐县分水镇自提,浙江省,杭州市,桐庐县
浙江省绍兴市诸暨市暨阳街道鸬鹚湾新村000栋,浙江省,绍兴市,诸暨市
绍兴越城区快阁苑丽日坊000栋,浙江省,绍兴市,越城区
东城区怡丰都市广场怡和阁,北京市,北京市,东城区
金华东阳市下昆溪鑫园路红路灯电联,浙江省,金华市,东阳市
鼓楼街道乌含巷00号,江苏省,南京市,鼓楼区
新安南街000号双菱集团有限公司,河南省,洛阳市,新安县
浙江省宁波市北仑区新大路,浙江省,宁波市,北仑区
云南省大理白族自治州云龙县宝丰乡东山村委会下村组00号,云南省,大理白族自治州,云龙县
桃源街道新兴小区00幢,湖南省,常德市,桃源县
绍兴柯桥群贤路翡翠公馆-东单元-,浙江省,绍兴市,柯桥区
兰溪游埠镇丹宇链业有限公司,浙江省,金华市,兰溪市
浙江省-温州-平阳县郑楼转盘振兴大楼,浙江省,温州市,平阳县
浙江省德清县武康镇蓝色港湾,浙江省,湖州市,德清县
浙江省温州苍南县钱库镇箱包市场00街,浙江省,温州市,苍南县
杭州余杭区闲林工业园裕丰路0号,浙江省,杭州市,余杭区
新城大道南路000号慈溪开元曼居酒店0层慈溪开元曼居酒店大堂吧,内蒙古自治区,呼和浩特市,新城区
重庆重庆市涪陵区涪陵区洗墨路00号青龙湾移民小区,重庆市,重庆市,涪陵区涪陵区
杭州市下城区朝晖路施家小区00幢,浙江省,杭州市,下城区
浙江省杭州市滨江区浦沿街道八甲000号,浙江省,杭州市,滨江区
浙江省湖州市安吉县皈山乡孝源佳广道中德路0号中德工程师学院,浙江省,湖州市,安吉县
宁波市北仑区小港联合路0000号,浙江省,宁波市,北仑区
温州市永嘉县桥下镇西溪北路,浙江省,温州市,永嘉县
浙江省杭州市余杭区闲林镇闲兴路00号A幢00楼,浙江省,杭州市,余杭区
浙江省宁波市余姚市模具城冶山路,浙江省,宁波市,余姚市
杭州市江干区五星路000号A座00楼,浙江省,杭州市,江干区
浙江省台州市温岭市泽国镇姜家村姜家小区,浙江省,台州市,温岭市
湖南省衡阳县西渡镇清江北路天鹅丽都000幢0单元,湖南省,衡阳市,衡阳县
浙江省宁波市鄞州区咸祥镇咸三村菜场西路,浙江省,宁波市,鄞州区
浙江省温州市泰顺县泗水东路000号,浙江省,温州市,泰顺县
浙江省杭州市拱墅区祥符街道庆龙苑二期,浙江省,杭州市,拱墅区
浙江省杭州市江干区宣家埠一区,浙江省,杭州市,江干区
浙江省宁波市江北区浙江省宁波市江北区文教街道清河路000弄00号,浙江省,宁波市,江北区
浙江省温州市鹿城区里新路00-00号,浙江省,温州市,鹿城区
浙江省温州市鹿城区金树桥锦园一栋一单元,浙江省,温州市,鹿城区
浙江省温州市苍南县龙港镇龙翔路0000号仓库,浙江省,温州市,苍南县
德清县武康横店武原街道,浙江省,湖州市,德清县
安徽省合肥市包河区庐州大道与南二环交叉口吉瑞泰盛00号楼,安徽省,合肥市,包河区
鲤城街道鲤城镇鲤西路三合餐厅,福建省,泉州市,鲤城区
杭州市拱墅区莫干山路0000号,浙江省,杭州市,拱墅区
崇福镇经济开发区中山路0000号,辽宁省,大连市,中山区
龙港徐家庄村000-000号,辽宁省,葫芦岛市,龙港区
宁波市镇海蛟川街道镇海炼化分公司财务处,浙江省,宁波市,镇海区
义乌国际贸易城0区000街,浙江省,金华市,义乌市
嘉兴海宁盐仓之江路00号,浙江省,嘉兴市,海宁市
浙江杭州拱墅区霞湾巷000号安琪儿农贸市场0000号摊位,浙江省,杭州市,拱墅区
浙江省拱墅区大关小区东七区,浙江省,杭州市,拱墅区
浙江省金华市义乌市江东街道万达广场九楼四号门金街加减茶饮,浙江省,金华市,义乌市
绍兴市越城区天镜南苑西区,浙江省,绍兴市,越城区
余杭区五常大道0000号教工宿舍电联,浙江省,杭州市,余杭区
浙江省杭州市余杭区南庄兜东苑,浙江省,杭州市,余杭区
浙江省宁波市江东区浙江宇恒建筑劳务有限公司新天地东区000号楼00层,浙江省,宁波市,江东区
浙江省永康市长城工业区长虹0号,浙江省,金华市,永康市
东山路00号0楼明峰医疗,黑龙江省,鹤岗市,东山区
浙江省杭州滨江区迎春北苑000幢,浙江省,杭州市,滨江区
宁波市鄞州区天童北路0000号汇亚国际-,浙江省,宁波市,鄞州区
浙江省杭州市AAAA杭州市滨江区滨盛路0000号银丰大厦,浙江省,杭州市,滨江区
浙江省宁波市鄞州区云龙镇甲村明添配件厂,浙江省,宁波市,鄞州区
浙江省杭州市西湖区三墩镇振华路裕华大厦A座,浙江省,杭州市,西湖区
金华金华市义乌市下王四区-,浙江省,金华市,义乌市
永康市城东路000号,浙江省,金华市,永康市
浙江省杭州市萧山区新街镇花木城000幢鹏里园林,浙江省,杭州市,萧山区
乔司镇和睦桥村00组和顺桥,山西省,晋中市,和顺县
凤凰路湖州吴兴永邦民间资金管理股份有限公司,湖南省,湘西土家族苗族自治州,凤凰县
衢州市衢江区高家镇章德埠头村000号,浙江省,衢州市,衢江区
浙江省宁波市慈溪市附海镇_海晏庙_五百路_000号,浙江省,宁波市,慈溪市
濮院环城东路0000号圣百榕南0楼,青海省,西宁市,城东区
温州市鹿城区过境公路,浙江省,温州市,鹿城区
台州温岭市温桥镇西洋潘工业区,浙江省,台州市,温岭市
象山县靖南大街0000号大工匠皮具护理中心,浙江省,宁波市,象山县
嘉兴海宁市鞋业广场0楼,浙江省,嘉兴市,海宁市
浙江衢州市柯城区新新街道香榭丽舍,浙江省,衢州市,柯城区
浙江省杭州市桐庐县迎春路000号五楼,浙江省,杭州市,桐庐县
浙江省余姚市陆埠镇五马村东山下000号,浙江省,宁波市,余姚市
倍加造镇山西省大同市大同县倍加造镇新堡村,山西省,大同市,大同县
浙江省丽水庆元县沁心园电联,浙江省,丽水市,庆元县
浙江省永康市英阁小区0街000号,浙江省,金华市,永康市
浙江省温州市龙湾区灵霓北堤,浙江省,温州市,龙湾区
深圳市宝安区梅林关口梅坂大道华景乐园,广东省,深圳市,宝安区
金华金东区付村镇森宇工业园安能快递电联,浙江省,金华市,金东区
陕西省汉中市西乡县堰口镇罗镇村一组,陕西省,汉中市,西乡县
浙江省温州市苍南县灵溪镇沪山西路000号,浙江省,温州市,苍南县
天津市河东区东局子军事交通学院训练部,天津市,天津市,河东区
福明街道世纪大道北段000号华东城五号楼,北京市,北京市,东城区
浙江省温州市瓯海区香缇半岛,浙江省,温州市,瓯海区
萧山区金城路开元加州阳光,浙江省,杭州市,萧山区
绍兴市诸暨市山下湖镇西杨龙村,浙江省,绍兴市,诸暨市
高新产业园区新兴二路000号,黑龙江省,七台河市,新兴区
江滨西路东明锦园,山东省,菏泽市,东明县
浙江省宁波市余姚市兰江街道三凤桥村,浙江省,宁波市,余姚市
海宁皮革城皮草广场00楼,浙江省,嘉兴市,海宁市
浙江台州市黄岩区西城工业区,浙江省,台州市,黄岩区
浙江省杭州市江干区城星路000号中天国开大厦00楼财会处,浙江省,杭州市,江干区
福建省漳州市龙文区中国浙江省杭州市余杭区葛墩路,福建省,漳州市,龙文区
得力集团宁波江北工业园浙江省宁波市江北区长兴路0000号,浙江省,宁波市,江北区
永康市花街镇倪宅村壶山路00号,浙江省,金华市,永康市
浙江省东阳市横店镇明清宫街000号丽人精品酒店,浙江省,金华市,东阳市
平安路000号南岸晶都花园000幢,青海省,海东市,平安区
浙江省杭州市余杭区天目山西路000号东海闲湖城红树湾0号楼小镇邮局外丰巢,浙江省,杭州市,余杭区
台州市黄岩区江口街道曹坦村000号,浙江省,台州市,黄岩区
江苏省-南通市-如东县马塘镇亚苏村八组,江苏省,南通市,如东县
莘塍街道董九振兴东路000号,辽宁省,丹东市,振兴区
浙江省杭州市西湖区转塘家园,浙江省,杭州市,西湖区
浙江省金华市永康市,浙江省,金华市,永康市
浙江省临海市大洋街道张洋路000号,浙江省,台州市,临海市
瑞金路街道李府街00号0栋,江西省,赣州市,瑞金市
湖州长兴县长兴县槐坎乡新街,浙江省,湖州市,长兴县长兴县
朝晖顺丰点部对面清水公寓,甘肃省,天水市,清水县
余姚市小曹娥镇中铁二局,浙江省,宁波市,余姚市
浙江省湖州市吴兴区阳光城000幢,浙江省,湖州市,吴兴区
浙江省温州市平阳县兴达大楼中国工商银行平阳万全支行,浙江省,温州市,平阳县
浙江金华市义乌市赵宅步行街0号,浙江省,金华市,义乌市
下园朱浙江省永康卫生学校,浙江省,金华市,永康市
安徽省阜阳市阜南县老观乡陡河村九组0000号,安徽省,阜阳市,阜南县
浙江省温州市瓯海区繁盛路000号,浙江省,温州市,瓯海区
金华义乌市诚信大道福田街道诚信一区,浙江省,金华市,义乌市
桐乡市景镇高阳西路0000号,浙江省,嘉兴市,桐乡市
浙江省绍兴市诸暨市店口镇万通路000号,浙江省,绍兴市,诸暨市
浙江省绍兴市上虞区盖北边防派出所,浙江省,绍兴市,上虞区
嘉禾街道科甲水杨苑中街00号圆通快递网点,湖南省,郴州市,嘉禾县
甘肃省酒泉市玉门市花海镇金湾村0组,甘肃省,酒泉市,玉门市
浙江省嘉兴市海宁市浙江省海宁市长安镇工业园区海宁市新世纪皮革纺织有限公司_七楼东办公室,浙江省,嘉兴市,海宁市
新安江锦绣山庄,河南省,洛阳市,新安县
义乌东洲花园迎风苑0栋0单元,浙江省,金华市,义乌市
浙江省杭州市西湖区翠苑街道文一路000号我爱我家,浙江省,杭州市,西湖区
义乌市大塘下二区000栋四单元,浙江省,金华市,义乌市
义乌市青口南区00栋0单元八楼,浙江省,金华市,义乌市
浙江省德清县武康镇温州街00号,浙江省,湖州市,德清县
浙江省杭州市余杭区崇文街0000号北宸府中和尚品,浙江省,杭州市,余杭区
东阳市新潮路000号对面茂盛洗染有限公司,浙江省,金华市,东阳市
浙江省杭州滨江区湘云雅苑000幢0单元,浙江省,杭州市,滨江区
金华永康县丽州北路000弄,浙江省,金华市,永康县
浙江/杭州市/西湖区影业路00号0单元,浙江省,杭州市,西湖区
浙江省杭州市西湖区文二西路0号0楼,浙江省,杭州市,西湖区
嘉兴市秀洲区油车港镇奥星路欢乐世界,浙江省,嘉兴市,秀洲区
龙港镇礼品城0号楼,辽宁省,葫芦岛市,龙港区
浙江省杭州市江干区东方御府0幢,浙江省,杭州市,江干区
安徽省宿州市灵璧县尹集镇李大庄村三组,安徽省,宿州市,灵璧县
余姚低塘镇郑巷前家岙新村,浙江省,宁波市,余姚市
浙江省温州市龙湾区繁灵街00-000号,浙江省,温州市,龙湾区
浙江省瓯海区潘桥镇横塘工业区0栋电联,浙江省,温州市,瓯海区
浙江省金华永康石柱镇上里溪000号,浙江省,金华市,永康市
浙江省宁波市江东区彩虹南路00号嘉汇国贸A座,浙江省,宁波市,江东区
义乌市荷叶塘工业区洪界路0000号,浙江省,金华市,义乌市
金华义乌恒辉路00号0楼电联,浙江省,金华市,义乌市
浙江省温州市龙湾区桥西路000号,浙江省,温州市,龙湾区
江西省抚州市南城县建昌镇邓仙岭000号,江西省,抚州市,南城县
浙江省宁波市鄞州区云龙镇徐东埭村,浙江省,宁波市,鄞州区
浙江省永康市灵石路,浙江省,金华市,永康市
宁波市北仑区小港街道纬一路000号,浙江省,宁波市,北仑区
玉溪市新平彝族傣族自治县新化乡自达莫村委会岔河,云南省,玉溪市,新平彝族傣族自治县
金川路街道金昌品广场火吧AAA二楼,四川省,阿坝藏族羌族自治州,金川县
浙江省新昌县新和成塔山宿舍A幢,浙江省,绍兴市,新昌县
浙江省嘉兴市桐乡市逾桥中路,浙江省,嘉兴市,桐乡市
萧山区市中心路0000号银隆百货00楼,浙江省,杭州市,萧山区
浙江省-温州市-瓯海区山水名都,浙江省,温州市,瓯海区
金华义乌市苏溪镇上西陶村,浙江省,金华市,义乌市
浙江省杭州市萧山区宁围镇顺发康庄0幢0单元,浙江省,杭州市,萧山区
宁波余姚市朗霞街道中国裘皮城0期精品区0楼电联,浙江省,宁波市,余姚市
杭州市萧山区闻堰镇亚太路华宇仓库内,浙江省,杭州市,萧山区
浙江省台州市黄岩区芭堤水岸,浙江省,台州市,黄岩区
浙江省宁波市鄞州区浙江省宁波市鄞州区泰安西路同心苑,浙江省,宁波市,鄞州区
四川成都市金牛区四川省成都市_金牛区金科北路000号,四川省,成都市,金牛区
瑞安市隆山东路0000号瑞安市人民法院,浙江省,温州市,瑞安市
浙江省绍兴市柯桥区科研街道余渚路彩帛纺织,浙江省,绍兴市,柯桥区
西湖区转塘街道珊瑚沙路与碧波路交叉口文江九里,浙江省,杭州市,西湖区
浙江省金华市金东区汽车城综合经营区金华申孚汽车销售服务有限公司,浙江省,金华市,金东区
乐清市清远一区十足店一店,浙江省,温州市,乐清市
杭州余杭区迎宾路嘉溢制衣有限公司,浙江省,杭州市,余杭区
杭州下城区东新园新湖苑0栋,浙江省,杭州市,下城区
邮寄地址_浙江省杭州市萧山区宁围镇_新宁路,浙江省,杭州市,萧山区
西湖区崇义路0000号中海西溪华府,浙江省,杭州市,西湖区
浙江省丽水市青田县温溪镇温东中路000号转角手机大卖场,浙江省,丽水市,青田县
浙江省杭州市萧山区新塘街道琴山下工业区0号楼帕若达丝服装有限公司,浙江省,杭州市,萧山区
浙江省义乌市陶界岭小区_十九栋_六楼,浙江省,金华市,义乌市
平湖市当湖街道西江路000号西江公司,浙江省,嘉兴市,平湖市
湖北省黄石市黄石港区黄石港区社区工作管理委员会交通路000号_金虹大厦_一楼服务台,湖北省,黄石市,黄石港区
浙江省宁波市江东区谷庭楼江东北路000号00楼,浙江省,宁波市,江东区
越秀南路000号嘉兴学院南湖学院南区,广东省,广州市,越秀区
浙江省苍南县灵溪镇府后巷,浙江省,温州市,苍南县
泽国镇西湾村0号藤原天猫商城,河南省,信阳市,商城县
浙江省金华市义乌市银海路0000号,浙江省,金华市,义乌市
浙江省-台州市-仙居县城北西路000号仙居农村信用联社安洲信用社,浙江省,台州市,仙居县
杭州市西湖区西园五路0号九鼎集团0楼,浙江省,杭州市,西湖区
温州龙岗区柳南一街000号电联,广东省,深圳市,龙岗区
山东省临沂市郯城县人民路和谐花苑,山东省,临沂市,郯城县
浙江省-嘉兴市-嘉善县-姚庄镇-万泰路000号A仓,浙江省,嘉兴市,嘉善县
浙江省台州市黄岩区东城街道县前街000号,浙江省,台州市,黄岩区
温州乐清市北白象镇五龙街00号,浙江省,温州市,乐清市
浙江省杭州市富阳区东洲工业园区00号路二号,浙江省,杭州市,富阳区
浙江省杭州市下城区施家花园,浙江省,杭州市,下城区
义乌诚信一区000栋0单元,浙江省,金华市,义乌市
浙江省乐清市清江镇桥南路000号,浙江省,温州市,乐清市
浙江省嘉兴市桐乡市凯旋路0000号,浙江省,嘉兴市,桐乡市
宁波鄞州区横街镇梅梁桥工业区斯巴克发动机,浙江省,宁波市,鄞州区
浙江杭州市拱墅区登云路000号,浙江省,杭州市,拱墅区
上海上海市闵行区浦江镇盐铁塘路0000弄星华苑00号楼,上海市,上海市,闵行区
千岛湖坪山工业园区睦洲大道000号,广东省,深圳市,坪山区
浙江省宁波市余姚市低塘街道郑巷北路000号,浙江省,宁波市,余姚市
海宁市西山路,浙江省,嘉兴市,海宁市
浙江省嘉兴市桐乡市濮院镇紫金小区可开箱验货试穿不到自取谢先生,浙江省,嘉兴市,桐乡市
绍兴柯桥区鉴湖路金河新村0栋,浙江省,绍兴市,柯桥区
上海市浦东新区世纪大道00号上海国金中心办公楼二期00楼,上海市,上海市,浦东新区
河北省石家庄市赵县范庄镇大安一村,河北省,石家庄市,赵县
杭州江干区和谐嘉园,浙江省,杭州市,江干区
柯桥联合市场A区一楼,浙江省,绍兴市,柯桥区
苍南县龙港镇人民路0000号博客商务宾馆前台,浙江省,温州市,苍南县
浙江省嘉兴市浙江省嘉兴市秀洲区昌盛花园000栋,浙江省,嘉兴市,秀洲区
浙江省嘉兴市海宁市之江路000号电联,浙江省,嘉兴市,海宁市
浙江省宁波市海曙区东渡路000号,浙江省,宁波市,海曙区
白云街道下昆溪村A区0栋八单元五楼,广东省,广州市,白云区
杭州市大江东区前进街道长安福特,浙江省,杭州市,大江东区
浙江省温州市鹿城区横塘路,浙江省,温州市,鹿城区
浙江杭州市拱墅区莫干山路0000号美都广场A座,浙江省,杭州市,拱墅区
浙江省温州市鹿城区六虹桥路葡萄景苑00幢与000幢中间绿化带丰巢,浙江省,温州市,鹿城区
广东广州市天河区沙河顶新0街00号,广东省,广州市,天河区
绍兴柯桥建材市场000栋-0楼,浙江省,绍兴市,柯桥区
鹤城镇油竹街道官塘小区00幢,湖南省,怀化市,鹤城区
桐乡市齐鸣路0000号00楼,浙江省,嘉兴市,桐乡市
广东省深圳市福田区福田街道岗厦村东三坊000号,广东省,深圳市,福田区
浙江省绍兴市绍兴县柯桥中央大厦,浙江省,绍兴市,绍兴县柯桥
浙江省台州市路桥区金清镇金清镇,浙江省,台州市,路桥区
慈溪市乌山车站对面圣匹里咖啡厅,浙江省,宁波市,慈溪市
浙江省余姚市临山镇湖堤村罗建西区,浙江省,宁波市,余姚市
江南大道0000号康恩贝大厦A座0楼,广西壮族自治区,南宁市,江南区
浙江省杭州市桐庐县城南路000号,浙江省,杭州市,桐庐县
浙江省诸暨市陶柱街西二环路000号,浙江省,绍兴市,诸暨市
义乌市稠江街道新屋二区新村00栋0单元00楼,浙江省,金华市,义乌市
三墩镇西湖科技园区西园路00号,浙江省,杭州市,西湖区
湖州市吴兴区月河街道吉山二社区,浙江省,湖州市,吴兴区
浙江省杭州市江干区惠兰雅路丁桥大堂苑000幢0单元,浙江省,杭州市,江干区
河南省洛阳市宜阳县赵堡乡东赵村,河南省,洛阳市,宜阳县
浙江省宁波市慈溪市浒山街道新城大道东易日盛二楼,浙江省,宁波市,慈溪市
浙江省杭州市江干区彭埠街道新中宇维萨,浙江省,杭州市,江干区
浙江省义乌市江滨西路000号A座一楼,浙江省,金华市,义乌市
淳安县千岛湖镇新安大街000号中行,浙江省,杭州市,淳安县
浙江省温州市龙湾区甬江路0000号,浙江省,温州市,龙湾区
浙江省金华市义乌市东河西方村六十栋对面七一超市地下室,浙江省,金华市,义乌市
浙江杭州市余杭区星桥开发区星灵西路,浙江省,杭州市,余杭区
舟山市定海区白虎山路000号两幢两单元,浙江省,舟山市,定海区
浙江省义乌市柳一村六区000栋0楼,浙江省,金华市,义乌市
浙江省金华市婺城区金源路000号,浙江省,金华市,婺城区
瓯北镇浦西龙潭工业园永嘉利民医院,辽宁省,锦州市,北镇市
杭州市上城区中河中路000号,浙江省,杭州市,上城区
象山县步行街步西路_00-0号,浙江省,宁波市,象山县
宁波市海曙区灵桥路00-00号,浙江省,宁波市,海曙区
河南省邓州市古城街道办事处北园村00号,河南省,南阳市,邓州市
泽国镇凤凰城法国羊头酒庄,湖南省,湘西土家族苗族自治州,凤凰县
浙江义乌后宅北站一区000栋0单元0楼,浙江省,金华市,义乌市
浙江省杭州市余杭区临平迎宾路0000号000电商创意产业园00幢,浙江省,杭州市,余杭区
浙江省温州市鹿城区牛山北路,浙江省,温州市,鹿城区
浙江省杭州市萧山区市心南路0000号新世纪广场-A座,浙江省,杭州市,萧山区
杭州市桐庐县萧商大厦,浙江省,杭州市,桐庐县
浙江省嘉兴市秀洲区吉蚂西路0号嘉兴现代物流科技大厦0楼,浙江省,嘉兴市,秀洲区
浙江省湖州市德清县新镇韶村湖州市韶春纸业有限公司,浙江省,湖州市,德清县
浙江省岱山县高亭镇人民支路00号,浙江省,舟山市,岱山县
浙江省绍兴县上虞市东关街道人民西路0000号,浙江省,上虞市,绍兴县
杭州拱墅区湖州街00号杭州翔天实业电联,浙江省,杭州市,拱墅区
浙江省杭州市拱墅区赵伍路,浙江省,杭州市,拱墅区
浙江省温州市瑞安市瑞安市望欣路0000号,浙江省,温州市,瑞安市瑞安市
浙江省金华市义乌市振兴西路0000-00号,浙江省,金华市,义乌市
浙江省宁波宁波北仑区小港金鸡路000号,浙江省,宁波市,北仑区
许村中国家纺城新市场附,新疆维吾尔自治区,乌鲁木齐市,新市区
宁波市江东区宁穿路0000号,浙江省,宁波市,江东区
宁波鄞州区凤起路000号00号楼00楼电联,浙江省,宁波市,鄞州区
浙江省杭州市滨江区长河路仓库组A仓,浙江省,杭州市,滨江区
云南省大理白族自治州剑川县金华镇文华文源村00号,云南省,大理白族自治州,剑川县
福建省漳州市芗城区胜利西路000号,福建省,漳州市,芗城区
浙江省杭州市上城区延安路000-000号家乐福生鲜处,浙江省,杭州市,上城区
余杭区良渚镇杜甫村00组鹞鹰坝,浙江省,杭州市,余杭区
浙江省杭州市萧山区北干街道金城路0000号水务大厦国际创业中心萧山网,浙江省,杭州市,萧山区
浙江省台州市椒江区葭A街道学院路0000号台州职业技术学院0号楼楼下电信营业厅,浙江省,台州市,椒江区
吴兴区太湖路与康体路交叉口赞成名仕府售楼处,浙江省,湖州市,吴兴区
温州平阳县万全镇瑞阳村章底自然村0000号,浙江省,温州市,平阳县
浙江省温州市AAAA浙江温州市瓯海区浙江省温州市瓯海区桥街道港东新街000号,浙江省,温州市,瓯海区
平湖新厦工业城000栋0楼,浙江省,嘉兴市,平湖市
拱墅区文一路00号一清新村,浙江省,杭州市,拱墅区
浙江省温州市龙湾区龙湾区状元山西岙骄态路A00号,浙江省,温州市,龙湾区龙湾区
余杭区临平星光街临东家园000幢0单元,浙江省,杭州市,余杭区
浙江省杭州市西湖区文三路000号东部软件园北辅楼,浙江省,杭州市,西湖区
瓯海区郭溪任桥街0000号电联,浙江省,温州市,瓯海区
西湖区转塘家园,浙江省,杭州市,西湖区
河北省廊坊市三河市李旗庄镇三河市李旗庄李七侯大街000号李旗艺术幼儿园,河北省,廊坊市,三河市
浙江省台州市温岭市塘家洋工业区,浙江省,台州市,温岭市
浙江-绍兴-柯桥区北一区九楼南/安徽宏润纺织,浙江省,绍兴市,柯桥区
浙江省金华永康市浙江省金华市永康市经济开发区皇城里A区000幢,浙江省,金华市,永康市
宁波市江东区华中街00弄,浙江省,宁波市,江东区
浙江省宁波市江北区慈城镇慈城工业区新城路000号,浙江省,宁波市,江北区
宁波市江北区慈城镇城西西路一号金田花园,浙江省,宁波市,江北区
义乌市北苑街道季宅二区,浙江省,金华市,义乌市
余杭区江桥路景南新村电联,浙江省,杭州市,余杭区
临海体育馆和协体育文化有限公司,浙江省,台州市,临海市
河北省保定市徐水区赛赛尔俊峰公司,河北省,保定市,徐水区
余杭街道世茂西西湖二期,浙江省,杭州市,余杭区
浙江省丽水市莲都区天宁寿尔福北路0000号光辉文教0楼,浙江省,丽水市,莲都区
温州苍南县龙港镇货运西路000号,浙江省,温州市,苍南县
樟垄路00号文成县职业中专,浙江省,温州市,文成县
浙江省温州市平阳县鳌江镇上东路000号,浙江省,温州市,平阳县
台州温岭市长西街道河奥村南区,浙江省,台州市,温岭市
温州市瓯海区景山街道荣新路00号六楼,浙江省,温州市,瓯海区
浙江省湖州市吴兴区月河街道环城东路0000号,浙江省,湖州市,吴兴区
杭州市余杭区文一西路0000号,浙江省,杭州市,余杭区
浙江省杭州市江干区九堡镇九环路00-0号0幢0楼,浙江省,杭州市,江干区
绍兴市越城区解放北路汇金广场,浙江省,绍兴市,越城区
新华街道新华南路原交警大队旁环保监测站A栋,河北省,石家庄市,新华区
新碧工业园区新民路00号涛涛集团有限公司,辽宁省,沈阳市,新民市
浙江省杭州市萧山区金城路知稼苑000幢0单元,浙江省,杭州市,萧山区
浙江省永嘉县上塘镇环城西路0000号邮政局,浙江省,温州市,永嘉县
深圳市南山区西丽留仙洞大厦,黑龙江省,鹤岗市,南山区
宁波高新区明珠路000号永新光学,江西省,吉安市,永新县
金华市东阳市白云街道新队村,浙江省,金华市,东阳市
绍兴越城区森海豪庭0单元0栋,浙江省,绍兴市,越城区
金华义乌诚信一区,浙江省,金华市,义乌市
浙江省金华市义乌市北苑街道春华路000-0号0幢,浙江省,金华市,义乌市
浙江省温州市苍南县浙江省温州市苍南县,浙江省,温州市,苍南县
新安江农贸市场后门新南北盛德国际广场00层电影院,河南省,洛阳市,新安县
云南省怒江州泸水县六库镇向阳南路丁巷0号二单元,云南省,怒江州,泸水县
温州乐清虹桥000千伏输送线路施工项目部,浙江省,温州市,乐清市
温州市瓯海区潘桥街道仙门村北路00号,浙江省,温州市,瓯海区
海宁市连杭经济开发区启辉路00号,浙江省,嘉兴市,海宁市
浙江省杭州市江干区艮山西路000号,浙江省,杭州市,江干区
嘉兴嘉兴市桐乡市文华路0000号,浙江省,嘉兴市,桐乡市
新建机场中铁建工工地0标段,江西省,南昌市,新建区
杭州市余杭区留下荆长路0号人和家园00幢,浙江省,杭州市,余杭区
浙江省温州市苍南县灵溪镇学士路000号,浙江省,温州市,苍南县
杭州上城区清江路清泰南苑0期,浙江省,杭州市,上城区
浙江省台州市椒江区工人西路0000号_,浙江省,台州市,椒江区
鄞州区启明路000-00号,浙江省,宁波市,鄞州区
浙江省金华市永康市芝英八口塘村,浙江省,金华市,永康市
嘉兴海盐西塘桥镇东海花苑-0单元电联,浙江省,嘉兴市,海盐县
斗门镇荷湖路西侧民生支路,广东省,珠海市,斗门区
鄞州区钱湖北路000号江南水会大酒店电联,浙江省,宁波市,鄞州区
滨海园区十二路0000号,江苏省,盐城市,滨海县
嘉兴市秀洲区新塍镇兴镇路0000号,浙江省,嘉兴市,秀洲区
浙江省杭州市江干区机场路000-00号,浙江省,杭州市,江干区
硖石街道西山路000号鑫丰电脑,云南省,昆明市,西山区
慈溪市杭州湾新区余慈路0000号,浙江省,宁波市,慈溪市
浙江省杭州市西湖区文一西路0000号西溪诚园诚中心0幢,浙江省,杭州市,西湖区
上海市普陀区延长西路0000弄000号,上海市,上海市,普陀区
台州黄岩区火车站正门口电联,浙江省,台州市,黄岩区
浙江省温州市苍南县龙港镇人民路0000号奥风电动车,浙江省,温州市,苍南县
永嘉县桥头镇壬田大街_,浙江省,温州市,永嘉县
柯桥区南区市场,浙江省,绍兴市,柯桥区
中山西路000号,辽宁省,大连市,中山区
广东-深圳-罗湖区贝丽南路愉天小区十栋一楼,广东省,深圳市,罗湖区
温岭市泽国镇上孚李村村委会,浙江省,台州市,温岭市
天津市天津市静海区虹桥镇菜市街五幢,天津市,天津市,静海区
浙江宁波鄞州区邱隘镇东雅新村00幢,浙江省,宁波市,鄞州区
云南省昆明市安宁市职教园区麒麟路000号,云南省,昆明市,安宁市
湖南省湘潭市雨湖区雨湖路街道车站路潭城大厦00楼广联评估公司,湖南省,湘潭市,雨湖区
浙江省杭州市余杭区乔司迎宾路000号00栋,浙江省,杭州市,余杭区
浙江省_温州市_龙湾区,浙江省,温州市,龙湾区
浙江省台州市黄岩区江边路江口街道中心小学,浙江省,台州市,黄岩区
泽国夹屿双峰村00号登维斯鞋业,湖南省,娄底市,双峰县
宁夏回族自治区银川市兴庆区新华街街道商都三妹家纺0号楼,宁夏回族自治区,银川市,兴庆区
云南省昆明市盘龙区欣都龙城百丽店,云南省,昆明市,盘龙区
柯桥轻纺城北五区0楼,浙江省,绍兴市,柯桥区
河南省鹤壁市淇滨区天泰建材市场淇河路0000号,河南省,鹤壁市,淇滨区
贵州省黔南布依族苗族自治州长顺县长寨镇韵达快递隔壁,贵州省,黔南布依族苗族自治州,长顺县
山西市太原迎泽区迎泽大街000号天一宫十全堂,山西省,太原市,迎泽区
嘉兴市南湖区大新路华莱士,浙江省,嘉兴市,南湖区
浙江省杭州市拱墅区康桥镇康平路00号0楼,浙江省,杭州市,拱墅区
陕西省西安市雁塔区高新二路00号,陕西省,西安市,雁塔区
金华市义乌市江滨西路,浙江省,金华市,义乌市
浙江省温州市瑞安市瑞新北路000号,浙江省,温州市,瑞安市
浙江省杭州市江干区数源科技股份有限公司五号大街十号路口,浙江省,杭州市,江干区
浙江省宁波市宁海县宁海县_长街镇_手机号,浙江省,宁波市,宁海县宁海县
浙江省台州市温岭市工量交易中心A区,浙江省,台州市,温岭市
浙江省宁波市慈溪市慈东工业区潮生路000号,浙江省,宁波市,慈溪市
浙江省宁波市鄞州区鄞江镇庄岙村0组00号,浙江省,宁波市,鄞州区
浙江省杭州市西湖区转塘浮山东路富山工程机械市场A区,浙江省,杭州市,西湖区
杭州市萧山区萧山区广元公寓,浙江省,杭州市,萧山区萧山区
浙江省舟山市普陀区朱家尖庙跟村000号,上海市,上海市,普陀区
广州市海珠区金纺路双子星座星辰轩,广东省,广州市,海珠区
义乌市城中北路000号00楼,浙江省,金华市,义乌市
东阳市南马镇万兴路00A号,浙江省,金华市,东阳市
杭州市萧山区新湾镇八方物流A区,浙江省,杭州市,萧山区
宁波慈溪长河镇垫桥路000号,浙江省,宁波市,慈溪市
广阳区新开路街道金碧伦温泉公寓00号楼九单元,河北省,廊坊市,广阳区
浙江省宁波市宁海县中山中路000号群星宾馆,浙江省,宁波市,宁海县
凤凰山脚路000号凤凰公社00撞,湖南省,湘西土家族苗族自治州,凤凰县
台州市黄岩区高桥街道海门村0000号,浙江省,台州市,黄岩区
桃源镇竹朗工业区佳烨纸品包装有限公司,湖南省,常德市,桃源县
通州区姜灶镇温州北路00号远豪宾馆床上用品院内富玖科技,北京市,北京市,通州区
金华义乌国际商贸城00号门00楼00街00000摊位电联,浙江省,金华市,义乌市
湖北省武汉市汉阳区黄金口地铁站董都花庭000号楼0单元,湖北省,武汉市,汉阳区
浙江省温州市苍南县龙港龙翔路,浙江省,温州市,苍南县
浙江省滨江区西兴街道滨康二苑,浙江省,杭州市,滨江区
宁波市鄞州区姜山镇明曙路,浙江省,宁波市,鄞州区
长江路街道山东省青岛市黄岛区紫金山路0000号八色家韩国玉米烤肉,山东省,青岛市,黄岛区
温州市鹿城区马鞍池西路,浙江省,温州市,鹿城区
浙江省台州市仙居县浙江省台州市仙居县官路镇,浙江省,台州市,仙居县
鄞州区中河街道金桥水岸,浙江省,宁波市,鄞州区
杭州萧山新塘街道朱家坛村,浙江省,杭州市,萧山区
辽宁省-抚顺市-东洲区搭连小区00号楼,辽宁省,抚顺市,东洲区
义乌市大塘下一区00栋0单元,浙江省,金华市,义乌市
金华永康市南苑东路000-00号金诚口腔,浙江省,金华市,永康市
浙江省泰顺县仕阳镇龟湖村龟湖路,浙江省,温州市,泰顺县
盐仓经济开发区凤翔路00号韵达快递,陕西省,宝鸡市,凤翔区
河北省廊坊市香河县渠口镇渠口镇宣教寺村,河北省,廊坊市,香河县
浙江省绍兴市上虞市浙江省绍兴市上虞市崧厦镇下湖村渔夫钓具厂,浙江省,绍兴市,上虞市
杭州市拱墅区宜家时代_两六幢,浙江省,杭州市,拱墅区
浙江省乐清市南塘镇冠宝电子有限公司,浙江省,温州市,乐清市
富阳笕浦西路000号京东帮服务店,浙江省,杭州市,富阳区
安徽省池州市青阳县蓉城镇皖青阳县蓉城镇龙子口新村0000号,安徽省,池州市,青阳县
浙江省金华市婺城区城北街道后城里街0000号五星公寓三期,浙江省,金华市,婺城区
温州瑞安安阳仲容路00号电联,浙江省,温州市,瑞安市
安徽省宣城市广德县杨瀚深圳,安徽省,宣城市,广德县
浙江省杭州市杭州市滨江区西兴街道启智街0000号温馨人家00栋0单元0楼,浙江省,杭州市,滨江区
江北区双东路00弄000号邻里花园,浙江省,宁波市,江北区
杭州市萧山区新街镇_新胜村工业园区,浙江省,杭州市,萧山区
金华义乌市下傅小区-00楼,浙江省,金华市,义乌市
金华义乌市稠江街道柯村新苑00栋0单元电联,浙江省,金华市,义乌市
西藏自治区山南地区扎囊县水利局,西藏自治区,山南市,扎囊县
温州乐清乐城镇四环路金贸商务广场0楼伯乐尼橱柜,浙江省,温州市,乐清市
湖北省宜昌市兴山县古夫镇烟草公司彭某收,湖北省,宜昌市,兴山县
浙江省金华市永康市九州西路000号,浙江省,金华市,永康市
浙江省杭州市江干区四季青航海路000号老中州邻家女服饰,浙江省,杭州市,江干区
东阳市江北西范综合楼电联,浙江省,金华市,东阳市
苍南县金乡镇涌金花园000栋0单元,浙江省,温州市,苍南县
浙江省温州市平阳县麻步镇玉泉路000号,浙江省,温州市,平阳县
浙江省温州市瑞安市铁龙线,浙江省,温州市,瑞安市
浙江省宁波市镇海区骆驼街道聚源路0000号,浙江省,宁波市,镇海区
龙岗街道龙岗路000号东森商业大厦十八楼,广东省,深圳市,龙岗区
河南省洛阳市洛宁县长水乡码头村,河南省,洛阳市,洛宁县
镇海区庄市街道公园世家,浙江省,宁波市,镇海区
浙江省杭州市西湖区文一路物美旁边田园毛家后门,浙江省,杭州市,西湖区
浙江舟山岱山费梅路,浙江省,舟山市,岱山县
绍兴市柯桥区柯北贸易中心,浙江省,绍兴市,柯桥区
龙港镇温龙工业区0幢A区六楼,辽宁省,葫芦岛市,龙港区
浙江省杭州市西湖区学院路000号黄龙万科中心A座000层,浙江省,杭州市,西湖区
浙江省杭州市富阳市银湖街道泗洲村000号,浙江省,杭州市,富阳市
义乌市江东街道孔村一区00栋0楼万家福超市,浙江省,金华市,义乌市
浙江省杭州市拱墅区祥符街道余杭塘路0000号中天西城纪,浙江省,杭州市,拱墅区
义乌赵宅0区地下室,浙江省,金华市,义乌市
桂林市秀峰区甲山狮子岩000号,广西壮族自治区,桂林市,秀峰区
浙江省杭州市江干区新风丽都北苑00栋0单元,浙江省,杭州市,江干区
鄞州区天达巷000号广博丽景中心,浙江省,宁波市,鄞州区
浙江省兰溪市永街道满生岗村满龙岗,浙江省,金华市,兰溪市
解放路000号解百新世纪二楼AAA专柜,河南省,焦作市,解放区
辽宁省沈阳市铁西区保工街道金地名京,辽宁省,沈阳市,铁西区
东兴镇广西防城港东兴市永定街00号转海防联盈阿广收,广西壮族自治区,防城港市,东兴市
浙江省温州市AAAA浙江温州市瓯海区南白象镇霞逢村霞逢北路0000号,浙江省,温州市,温州市瓯海区
义乌市南下朱A区-0楼,浙江省,金华市,义乌市
浙江省慈溪市浒崇公路0000号,浙江省,宁波市,慈溪市
张家港西门南村0幢,江苏省,苏州市,张家港市
金华浦江县环城西路0区,浙江省,金华市,浦江县
浙江省宁波市余姚市梨洲街道余姚市梨洲街道明伟村荣耀路000号金龙实业北门,浙江省,宁波市,余姚市
浙江省金华市义乌市竺阳路000号利玛针织品00号厂房,浙江省,金华市,义乌市
浙江义乌江东四小区000幢,浙江省,金华市,义乌市
浙江省绍兴市上虞区小越镇文胜路000号,浙江省,绍兴市,上虞区
浙江省台州市仙居县浙江省仙居县,浙江省,台州市,仙居县
浙江省嘉兴市桐乡市龙翔工业园东怡路0000号星光毛纺厂,浙江省,嘉兴市,桐乡市
湖北省黄石市下陆区团城山街道阳光新干线三期附郎菲专卖店,湖北省,黄石市,下陆区
浙江省温州市瓯海区宁屿路,浙江省,温州市,瓯海区
杭州西湖区三墩镇金渡北路金地自在城东苑,浙江省,杭州市,西湖区
浙江省临海市古城街道许市村0-000号,浙江省,台州市,临海市
诸暨市朝塔镇天元路000号,浙江省,绍兴市,诸暨市
宁波市海曙区环城西路南段000号沃尔玛超市东阿阿胶,浙江省,宁波市,海曙区
洞泾镇长兴路00弄00号,浙江省,湖州市,长兴县
浙江省杭州市余杭区地处临平镇星桥街道_临平星桥街道藕花洲大街西段0000号五月花城,浙江省,杭州市,余杭区
宁波江北区慈城镇枫林路000号电联,浙江省,宁波市,江北区
温州苍南县灵溪镇城西小区,浙江省,温州市,苍南县
下沙开发区金沙大道0000号瑞纺贸易城,贵州省,毕节市,金沙县
浙江嘉善大舜纽扣路,浙江省,嘉兴市,嘉善县
遂昌县妙高街道金岸大桥工业园区金苍路000号,浙江省,丽水市,遂昌县
浙江省杭州市江干区金沙大道0000号飞天电商园,浙江省,杭州市,江干区
绍兴柯桥区迎驾桥小区-,浙江省,绍兴市,柯桥区
浙江省绍兴市诸暨市山下湖华东国际珠宝城,浙江省,绍兴市,诸暨市
杭州市西湖区浙大路000号浙江大学,浙江省,杭州市,西湖区
义桥镇三水一生00栋,广东省,佛山市,三水区
余姚市阳明街道新桥村西畈00号,浙江省,宁波市,余姚市
盐津街道三转盘一家快捷酒店,云南省,昭通市,盐津县
浙江省杭州市拱墅区祥园路0000号智慧信息产业园0期,浙江省,杭州市,拱墅区
江苏省连云港市海州区百浦镇鼎盛市场已素旗袍公司00号仓库,辽宁省,阜新市,海州区
宁波市鄞州区萧皋西路0000号,浙江省,宁波市,鄞州区
台州温岭市星河镇披云路000号浙江百得机械有限公司电联,浙江省,台州市,温岭市
南湖街道东门南路0000号东海大厦00层A,浙江省,嘉兴市,南湖区
甘肃省张掖市民乐县三堡镇,甘肃省,张掖市,民乐县
杭州市下城区环城北路00号云天财富中心,浙江省,杭州市,下城区
浙江省温州市瓯海区西湖南路,浙江省,温州市,瓯海区
上海上海市浦东新区海瑞颐澳,上海市,上海市,浦东新区
浙江杭州江干区市民街与城星路口钱江国际时代广场00号楼,浙江省,杭州市,江干区
浙江省诸暨市草塔杭金七村横贩塘000号,浙江省,绍兴市,诸暨市
浙江省温州市苍南县振兴西街000号,浙江省,温州市,苍南县
浙江省温州市苍南县龙港大道和美家园00单元,浙江省,温州市,苍南县
江苏省无锡市惠山区石塘湾工业区A区,江苏省,无锡市,惠山区
台州椒江洪家街镇新村,浙江省,台州市,椒江区
武汉市洪山区关山街道申南财经政法大学,湖北省,武汉市,洪山区
柯桥东区八楼西边,浙江省,绍兴市,柯桥区
浙江省杭州市西湖区文二路000号富丽科技大厦A座,浙江省,杭州市,西湖区
浙江省嘉兴市南湖区大桥镇欧嘉路0号A区,浙江省,嘉兴市,南湖区
浙江省杭州市滨江区滨兴家园000幢0单元,浙江省,杭州市,滨江区
科贸中心东宁波高新区翔云路0000号,黑龙江省,牡丹江市,东宁市
浙江省杭州市余杭区和睦桥村00组0000号,浙江省,杭州市,余杭区
浙江省金华市义乌市陶朱街道望云路00号,浙江省,金华市,义乌市
黑龙江省泰来县泰来监狱十监区一分队,黑龙江省,齐齐哈尔市,泰来县
浙江省嘉兴市平湖市独山港镇聚福西路0000号,浙江省,嘉兴市,平湖市
宁波市鄞州区惠风东路东路利时金融大厦A座,浙江省,宁波市,鄞州区
浙江省宁波市江北区中官新路000号,浙江省,宁波市,江北区
温州市浙江省温州市永嘉县江北街道西岸街00号,浙江省,温州市,永嘉县
浙江省杭州市江干区凯旋街道杭海路意法服饰城,浙江省,杭州市,江干区
绍兴诸暨市十里牌汽修厂电联,浙江省,绍兴市,诸暨市
小越镇华家紫金路蒋梦麟故居南000米宇航塑业包装公司,广东省,河源市,紫金县
浙江省杭州市西湖区西湖科技园区西港新界A区0幢A座00楼,浙江省,杭州市,西湖区
安徽省宣城市泾县苏红东路000号安徽省泾县人力资源和社会保障局,安徽省,宣城市,泾县
浙江省杭州市萧山区蜀山街道蜀山路碧桂园天麓府销售中心,浙江省,杭州市,萧山区
浙江省宁波市北仑区小港街道墓孝陈000号,浙江省,宁波市,北仑区
浙江省台州市路桥区金清镇霓岙村霓岙0区,浙江省,台州市,路桥区
温州鹿城区炬光园北路0号00楼电联,浙江省,温州市,鹿城区
浙江省嘉兴市秀洲区王店镇嘉海大道瑞祥创业园0栋0楼,浙江省,嘉兴市,秀洲区
浙江省绍兴市诸暨市苎罗东路0000号雄风新天地天美意专柜五楼,浙江省,绍兴市,诸暨市
浙江省宁波市江北区双东路永红家园00幢,浙江省,宁波市,江北区
诸暨市店口镇亭凉树下青同模具,浙江省,绍兴市,诸暨市
浙江省嘉兴市桐乡市金波路0000号迎凤新村二期保安室旁丰巢快递柜丰巢,浙江省,嘉兴市,桐乡市
玉皇山莲花峰路000号蓝天清水湾前台,江西省,萍乡市,莲花县
浙江省瑞安市飞云镇宋家埭工业区,浙江省,温州市,瑞安市
金华永康市花川工业区玉桂路000-00号,浙江省,金华市,永康市
宁波市江东区兴宁巷000号,浙江省,宁波市,江东区
浙江省婺城区东莱路0000号盛世绿园00栋A单元,浙江省,金华市,婺城区
浙江省嵊州市浦口街道东坂庄村000号,浙江省,绍兴市,嵊州市
浙江省宁波市慈溪市附海镇附新路佳圣电器,浙江省,宁波市,慈溪市
浙江省温州市鹿城区宏源路00弄000号陶享生活,浙江省,温州市,鹿城区
义乌市后宅街道北站五区三栋,浙江省,金华市,义乌市
浙江省杭州市西湖区万塘路000号,浙江省,杭州市,西湖区
浙江省金华市浦江县仙华路,浙江省,金华市,浦江县
浙江省温州市龙湾区中国灸总店,浙江省,温州市,龙湾区
浙江省-金华市-义乌市浦江县江滨东路,浙江省,金华市,义乌市浦江县
义乌市城西街道河洋山鑫萍饰品厂,浙江省,金华市,义乌市
桐乡市濮院镇会龙新村000号0楼,浙江省,嘉兴市,桐乡市
浙江省宁波市江东区中山东路0000号,浙江省,宁波市,江东区
浙江省嘉兴市南湖区望湖路000号,浙江省,嘉兴市,南湖区
枝江成品000幢0单元,湖北省,宜昌市,枝江市
临平星桥街道星桥北路黄鹤山居000幢,浙江省,杭州市,临平区
浙江省瑞安市第四中学艺术组办公室,浙江省,温州市,瑞安市
浙江省宁波市慈溪市匡堰镇四维尔有限公司,浙江省,宁波市,慈溪市
农贸城红岗山路00-00号,黑龙江省,大庆市,红岗区
江苏省扬州市广陵区京杭中路与文昌东路交汇处明发广场小区西门00栋0栋00楼,江苏省,扬州市,广陵区
中国浙江省温州市鹿城区春晖路000号,浙江省,温州市,鹿城区
江北区慈城镇前洋村委会电联,浙江省,宁波市,江北区
百官街百官街道凤山路000号大通佳苑,广西壮族自治区,河池市,凤山县
湖南省长沙市开福区芙蓉北路街道湖南长沙市湘江世纪城富湾国际0栋,湖南省,长沙市,开福区
吴兴区红丰新村五村,浙江省,湖州市,吴兴区
浙江省诸暨市大唐镇财富广场,浙江省,绍兴市,诸暨市
浙江省舟山市岱山县高亭镇康园一号楼,浙江省,舟山市,岱山县
浙江省宁波江东区江东区宁穿路000-0号小东门假日酒店电联,浙江省,宁波市,江东区江东区
浙江宁波北仑大矸宁穿西路000号,浙江省,宁波市,北仑区
浙江省温州市瑞安市东山下埠望江新街000号,浙江省,温州市,瑞安市
浙江省金华市武义县黄龙路路口,浙江省,金华市,武义县
广东省深圳市龙岗区布吉中心花园A座,广东省,深圳市,龙岗区
浙江省温州市乐清市北白象镇金炉工业区昌新路00号,浙江省,温州市,乐清市
江西上饶市鄱阳县湖城学校向北000米中央公园项目部,江西省,上饶市,鄱阳县
浙江金华义乌市夏荷路00号国泰电商园0栋00楼,浙江省,金华市,义乌市
浙江省湖州市南浔区长途汽车站西侧,浙江省,湖州市,南浔区
广东省深圳市福田区梅林一村佳乐福商场二楼中联大药房,广东省,深圳市,福田区
浙江省龙游县湖镇镇新圆村室家路东00号,浙江省,衢州市,龙游县
浙江省杭州市江干区下沙中策宿舍,浙江省,杭州市,江干区
浙江省嘉兴市桐乡市人民路0000号华广彩印,浙江省,嘉兴市,桐乡市
浙江省温州市苍南县灵溪镇秀园小区,浙江省,温州市,苍南县
钱塘景苑,浙江省,杭州市,钱塘区
广东省深圳市宝安区福永镇桥头社区重庆路0号亿宝来工业区厂房,广东省,深圳市,宝安区
浙江省湖州市南浔区双林镇环城东路0000号,浙江省,湖州市,南浔区
浙江省温州市AAAA鹿城区六虹桥路葡萄东小区A栋,浙江省,温州市,鹿城区
浙江省宁波江东区彩虹南路,浙江省,宁波市,江东区
三墩镇西湖科技园区振华路0000号西港发展中心,浙江省,杭州市,西湖区
月雅路长城机电西区,四川省,攀枝花市,西区
鹿城区双屿镇屿头村山下路000号,浙江省,温州市,鹿城区
浙江省-杭州市-市辖区0号大街000号金沙学府00栋0单元,浙江省,杭州市,市辖区
浙江-杭州-江干区浙江汽配城,浙江省,杭州市,江干区
三门县海游镇工业大道000号南天电器,浙江省,台州市,三门县
钟楼底0号衢州人民医院放射科介入治疗室,江苏省,常州市,钟楼区
浙江省绍兴市柯桥区东区,浙江省,绍兴市,柯桥区
金华市义乌市西站大道0000号,浙江省,金华市,义乌市
温州市龙湾区机场大道0000号,浙江省,温州市,龙湾区
浙江省义乌市诚信二区,浙江省,金华市,义乌市
象山远大市场A区,浙江省,宁波市,象山县
金华义乌市锦绣家园,浙江省,金华市,义乌市
小营街道环城东路檀香园,青海省,西宁市,城东区
广东省-深圳市-福田区强北金茂礼都首层家家顺,广东省,深圳市,福田区
浙江省宁波市北仑区新契街道里仁花园,浙江省,宁波市,北仑区
浙江省金华市义乌市文政西路万达AAAA公寓00号楼,浙江省,金华市,义乌市
浙江省宁波市慈溪市庵东镇邮电路000号,浙江省,宁波市,慈溪市
绍兴柯桥润泽大院,浙江省,绍兴市,柯桥区
浙江省宁波市北仑区小港红联安居路00号A0厂房,浙江省,宁波市,北仑区
重庆市秀山土家族苗族自治县平凯街道重庆市平凯颠平建村七组,重庆市,重庆市,秀山土家族苗族自治县
浙江金华市浦江县浦江浦南街道石埠头西区00号,浙江省,金华市,浦江县浦江
秋实路000号商城创业园,河南省,信阳市,商城县
杭州市西湖区三墩镇张家祠堂,浙江省,杭州市,西湖区
新桥街道六虹桥路温州鹿城仓储基地00栋0楼,浙江省,温州市,鹿城区
浙江省杭州市余杭区良渚街道天阳棕榈第三期湾金水岸00幢,浙江省,杭州市,余杭区
浙江省绍兴市嵊州城东开发区,浙江省,绍兴市,嵊州市
江北区人民路0000号外滩花园,浙江省,宁波市,江北区
浙江省温州市瑞安市嘉华锦苑0栋0单元,浙江省,温州市,瑞安市
义乌市苏溪镇五升塘00栋,浙江省,金华市,义乌市
浙江省-宁波市-余姚市泗门镇张家新丰00号,浙江省,宁波市,余姚市
桐乡市庆丰北路0000号光大城市花园000幢,浙江省,嘉兴市,桐乡市
舟山定海区盐仓街道富都花园,浙江省,舟山市,定海区
卖芝桥东路,河北省,张家口市,桥东区
德清县钟管镇工业园区三墩村村委,浙江省,湖州市,德清县
文成县建设路000号迎宾楼宾馆电联,浙江省,温州市,文成县
永康市西城街道松石西路000号,浙江省,金华市,永康市
龙岗区布吉大芬油画村明天酒店旁AAAA健身房,广东省,深圳市,龙岗区
浙江省杭州市江干区下沙00号大街南天明环保00幢,浙江省,杭州市,江干区
金华市义乌北苑街道柳青八区00幢0单元0楼,浙江省,金华市,义乌市
中国浙江省温州市苍南县灵溪浙闽物流中心A幢,浙江省,温州市,苍南县
江北区洪塘镇汇嘉新园南区,浙江省,宁波市,江北区
浙江省台州市椒江区建设村椒江大桥红绿灯旁中元小区外洋山蜜桔,浙江省,台州市,椒江区
浙江省义乌市贝村路000号,浙江省,金华市,义乌市
浙江省丽水市缙云县大桥北路新潮文具,浙江省,丽水市,缙云县
浙江宁波江东区高新区翔云路000号科贸中心西楼000幢,浙江省,宁波市,江东区
浙江省嘉兴嘉善县惠民街道惠宏路00弄00号超成塑业,浙江省,嘉兴市,嘉善县
浙江省温州市龙湾区玉苍西路000号,浙江省,温州市,龙湾区
温州市永嘉县瓯北镇五星工业区爵士邦服饰,浙江省,温州市,永嘉县
五常大道0000号政府五常街道办事处,黑龙江省,哈尔滨市,五常市
浙江省杭州市余杭区余杭区仓前街道文一西路0000号利尔达科技园金,浙江省,杭州市,余杭区余杭区
浙江省台州市临海市涌泉花街涌泉老汤蜜桔,浙江省,台州市,临海市
浙江省杭州市西湖区曙光路000号黄龙饭店,浙江省,杭州市,西湖区
练市镇南兴桥西堍,河北省,石家庄市,桥西区
浙江省绍兴市诸暨市山下湖镇华东珠宝城,浙江省,绍兴市,诸暨市
浙江省宁波市海曙区中山西路阳光豪生大酒店A座0楼足浴养生会所,浙江省,宁波市,海曙区
浙江省台州市路桥区环西路与金清大道交汇处鸿亮宾馆,浙江省,台州市,路桥区
浙江省浦江县六合小区0栋,浙江省,金华市,浦江县
古浪路000弄0号,甘肃省,武威市,古浪县
浙江省杭州市下城区朝晖路000号,浙江省,杭州市,下城区
福建省泉州市丰泽区丰泽街道丰泽街盛世天骄00栋,福建省,泉州市,丰泽区
金东区长春西路0000号,浙江省,金华市,金东区
浙江省衢州市衢江区莲花镇五坦高路村00号,浙江省,衢州市,衢江区
海曙区新典路000号新典社区卫生服务站旁边粮油店,浙江省,宁波市,海曙区
浙江省海盐县通北村九曲港00组,浙江省,嘉兴市,海盐县
浙江省桐庐县横村镇牛岩坞0号,浙江省,杭州市,桐庐县
浙江省桐乡市乌镇镇银杏小区000幢,浙江省,嘉兴市,桐乡市
江苏省新沂市阿湖镇鸣九村十组00号,江苏省,徐州市,新沂市
浙江省杭州市上城区中山中路0000号四层麦当劳,浙江省,杭州市,上城区
杭州市余杭区良渚街道古墩路0000号良渚镇永旺梦乐城良渚新城购物中心0楼,浙江省,杭州市,余杭区
柯桥漓渚镇中谊村迪华针纺厂,浙江省,绍兴市,柯桥区
浙江省永康市城西梅龚路0000号,浙江省,金华市,永康市
浙江省金华义乌市北下朱江浙公寓,浙江省,金华市,义乌市
云南省昭通市盐津县兴隆乡兴隆村马头上社,云南省,昭通市,盐津县
长河街道江汉路0000号钱龙大厦,湖北省,武汉市,江汉区
余姚市子陵路000号飞达广告,浙江省,宁波市,余姚市
浙江省宁波市鄞州区集士港镇新后屠桥村新庙跟,浙江省,宁波市,鄞州区
嘉兴市秀洲区新丝路,浙江省,嘉兴市,秀洲区
金华义乌市城西街道东河塘下镇00-0号门0楼,浙江省,金华市,义乌市
杭州富阳杭州科技职业技术学院高科路,浙江省,杭州市,富阳区
卧龙寺街道陕西省宝鸡市金台区卧龙寺龙丰村三组,陕西省,宝鸡市,金台区
湖北省咸宁市通山县黄沙镇黄沙供销社,湖北省,咸宁市,通山县
后唐路白塔小区00幢,辽宁省,辽阳市,白塔区
浙江省台州市临海市杜桥镇杜北路000号电商创业园0期众成电子商务,浙江省,台州市,临海市
浙江省温州市鹿城区山下后巷,浙江省,温州市,鹿城区
安徽省寿县丰庄镇花圩村西滩坊村民组,安徽省,淮南市,寿县
浙江省宁波市江北区维也纳酒店,浙江省,宁波市,江北区
平阳县萧江镇裕丰村00号,浙江省,温州市,平阳县
余姚市泗门镇惠康路00号国良电器配件厂,浙江省,宁波市,余姚市
船厂路与中山南二路交叉口,辽宁省,大连市,中山区
湖阳镇河南省唐河县湖阳镇湖阳本街,河南省,南阳市,唐河县
浙江省金华市义务市江东街道宾王广场A座百诺恩总部,浙江省,金华市,义务市
浙江省义乌市廿三里工业区-00楼,浙江省,金华市,义乌市
绍兴市越城区皋埠镇银桥路,浙江省,绍兴市,越城区
龙港镇芦浦社区汇源路00号,辽宁省,葫芦岛市,龙港区
浙江温州鹿城区府东家园三幢,浙江省,温州市,鹿城区
临江工业园_纬五路0000号,吉林省,白山市,临江市
浙江省嘉兴市桐乡市浙江省嘉兴市桐乡市梧桐大街0000号旧时光奶茶店,浙江省,嘉兴市,桐乡市
浙江省杭州市萧山区北干街道兴议村_兴九路000号_A栋0楼,浙江省,杭州市,萧山区
凤山路00号杭州商业储运有限公司0仓0楼,广西壮族自治区,河池市,凤山县
椒江区经济开发区纬五路000号,浙江省,台州市,椒江区
玄武湖街道仙居花园外农贸市场外门面房家电维修店,江苏省,南京市,玄武区
四川金堂县五凤镇金凤村0组,四川省,成都市,金堂县
登云路恒策西城时代0幢,北京市,北京市,西城区
浙江省杭州市西湖区黄龙时代广场A座支付宝大楼000楼,浙江省,杭州市,西湖区
浙江省温州市鹿城区黄龙浙南鞋料市场A区,浙江省,温州市,鹿城区
浙江省杭州市下城区上塘路000号广厦绿洲吉家,浙江省,杭州市,下城区
宁波市北仑区大西街道塔寺金家村,浙江省,宁波市,北仑区
上城区望江新园二园,浙江省,杭州市,上城区
浙江省乐清市龙西乡东加岙,浙江省,温州市,乐清市
杭州市富阳区西体北路,浙江省,杭州市,富阳区
浙江省温州市苍南县灵溪镇河滨东路0-000号,浙江省,温州市,苍南县
云南省丽江市古城区福慧村000号,云南省,丽江市,古城区
惠州市博罗县龙溪镇龙溪大道,广东省,惠州市,博罗县
杭州市余杭区乔司镇良熟新苑_,浙江省,杭州市,余杭区
江西省宁都县固厚乡明坑村,江西省,赣州市,宁都县
义乌市大水畈一区000栋0楼,浙江省,金华市,义乌市
慈溪市海关北路0000弄000号,浙江省,宁波市,慈溪市
浙江省嘉兴市秀洲区王店镇人民街00号,浙江省,嘉兴市,秀洲区
堂二里镇河北省霸州市堂二里镇尹华山村,河北省,廊坊市,霸州市
辛集镇古城新天地小区0号楼0单元,河北省,石家庄市,辛集市
桐乡市凤鸣街道_高新东苑,浙江省,嘉兴市,桐乡市
浙江省乐清市伯乐西路金马广场A幢,浙江省,温州市,乐清市
鄞州区联丰中路000号永旺房产电联,浙江省,宁波市,鄞州区
遂昌县龙谷路二单元_,浙江省,丽水市,遂昌县
浙江省绍兴市上虞区百谢路000号_浙江晶星齿轮电机有限公司,浙江省,绍兴市,上虞区
温州瓯海娄桥集贤路00号,浙江省,温州市,瓯海区
双联路000号华府工业园区海宁麦恩雷特时装有限公司,浙江省,嘉兴市,海宁市
北京市朝阳区意菲克大厦A座,北京市,北京市,朝阳区
浙江省嘉兴市平湖市东湖大道金色港湾000幢0单元,浙江省,嘉兴市,平湖市
杭州市上城区望江一园,浙江省,杭州市,上城区
浙江省温州市文成县诚意路000号,浙江省,温州市,文成县
浙江省温州市瑞安市桐浦镇丁岙山村原天伦之乐九楼,浙江省,温州市,瑞安市
浙江省江山市廿八都镇富强村溪口00号,浙江省,衢州市,江山市
新疆维吾尔自治区昌吉回族自治州呼图壁县呼图壁镇水晶丽舍00号楼0单元,新疆维吾尔自治区,昌吉回族自治州,呼图壁县
浙江省金华市义乌市新马路0号,浙江省,金华市,义乌市
义乌青口江东街道青口片官塘塍村义增粮食专业合作社七楼,浙江省,金华市,义乌市
绍兴柯桥笛扬路0000号沃尔玛超市00楼天君网吧,浙江省,绍兴市,柯桥区
浙江省衢州市柯城区航埠镇彭村村0000号,浙江省,衢州市,柯城区
浙江省温州市永嘉县双塔路0000号,浙江省,温州市,永嘉县
浙江省宁波市AAAA浙江省宁波市北仑区坝头西路0000号宁波宏业电动工具有限公司组长,浙江省,宁波市,北仑区
浙江杭州西湖区古墩路0000号杭州骏田汽车有限公司,浙江省,杭州市,西湖区
永康市建设路000号0幢0单元,浙江省,金华市,永康市
金华东阳市白云街道东义路00号,浙江省,金华市,东阳市
宁波市江北区环城北路东段0000号,浙江省,宁波市,江北区
长江路广宇西城美墅0栋0单元,北京市,北京市,西城区
杭州市余杭区上阳路五号,浙江省,杭州市,余杭区
湖南省长沙市宁乡县白马桥水木清华00栋,湖南省,长沙市,宁乡县
浙江省绍兴市绍兴县柯桥街道天汇广场二楼A区,浙江省,绍兴市,绍兴县
温州市鹿城区望江西路金潮大厦,浙江省,温州市,鹿城区
杭州市西湖区马腾路00号000幢0单元,浙江省,杭州市,西湖区
金华金华义乌荷叶塘下西陶0区00楼电联,浙江省,金华市,义乌市
浙江省宁波市余姚四明西路0000号万达广场九楼AAAA专柜,浙江省,宁波市,余姚市
浙江省台州市椒江区解放北路000号锦都大酒店,浙江省,台州市,椒江区
浙江省宁波市海曙区AAAA//AAAAAAAAAAAAAAA,浙江省,宁波市,海曙区
浙江省台州市温岭市松门镇东南工业园区,浙江省,台州市,温岭市
广西玉林市容县河南大道00号,广西壮族自治区,玉林市,容县
浙江省温州市永嘉县乌牛镇东蒙工业园区温州华邦公司,浙江省,温州市,永嘉县
绍兴柯桥柯北大道0000号五幢,浙江省,绍兴市,柯桥区
环城北路000号耀江发展中心00楼技术部,青海省,西宁市,城北区
浙江省温州市龙湾区文绣路000号,浙江省,温州市,龙湾区
义乌工商职业技术学院经济管理分院市场营销0班,浙江省,金华市,义乌市
浙江省绍兴市越城区阳光新村00幢,浙江省,绍兴市,越城区
宁波丰化市松岙镇湖头杜村浙江造船有限公司,浙江省,宁波市,丰化市
中国轻纺城东交易区0楼中,青海省,西宁市,城东区
乔司镇复地连城北区00幢0单元,福建省,龙岩市,连城县
大关路绿地中央广场00栋00楼,云南省,昭通市,大关县
浙江省天台县人民东路000号,浙江省,台州市,天台县
宁波市象山县蓬莱路000号,浙江省,宁波市,象山县
凌云路000号高新区兴荣工业园00栋,广西壮族自治区,百色市,凌云县
浙江省温州市苍南县金乡镇迎旭东路0000-00号,浙江省,温州市,苍南县
浙江省台州市路桥金清金港东路000号,浙江省,台州市,路桥区
嘉兴市嘉善县西塘镇大舜工业区,浙江省,嘉兴市,嘉善县
路北街道商海北街中国建筑装饰城南一区佳和灯饰,河北省,唐山市,路北区
南溪路万家花园,四川省,宜宾市,南溪区
宁海县科园北路00号_A幢,浙江省,宁波市,宁海县
义乌市后宅街道下畈村,浙江省,金华市,义乌市
滨江区长江路0000号博邑郡0号楼,浙江省,杭州市,滨江区
浙江省宁波市海曙区西北市场,浙江省,宁波市,海曙区
安徽省合肥市瑶海区合肥龙岗综合经济开发区王岗社区居委会对面聚龙公司,安徽省,合肥市,瑶海区
陕西省铜川市王益区红旗街道中医医院,陕西省,铜川市,王益区
浙江省宁波市鄞州区首南街道香堤水岸-,浙江省,宁波市,鄞州区
浙江省台州市温岭市城东街道曙光东路000-000号瑞人堂,浙江省,台州市,温岭市
杭州市西湖区马塍路0-0号,浙江省,杭州市,西湖区
金华婺城区秋滨街道家和园,浙江省,金华市,婺城区
浙江省台州市椒江区机场北路000号台州市公安局交通警察局,浙江省,台州市,椒江区
余姚市丈亭镇菜场西路000号,浙江省,宁波市,余姚市
温州市鹿城区仰义乡渔渡村渔藤路00号,浙江省,温州市,鹿城区
浙江省杭州市江干区丁桥镇广大融城印象,浙江省,杭州市,江干区
贵州省毕节市大方县,贵州省,毕节市,大方县
宁波市余姚市泗门镇谢家路村戚家西路000号,浙江省,宁波市,余姚市
吴兴区金色地中海0000幢,浙江省,湖州市,吴兴区
凤凰北路0000号凤凰花园00幢,湖南省,湘西土家族苗族自治州,凤凰县
重庆市潼南县古溪镇红花乡五村九组,重庆市,重庆市,潼南县
贵州省织金县化起镇化起镇化起街上一组,贵州省,毕节市,织金县
昆铜工业园区浙江安吉健丰金属制品有限公司,四川省,宜宾市,江安县
慈溪市掌起镇陈叶路樟树五弄00号,浙江省,宁波市,慈溪市
浙江杭州下城区朝晖0区,浙江省,杭州市,下城区
西湖区文二路000号汽轮大厦,浙江省,杭州市,西湖区
余姚市长新路000号_二号楼A栋,浙江省,宁波市,余姚市
浙江省义乌市四海大道0号真爱网商左侧0号楼00楼,浙江省,金华市,义乌市
浙江杭州江干区杭州市石桥路00号,浙江省,杭州市,江干区
浙江省江山市双塔街道陈村村陈村000号,浙江省,衢州市,江山市
四川省彭州市天彭镇光明村,四川省,成都市,彭州市
浙江省椒江区轮渡路花园新村,浙江省,台州市,椒江区
浙江省杭州市余杭区星韵路00号美好桂花金座,浙江省,杭州市,余杭区
浙江宁波北仑人民南路灵峰公寓,浙江省,宁波市,北仑区
金华市义乌市戚继光路,浙江省,金华市,义乌市
东霞巷望江新园三园00栋,安徽省,安庆市,望江县
三门海游街道坦头巷000号,浙江省,台州市,三门县
海曙区高桥东路八方锦苑0幢,浙江省,宁波市,海曙区
浙江省温州市瑞安市塘下镇前北路000号,浙江省,温州市,瑞安市
浙江舟山定海昌国街道环城西路000号,浙江省,舟山市,定海区
宁波市江北区范江岸路新海景花园0幢,浙江省,宁波市,江北区
河南省商水县胡吉镇党冯行政村七组,河南省,周口市,商水县
宁波市市江东区_王家车头,浙江省,宁波市,江东区
慈溪市崇寿镇崇寿乐大道0000号,浙江省,宁波市,慈溪市
温州市鹿城区大南门莲花大厦A0栋,浙江省,温州市,鹿城区
宁波市鄞州区姜山镇东光工业园区东工0路0号,浙江省,宁波市,鄞州区
丽水市云和县和信路000-0号,浙江省,丽水市,云和县
浙江金华市永康市花川工业区花海路000号,浙江省,金华市,永康市
浙江省杭州市江干区丁桥华丰路和笕丁路交叉玺之湾,浙江省,杭州市,江干区
浙江省温州市龙湾区文丰路000号,浙江省,温州市,龙湾区
东洲花园别墅区映日苑000栋,辽宁省,抚顺市,东洲区
磐安县安文镇文溪南路000号,浙江省,金华市,磐安县
绍兴柯桥梅园小区,浙江省,绍兴市,柯桥区
张店区张南路000号南定水厂,山东省,淄博市,张店区
绍兴市绍兴县柯桥街道金柯桥大道0000号,浙江省,绍兴市,绍兴县
宁波市高新区星海南路000号,内蒙古自治区,乌海市,海南区
慈溪市宗汉街道史家路史家工业区0000弄000号,浙江省,宁波市,慈溪市
江南街道汽车客运南站江南国际商城,广西壮族自治区,南宁市,江南区
杭州市西湖区古墩路天亿大厦,浙江省,杭州市,西湖区
河南省-商丘市-虞城县稍岗范庄大队范庄村,河南省,商丘市,虞城县
浙江省温州市永嘉县码道东路00号,浙江省,温州市,永嘉县
江南大道0000号威陵大厦,广西壮族自治区,南宁市,江南区
浙江省杭州市江干区九堡镇东方电子商务园000幢0楼文丰工艺,浙江省,杭州市,江干区
萧山区盈通大厦九号楼,浙江省,杭州市,萧山区
虞山镇江苏省苏州市常熟市虞山镇荡墩路宾馆后面,江苏省,苏州市,常熟市
浙江省临海东方大道0000号,浙江省,台州市,临海市
浙江台州黄岩区八份村部旁,浙江省,台州市,黄岩区
杭州市西湖区黄姑山路000号_颐高创业大厦,浙江省,杭州市,西湖区
嘉兴嘉兴市南湖区大桥镇嘉兴工业园永叙路,浙江省,嘉兴市,南湖区
临安市经济开发区南环路000号台湾联塑,浙江省,杭州市,临安区
浙江省绍兴市越城区中兴北路000号经典客房,浙江省,绍兴市,越城区
沙田街与海珠路交叉口西000米商会大厦,广东省,广州市,海珠区
太和镇大源村黄庄南街00号之三,辽宁省,锦州市,太和区
义乌兴港小区-,浙江省,金华市,义乌市
西湖区文一路000号南苑A家电联,浙江省,杭州市,西湖区
绍兴市柯桥区坂湖景园,浙江省,绍兴市,柯桥区
广东省广州市海珠区志刚南路,广东省,广州市,海珠区
浙江省金华义乌市东苑路00号00楼右边,浙江省,金华市,义乌市
浙江省嘉兴市南湖区新丰镇竹林村富林化纤有限公司,浙江省,嘉兴市,南湖区
金华市义乌市下余新村福田0区00栋,浙江省,金华市,义乌市
瓯海大道000号浙江菲斯特成衣有限公司,浙江省,温州市,瓯海区
嵊州市城关镇东南路000号广厦大酒店电联,浙江省,绍兴市,嵊州市
贵州省赫章县威奢乡迎水村岔河组,贵州省,毕节市,赫章县
浙江省杭州市下城区延安路000号武林银泰A馆八楼郁香菲,浙江省,杭州市,下城区
浙江杭州萧山区新街镇盛乐村0组000号,浙江省,杭州市,萧山区
嘉兴海宁市长安镇东升村0组00号,浙江省,嘉兴市,海宁市
湖北省武汉市江夏区湖北省武汉市江夏区湖北省武汉市江夏区纸坊公园仕家00栋0单元,湖北省,武汉市,江夏区
金华义乌市稠江街道八角井00栋0单元,浙江省,金华市,义乌市
望江西路时代海景A幢,安徽省,安庆市,望江县
义乌国际商贸城四区二楼,浙江省,金华市,义乌市
杭州市滨江区立业园00号楼,浙江省,杭州市,滨江区
浙江省义乌市义驾山东街00号,浙江省,金华市,义乌市
金沙苑000栋00单元,贵州省,毕节市,金沙县
浙江省嘉兴市秀洲区洪合镇新村路000号0栋最东面0楼,浙江省,嘉兴市,秀洲区
浙江省杭州市拱墅区康园路000号杭A栋一楼,浙江省,杭州市,拱墅区
湖南省益阳市沅江万子湖信用社,湖南省,益阳市,沅江市
余姚市丈亭镇丈一路0000号,浙江省,宁波市,余姚市
中国浙江省温州市苍南县人民路0000号,浙江省,温州市,苍南县
浙江省台州市天台县天台山东路000号,浙江省,台州市,天台县
浙江省台州市路桥区路南街道长埔村,浙江省,台州市,路桥区
苏溪镇西山下村西山下小学,云南省,昆明市,西山区
广州市番禺区大龙街傍江东村菜市场A档,广东省,广州市,番禺区
中国浙江省温州市平阳县长春北路,浙江省,温州市,平阳县
路桥区新桥镇韩家村工业区,浙江省,台州市,路桥区
浙江省绍兴市新昌县澄潭镇赫辉机械有限公司,浙江省,绍兴市,新昌县
桐乡市世贸二期A区五楼天上人间AAA,浙江省,嘉兴市,桐乡市
下沙街道下沙开发区凌云街0000号,广西壮族自治区,百色市,凌云县
浙江省金华市永康市象珠镇寺口工业区索福办公楼,浙江省,金华市,永康市
四川省安岳县天宝乡兰草村六组,四川省,资阳市,安岳县
浙江省宁波市镇海区庄市街道丽景华府电联,浙江省,宁波市,镇海区
深圳罗湖嘉宾路太平洋商贸大厦A座,广东省,深圳市,罗湖区
黄岩北城模具博览城,浙江省,台州市,黄岩区
浙江杭州萧山高新九路000号,浙江省,杭州市,萧山区
白云街道塘岸小区000栋,广东省,广州市,白云区
三里桥路000号大东吴大厦,辽宁省,沈阳市,大东区
余杭区塘溪镇人民路乐苑小区0幢0单元,浙江省,杭州市,余杭区
宁波慈溪市新浦镇樟新路000号奇龙车业电联,浙江省,宁波市,慈溪市
湖南省吉首市凤凰县禾库镇崇寨村0组,湖南省,湘西土家族苗族自治州,凤凰县
黄河东路街道紫园南区00楼0单元,天津市,天津市,河东区
四川省内江市东兴区晨望路金山国际00栋000楼,四川省,内江市,东兴区
浙江省宁波慈溪市余庵公路000号生鲜食品节假日正常派送,浙江省,宁波市,慈溪市
杭州江干区七堡二区000号,浙江省,杭州市,江干区
义乌市北苑街道石桥头,浙江省,金华市,义乌市
番禺大道冼庄立交桥南000米广州鸿粤汽车销售部,广东省,广州市,番禺区
浙江省宁波市慈溪市科技路00号慈溪智慧谷,浙江省,宁波市,慈溪市
内蒙古自治区通辽市霍林郭勒市南广场创源金属,内蒙古自治区,通辽市,霍林郭勒市
浙江省临海市涌泉镇泾东村泾东新区000号,浙江省,台州市,临海市
余杭区星桥镇惠都家园,浙江省,杭州市,余杭区
鄞州区塘溪镇梅溪水库内,浙江省,宁波市,鄞州区
舟山舟山普陀区沈家门街道法院路000号,上海市,上海市,普陀区
宁波市江北区慈城镇新横一支路00号赛迪斯,浙江省,宁波市,江北区
温州龙港龙翔路0000号电联,辽宁省,葫芦岛市,龙港区
下沙月雅路长城机电市场东区,四川省,攀枝花市,东区
义乌市义驾山0楼,浙江省,金华市,义乌市
浙江省东阳市江北街道蟾院西00栋,浙江省,金华市,东阳市
宁波慈溪市横河镇石堰村兴业路000号,浙江省,宁波市,慈溪市
杭州市下城区现代雅苑000幢,浙江省,杭州市,下城区
浙江省杭州市余杭区余杭区良渚镇良渚街道九曲桥00号,浙江省,杭州市,余杭区余杭区
浙江省龙泉市新华街新华大厦,浙江省,丽水市,龙泉市
浙江省杭州市余杭区余杭镇金星二路金星科技园00号楼0楼西侧,浙江省,杭州市,余杭区
西湖区西溪路0000号西溪新座,浙江省,杭州市,西湖区
浙江台州市温岭市城区太平街道人民西路000号有疑问请联系主管,浙江省,台州市,温岭市城区
浙江省台州市临海市沿江镇孔化岙村青岭隧道旁边淘宝家居店,浙江省,台州市,临海市
上虞区上虞宾馆桥头丁界寺南区,浙江省,绍兴市,上虞区
定海区昌国路檀树南区,浙江省,舟山市,定海区
金地自在城东苑玛瑙湾,青海省,西宁市,城东区
浙江省宁波市江东区解放路00号如家酒店,浙江省,宁波市,江东区
义乌市后宅街道金城二期00栋0单元,浙江省,金华市,义乌市
浙江省衢州市衢江区滨港北路00-00号,浙江省,衢州市,衢江区
浙江省温州市鹿城区三牌坊A幢,浙江省,温州市,鹿城区
义乌市国际商贸城四区00号门_00街,浙江省,金华市,义乌市
萍乡市安源区后埠街街道朝阳南路000号,江西省,萍乡市,安源区
浙江省杭州市江干区00幢架空层杭州市江干区丁桥镇环丁路000号阳光逸城000幢架空层丰巢,浙江省,杭州市,江干区
嘉兴市秀洲区东升西路木桥港南区000栋,浙江省,嘉兴市,秀洲区
浙江省杭州市西湖区转塘街道之江一号东区,浙江省,杭州市,西湖区
平阳县平瑞路000-000号,浙江省,温州市,平阳县
杭州滨江区浦沿街道冠三路,浙江省,杭州市,滨江区
西安市未央区龙首村老三届首座大厦,陕西省,西安市,未央区
浙江省嘉兴市桐乡市濮院镇可以开箱验货试穿,浙江省,嘉兴市,桐乡市
杭州市江干区贺丁路000号000幢0单元,浙江省,杭州市,江干区
德清钟管镇工业园区升华拜克莱福二部,浙江省,湖州市,德清县
浙江省温州市乐清市城南街道春晖路0000号,浙江省,温州市,乐清市
上海市松江区石湖荡镇石湖新路0000号,上海市,上海市,松江区
浙江省台州市天台县坦头镇伍佰村金帅汽公司,浙江省,台州市,天台县
浙江省温州市文成县A院线,浙江省,温州市,文成县
河南省信阳市平桥区平西路财政局向北一百米小严汽修,河南省,信阳市,平桥区
浙江省宁波市慈溪市北二环东路000000号海通证券,浙江省,宁波市,慈溪市
金华永康长城工业区科源路0街00号,浙江省,金华市,永康市
中山街000-000号丽水大厦八层麦当劳餐厅,辽宁省,大连市,中山区
永康市物流中心三区,浙江省,金华市,永康市
温州乐清市乐成街道县前路000号,浙江省,温州市,乐清市
乐清北白象镇水谭村水谭西路00号,浙江省,温州市,乐清市
杭州市余杭区文一西路与狮山路口同城印象北区,浙江省,杭州市,余杭区
浙江省温州市鹿城区黎明西路000号,浙江省,温州市,鹿城区
浙江省杭州市萧山区建设一路中栋国际0幢00楼,浙江省,杭州市,萧山区
椒江区滨海工业区海丰路0000号奥尔凯吕业电联,浙江省,台州市,椒江区
绍兴柯桥鉴湖路0000号,浙江省,绍兴市,柯桥区
浙江省杭州市余杭区星桥街道瑞金华庭嘉苑00幢0单元,浙江省,杭州市,余杭区
上海市-市辖区-宝山区联杨路0000弄0号,黑龙江省,双鸭山市,宝山区
广西省河池市都安县九渡乡九思村田心屯000号,广西壮族自治区,河池市,都安县
杭州淳安县千岛湖坪山进贤大道000号,浙江省,杭州市,淳安县
浙江省舟山市普陀区新益路,上海市,上海市,普陀区
浙江省杭州市西湖区金地自在城乐活湾五幢,浙江省,杭州市,西湖区
越城区解放北路000号大坑,浙江省,绍兴市,越城区
义乌青口后村0栋00单元,浙江省,金华市,义乌市
唯胜路浙江安隆金属制品公司,四川省,宜宾市,江安县
上海市宝山区场北路000弄000号,黑龙江省,双鸭山市,宝山区
浙江省舟山市定海区总府路00号,浙江省,舟山市,定海区
浙江湖州吴兴区湖州职业技术学院0号学生公寓七楼,浙江省,湖州市,吴兴区
浙江省杭州市拱墅区清水公寓000幢0单元,浙江省,杭州市,拱墅区
杭州余杭区永西村0组,浙江省,杭州市,余杭区
浙江省杭州市拱墅区长青广业街孔乐长青文化创意园0栋,浙江省,杭州市,拱墅区
金清镇卷桥村同心路00号,贵州省,贵阳市,清镇市
登云路000号西城时代00幢,北京市,北京市,西城区
浙江省温州市瓯海区北纬一路000号,浙江省,温州市,瓯海区
乐清市纬二十路000号欧泰服饰电联,浙江省,温州市,乐清市
金华义乌市国际商贸城000区,浙江省,金华市,义乌市
嘉兴海宁市盐官镇广福村电联,浙江省,嘉兴市,海宁市
台州台州市温岭城西街道横湖中路新区菜场00楼,浙江省,台州市,温岭市
城东路佳源都市000幢,青海省,西宁市,城东区
宁波宁波市鄞州区小城花园,浙江省,宁波市,鄞州区
江山市白渡路七星亚龙湾电联,浙江省,衢州市,江山市
温州瑞安飞云镇横河村00号电联,浙江省,温州市,瑞安市
慈溪市青少年宫北路000号,浙江省,宁波市,慈溪市
长安镇鸿翔生活广场五楼妞妞服装店,河北省,石家庄市,长安区
浙江省杭州市萧山区党山镇群益村,浙江省,杭州市,萧山区
浙江省温州市鹿城区飞霞南路飞霞大厦,浙江省,温州市,鹿城区
浙江省绍兴市上虞区崧厦镇环城东路000号,浙江省,绍兴市,上虞区
江北下朱0幢00单元天天向上,浙江省,宁波市,江北区
浙江省杭州市萧山区瓜沥镇东恩村五组,浙江省,杭州市,萧山区
永康市子政路000-00号,浙江省,金华市,永康市
宁波市鄞州区高桥镇新联路000号,浙江省,宁波市,鄞州区
浙江省宁波市北仑区沿山河北路00号,浙江省,宁波市,北仑区
浙江省温州市瓯海区郭溪塘下唐川路,浙江省,温州市,瓯海区
广东汕头市潮阳区广东省汕头市_潮阳区城南街道广东省汕头市潮阳区城南街道口美,广东省,汕头市,潮阳区
浙江省杭州市拱墅区德胜路0000号海外海德胜大厦00楼,浙江省,杭州市,拱墅区
浙江省杭州市余杭区高教路000号华东勘测设计研究院,浙江省,杭州市,余杭区
七星镇江南新家园000幢,广西壮族自治区,桂林市,七星区
岳池县人民医院第二住院部,四川省,广安市,岳池县
浙江省杭州市淳安县环湖北路与青中路交叉路口玉兰花园,浙江省,杭州市,淳安县
上海上海市普陀区祁连山南路0000弄000号A栋,上海市,上海市,普陀区
西藏日喀则市萨嗄县兴隆饭店,西藏自治区,日喀则市,萨嗄县
浙江省嘉兴市海宁市许村镇沈士经济开发区,浙江省,嘉兴市,海宁市
浙江省温州市龙湾区农业示范园区文锦路0号,浙江省,温州市,龙湾区
余杭星光街临东家园,浙江省,杭州市,余杭区
浙江台州市温岭市城区新河镇塘下村,浙江省,台州市,温岭市城区
苍南县芦浦镇浦中路000号,浙江省,温州市,苍南县
浙江宁波市北仑区东海明园00栋,浙江省,宁波市,北仑区
浙江省温州市平阳县雅河路000号,浙江省,温州市,平阳县
慈溪市新浦镇樟兴路00弄00号,浙江省,宁波市,慈溪市
浙江省杭州市西湖区转塘街道转塘里街0000号,浙江省,杭州市,西湖区
浙江省温州市瑞安市飞云西路000号,浙江省,温州市,瑞安市
长河街道江南大道0000号,广西壮族自治区,南宁市,江南区
浙江-绍兴市-越城区东街000号绍兴市东街农贸市场0幢,浙江省,绍兴市,越城区
临平街道北沙西路顺达花苑西区0幢0单元,浙江省,杭州市,临平区
四川省凉山彝族自治州西昌市裕隆回族乡兴富村八组,四川省,凉山彝族自治州,西昌市
浙江省丽水市景宁畲族自治县金仙一弄000号,浙江省,丽水市,景宁畲族自治县
贵州铜仁松桃县普镇普觉中学,贵州省,铜仁市,松桃县
北京北京市房山区北京市房山区大石窝镇下庄村新社区00号楼,北京市,北京市,房山区
浙江省温州市平阳县柳王路000号,浙江省,温州市,平阳县
浙江省温州市乐清市宁康西路0000号,浙江省,温州市,乐清市
浙江省宁波市余姚市浙江远东工业城,浙江省,宁波市,余姚市
温州市龙湾区海域街道繁荣街道000弄0号,浙江省,温州市,龙湾区
广东省-深圳市-南山区创业路现代城华庭三栋,黑龙江省,鹤岗市,南山区
浙江省温州市平阳县鳌江凌云花园0号楼,浙江省,温州市,平阳县
绍兴市越城区检察院卧龙路000号,浙江省,绍兴市,越城区
浙江省绍兴市柯桥区兴越路0000号鉴湖景园,浙江省,绍兴市,柯桥区
海宁海昌经济开发区硖川路000号,浙江省,嘉兴市,海宁市
浙江省台州黄岩区黄岩横街000号第一人民医院电联,浙江省,台州市,黄岩区黄岩
浙江省嘉兴市秀洲区凯旋广场营销中心,浙江省,嘉兴市,秀洲区
浙江省杭州市西湖区玉古路000号,浙江省,杭州市,西湖区
浙江省金华市永康市西城街道金桂南路,浙江省,金华市,永康市
浙江省海宁市许村镇翁埠村后社庙,浙江省,嘉兴市,海宁市
浙江嵊州市三江街道惠民街0000号九楼,浙江省,绍兴市,嵊州市
浙江省温州市瑞安市湖岭镇潮基工业区宏大产业园隔壁中本0楼,浙江省,温州市,瑞安市
永嘉县瓯北镇林洋工业区方众阀门有限公司,浙江省,温州市,永嘉县
广东省佛山市南海区狮山科技工业园A区科技大道东,广东省,佛山市,南海区
河北省-石家庄市-新华区银泰商城,河北省,石家庄市,新华区
浙江省杭州市余杭区绿野春天梦翠苑,浙江省,杭州市,余杭区
浙江省温州市苍南县南鹤路00-00号,浙江省,温州市,苍南县
浙江省湖州市吴兴区织里镇长安西路0000号,浙江省,湖州市,吴兴区
温州市永嘉县乌牛镇西路000号,浙江省,温州市,永嘉县
浙江省绍兴市新昌县绍兴市新昌县南街南明街道南明路0幢,浙江省,绍兴市,新昌县
衢州市柯城区艺苑路香榭丽舍00幢,浙江省,衢州市,柯城区
浙江省舟山市定海区伴云路贺家塘0号,浙江省,舟山市,定海区
温州市苍南县龙港镇蔡家街000号,浙江省,温州市,苍南县
河北省邯郸市魏县棘针寨乡棘针寨村,河北省,邯郸市,魏县
浙江省开化县华埠镇兴华街000号,浙江省,衢州市,开化县
浙江省嘉兴市南湖区城东路000号,浙江省,嘉兴市,南湖区
余姚市城东新区月华苑西区000栋电联,浙江省,宁波市,余姚市
浙江省温州市鹿城区公园路东南大厦,浙江省,温州市,鹿城区
绍兴嵊州市富民街富兴路0弄000号,浙江省,绍兴市,嵊州市
宁海紫金花园,浙江省,宁波市,宁海县
北下朱振兴西路000号-,辽宁省,丹东市,振兴区
广东省广州市越秀区大塘街道东风东路钱路头直街0号之一0栋,广东省,广州市,越秀区
浙江省龙游县庙下乡芝坑口村茂里路00号,浙江省,衢州市,龙游县
辽宁省盘锦市兴隆台区振兴街道蓝色康桥小区,辽宁省,盘锦市,兴隆台区
龙湾区玉苍东路00号龙湾农商银行后面厂,浙江省,温州市,龙湾区
浙江省温州市平阳县昆阳镇00家000号,浙江省,温州市,平阳县
清河闸弄000号大塘巷社区,河北省,邢台市,清河县
浙江省温州市龙湾区瑞立旗舰店,浙江省,温州市,龙湾区
三墩镇余杭塘路0000号浙江大学紫金港校区民伟楼,浙江省,杭州市,余杭区
坡子街街道解放西路太平街入口处御泥坊专卖店,河南省,焦作市,解放区
临海市江滨家园0-00栋,浙江省,台州市,临海市
杭州市拱墅区康桥镇康乐路000号隽维中心A座0号楼0楼,浙江省,杭州市,拱墅区
盐仓镇新一路北海宁农业对外综合开发区内0号库雷士仓库,河北省,唐山市,路北区
浙江省平阳昆阳镇昆阳路00-0号,浙江省,温州市,平阳县
浙江省台州市仙居县浙江仙居东坑,浙江省,台州市,仙居县
瑞安市虹桥南路000号好日子,浙江省,温州市,瑞安市
义乌市国际商贸城0期000号门00街00楼,浙江省,金华市,义乌市
温州苍南浙闽农贸综合市场电联,浙江省,温州市,苍南县
浙江省台州市仙居县横溪镇永安路0000号,浙江省,台州市,仙居县
浙江省嘉兴市平湖市钟埭街道景乐雅苑羽绒联盟工厂直销,浙江省,嘉兴市,平湖市
浙江省台州市黄岩区高桥街道南山村000号,浙江省,台州市,黄岩区
温岭市温峤镇工具市场A区,浙江省,台州市,温岭市
广东省广州市天河区详细地址请客服联系收件人谢谢,广东省,广州市,天河区
浙江省丽水市遂昌县东城工业区金苍路0000号,浙江省,丽水市,遂昌县
鄞州区石矸街道东杨村洛兹建材城东海电器,浙江省,宁波市,鄞州区
鹿城区上陡门000栋电联,浙江省,温州市,鹿城区
浙江省杭州市江干区三新家园东区,浙江省,杭州市,江干区
沅陵镇龙泉山西环路000号,湖南省,怀化市,沅陵县
浙江省杭州市江干区中心路三村佳苑三村三区,浙江省,杭州市,江干区
浙江省杭州市江干区杭州市江干区新风丽都北苑00幢00单元,浙江省,杭州市,江干区
泰顺县交洋工业园区,浙江省,温州市,泰顺县
浙江省金华市义乌市苏溪镇江滨路00号,浙江省,金华市,义乌市
江苏省盐城市盐都区中国浙江省杭州市淳安县,江苏省,盐城市,盐都区
湖北省南漳县城关镇郭家土城一组,湖北省,襄阳市,南漳县
浙江省杭州市萧山区宁围镇二桥村桥园路0号0号楼,浙江省,杭州市,萧山区
北京北京市大兴区羸海坤路,北京市,北京市,大兴区
温州市永嘉县瓯北镇码道南路000号对面,浙江省,温州市,永嘉县
温州市鹿城区游嬉大楼速0酒店,浙江省,温州市,鹿城区
柯桥华舍东周小区000栋,浙江省,绍兴市,柯桥区
金华义乌宝联东街000号电联,浙江省,金华市,义乌市
复兴里街000号铁路宿舍,河北省,邯郸市,复兴区
浙江省绍兴柯桥区人利工业园000幢00楼晴禹庄仓库,浙江省,绍兴市,柯桥区
浙江省温州市乐清市柳市镇黄华三村沿江西路00号,浙江省,温州市,乐清市
运河镇博陆鹿溪路00-00号,河北省,沧州市,运河区
浙江省金华市义乌城店南路0000号,浙江省,金华市,义乌市
河北省沧州市沧县东关镇第五采油厂地质研究所,河北省,沧州市,沧县
浙江省舟山市定海区临城街道绿岛三区000幢,浙江省,舟山市,定海区
象山县大徐镇东郊路00号车辆综合性能检测站电联,浙江省,宁波市,象山县
浙江省宁波市鄞州区东吴镇,浙江省,宁波市,鄞州区
浙江金华市浙江省/金华市/金东区/金东区底田大自在,浙江省,金华市,金东区
北京海淀区学院南路000号,北京市,北京市,海淀区
浙江省嘉兴市桐乡市龙翔工业区和顺路000号,浙江省,嘉兴市,桐乡市
浙江省温州市AAAA浙江省温州市永嘉县欧北镇千石工业区佳龙电子有限公司,浙江省,温州市,永嘉县
嘉兴海宁海洲街道梅园一里,浙江省,嘉兴市,海宁市
杭州市西湖区浙江大学玉泉校区习某某,浙江省,杭州市,西湖区
湖北省恩施土家族苗族自治州恩施市六角亭街道后山湾书苑新城湖北智测技术有限公司,湖北省,恩施土家族苗族自治州,恩施市
浙江省台州市临海市靖江南路高家村,浙江省,台州市,临海市
杭州市下城区德胜路000号电动车,浙江省,杭州市,下城区
贵州省平塘县平湖镇中山路老邮局宿舍,贵州省,黔南布依族苗族自治州,平塘县
贵州省织金县城关镇杨柳路000号,贵州省,毕节市,织金县
浙江省杭州市滨江区三花江虹国际创业园0栋,浙江省,杭州市,滨江区
浙江省绍兴诸暨市应店街00都庄院村0000号,浙江省,绍兴市,诸暨市
普陀区舟山朱家尖慈航广场,上海市,上海市,普陀区
平阳县鳌江镇新河中路00-号工商银行0楼电联,浙江省,温州市,平阳县
象山县新华路0000号金阳光酒店,浙江省,宁波市,象山县
浙江省杭州市建德市新安江街道严州大道0000号0楼,浙江省,杭州市,建德市
永康市_五金广场_,浙江省,金华市,永康市
浙江省绍兴市柯桥区镜水路0000号,浙江省,绍兴市,柯桥区
浙江省嘉兴市海宁市硖石街道东山社区润景嘉园0幢0单元,浙江省,嘉兴市,海宁市
浙江省杭州市上城区紫阳街道鲲鹏路000号蓝色钱江00幢0单元,浙江省,杭州市,上城区
浙江-金华市-义乌市义乌国际商贸城A区00楼,浙江省,金华市,义乌市
浙江省宁波市江北区康庄南路0000号江北人家,浙江省,宁波市,江北区
龙港镇东城路0000号00楼,辽宁省,葫芦岛市,龙港区
柯桥湖塘越隆工业园0区00楼,浙江省,绍兴市,柯桥区
浙江省义乌市清溪东路000号0楼,浙江省,金华市,义乌市
宁波北仑区金海岸000栋,浙江省,宁波市,北仑区
桐乡市桐湖镇桐泽家园0幢0单元,浙江省,嘉兴市,桐乡市
嘉兴海宁市金利西三区宝泰,浙江省,嘉兴市,海宁市
浙江省绍兴市越城区皋埠镇樊江村0号,浙江省,绍兴市,越城区
平湖市广陈广中南路,浙江省,嘉兴市,平湖市
西湖区文三路000号天苑大厦00楼浙江八方电信有限公司,浙江省,杭州市,西湖区
丰润国际商务中心0楼,河北省,唐山市,丰润区
浙江省台州市温岭市泽国鹤池路0000号,浙江省,台州市,温岭市
宁波鄞州区锦寓路000号电联,浙江省,宁波市,鄞州区
浙江省宁波市江北区天合,浙江省,宁波市,江北区
宁波宁波市慈溪市周巷镇开发东路0000号世子五金厂,浙江省,宁波市,慈溪市
浙江省金华市义乌市国际商贸城一期,浙江省,金华市,义乌市
浙江省台州市仙居县光明西路000号城星广告,浙江省,台州市,仙居县
浙江省杭州市江干区五星路000号民生金融中心A000楼,浙江省,杭州市,江干区
浙江温州市乐清市柳市镇鸿基数码广场-浙江省温州市乐清市车站路0000号六楼A区影硕电脑,浙江省,温州市,乐清市
余杭镇世贸西西湖湖山帝景湾0期000幢二单元,浙江省,杭州市,余杭区
石祥路与长浜路交口杭州新天地项目部,山西省,吕梁市,交口县
东宁路顾家总部大楼A0-0层,黑龙江省,牡丹江市,东宁市
湖北省麻城市龟山乡周家岗村吴家岗,湖北省,黄冈市,麻城市
金华市婺城区二环北路0000号聚宝二手车市场,浙江省,金华市,婺城区
浙江省舟山市定海区昌国路,浙江省,舟山市,定海区
浙江省武义县武川中路000号武义县图书馆,浙江省,金华市,武义县
浙江省嘉兴市海宁市斜桥庆云大桥北路0000号,浙江省,嘉兴市,海宁市
中国浙江省温州市龙湾区凤湾路,浙江省,温州市,龙湾区
新世纪家电公司兰溪家电商场,浙江省,金华市,兰溪市
城南街道莲花四号区,江西省,萍乡市,莲花县
浙江省温州市永嘉县健康中路,浙江省,温州市,永嘉县
宁波宁海桃园街道时代大道000号,浙江省,宁波市,宁海县
浙江省瑞安东山下埠村瑞光大道0000号电联,浙江省,温州市,瑞安市
苍南县金乡镇金耀南路000号,浙江省,温州市,苍南县
乐清市宁康西路000弄左右渔具,浙江省,温州市,乐清市
浙江省宁波市鄞州区集士港镇泽兰巷0号,浙江省,宁波市,鄞州区
浙江省温州市乐清市柳市镇苏澳东路000号,浙江省,温州市,乐清市
浙江省宁波市江东区福明街道新天地东区,浙江省,宁波市,江东区
浙江省绍兴市柯桥区柯桥街道大明翰泽苑000幢,浙江省,绍兴市,柯桥区
浙江省温州市苍南县灵溪镇沪山西路000号,浙江省,温州市,苍南县
浙江省杭州市江干区下沙江干区五号大街000号,浙江省,杭州市,江干区
西湖区文一路翠苑三区,浙江省,杭州市,西湖区
浙江省衢州市衢江区樟潭街道沈家村000号,浙江省,衢州市,衢江区
海曙区聚财路水木清华A区00栋,浙江省,宁波市,海曙区
广东深圳宝安区福永街道福中工业园A栋,广东省,深圳市,宝安区
宁波市鄞州区下应金谷中路文墨仓,浙江省,宁波市,鄞州区
四川省宜宾市长宁县竹海镇集贤村双溪组,四川省,宜宾市,长宁县
浙江省绍兴市上虞区百官路东工业园区双清路000号,浙江省,绍兴市,上虞区
杭州市富阳区东洲工业园,浙江省,杭州市,富阳区
陕西省安康市紫阳县陕西省安康市紫阳县城关镇西关国税局家属楼三楼,陕西省,安康市,紫阳县
浙江省诸暨市璜山镇塘北村000号,浙江省,绍兴市,诸暨市
浙江省温州市苍南县灵宜线,浙江省,温州市,苍南县
瑞安塘下镇中心区A-00-0地块温莎国际公寓,浙江省,温州市,瑞安市
龙山镇山下村山脚下路000号,吉林省,辽源市,龙山区
浙江省温州市龙湾区机场大道,浙江省,温州市,龙湾区
浙江省杭州市滨江楚天路,浙江省,杭州市,滨江区
宁波市鄞州区古林镇方林东路0000-0号,浙江省,宁波市,鄞州区
浙江省杭州市江干区丁桥镇同协路000号,浙江省,杭州市,江干区
浙江省绍兴市柯桥区柯西发展路吉美印染00幢0楼西面,浙江省,绍兴市,柯桥区
温州鹿城区温迪锦园00幢,浙江省,温州市,鹿城区
杭州市江干区城星路钱江国际时代广场,浙江省,杭州市,江干区
浙江省金华市金东区孝顺镇正涵北街0000号欧瑞,浙江省,金华市,金东区
上海市闸北区河南北路0000号,上海市,上海市,闸北区
新阳路北三里康美花园00栋0单元,河北省,唐山市,路北区
浙江省金华市义乌市江东街道_樊村000幢一单元,浙江省,金华市,义乌市
绍兴诸暨市应店街镇十二都村菜场,浙江省,绍兴市,诸暨市
浙江省温州市鹿城区沿江工业区沿盛路00号,浙江省,温州市,鹿城区
柯桥北市场四区八楼,浙江省,绍兴市,柯桥区
杭州市西湖区西斗门路00号天堂软件园,浙江省,杭州市,西湖区
浙江省绍兴市上虞市浙江省绍兴市上虞市城北后村,浙江省,绍兴市,上虞市
宁波市鄞州区望春工业园区杉杉路000号,浙江省,宁波市,鄞州区
浙江省嘉兴市秀洲区王江泾镇栋梁村戴方港_000000,浙江省,嘉兴市,秀洲区
上海上海市松江区新桥镇场东路0000弄百佳花园,上海市,上海市,松江区
浙江-杭州-余杭区金恒路四十九号,浙江省,杭州市,余杭区
宁波市江北区大庆北路000号,浙江省,宁波市,江北区
浙江杭州上城区叶家弄000幢00单元,浙江省,杭州市,上城区
浙江省金华义乌市国际商贸城A区0楼,浙江省,金华市,义乌市
宁波市海曙区镇明路,浙江省,宁波市,海曙区
杭州市西湖区曙光路000号黄龙饭店西厅,浙江省,杭州市,西湖区
吴兴区杭长桥北路金世纪广场,浙江省,湖州市,吴兴区
河北省沧州市孟村回族自治县宋庄子乡张院村000号,河北省,沧州市,孟村回族自治县
浙江温州龙湾区建中南街0000号,浙江省,温州市,龙湾区
浙江省温州市龙湾区滨海二道0000号,浙江省,温州市,龙湾区
滨江长河街道江晖路0000号隆和国际,浙江省,杭州市,滨江区
河北省蠡县水日坝乡龙日村六经,河北省,保定市,蠡县
桐乡市世纪大道和谐人家雅苑电联,浙江省,嘉兴市,桐乡市
拱墅区沈半路半山镇桃源街金鑫桃源居,浙江省,杭州市,拱墅区
浙江省杭州市萧山区义桥镇义桥派出所,浙江省,杭州市,萧山区
海宁市启潮路0000号百联奥特莱斯,浙江省,嘉兴市,海宁市
浙江省金华市义乌戚继光路000号,浙江省,金华市,义乌市
浙江省宁波市镇海区庄市街道工四路000号,浙江省,宁波市,镇海区
上海市嘉定区安亭芙蓉新村,上海市,上海市,嘉定区
浙江省丽水市青田县侨乡工业园区名典集团欧贝丝曼鞋业,浙江省,丽水市,青田县
浙江省嘉兴市桐乡市濮院镇紫金小区000栋支持开箱验货试穿同意自取,浙江省,嘉兴市,桐乡市
浙江杭州余杭区老余杭西园凤都苑-,浙江省,杭州市,余杭区
萧山区城乡街道美汁源美林院00栋0单元电联,浙江省,杭州市,萧山区
白云源东路0000号丹艺工业园内桐庐捷达电子商务有限公司电话,广东省,广州市,白云区
浙江省绍兴市绍兴县柯桥区国贸中心北区0幢,浙江省,绍兴市,柯桥区
黄龙九山鞋料总汇0幢,陕西省,延安市,黄龙县
后宅街道上洪东区群英路0000号五楼,四川省,攀枝花市,东区
浙江省诸暨市中央美墅,浙江省,绍兴市,诸暨市
平阳县昆阳镇兴工路000号,浙江省,温州市,平阳县
中国浙江省温州市泰顺县玉龙路,浙江省,温州市,泰顺县
盐仓镇新一路北000号0号库雷士仓库,河北省,唐山市,路北区
广东省-广州市-白云区德康路000号炫澜车灯店,广东省,广州市,白云区
浙江省杭州市江干区采荷街道景昙路庆春银泰四楼思加图,浙江省,杭州市,江干区
浙江省杭州市拱墅区AAAA在线商店,浙江省,杭州市,拱墅区
浙江省杭州市AAAA浙江省杭州市下城区回龙路00号浙江江天园林建设有限公司,浙江省,杭州市,下城区
四季青街道解放东路浙江财富金融中心西楼,河南省,焦作市,解放区
浙江省温州市瑞安市仙降镇江溪工业区东明箱包有限公司,浙江省,温州市,瑞安市
布吉南岭村商业中心A栋0楼振兴宾馆,辽宁省,丹东市,振兴区
浙江省金华义乌国际商贸城0期0区000号门0楼,浙江省,金华市,义乌市
金华义乌市福田街道陶界岭村00栋楼下电联,浙江省,金华市,义乌市
安徽省巢湖市沐集镇兆河行政村范王村,安徽省,合肥市,巢湖市
温州苍南龙港纺织一街000号电联,浙江省,温州市,苍南县
诸暨市店口镇中央路0000号,浙江省,绍兴市,诸暨市
义乌青口北区000幢0单元,浙江省,金华市,义乌市
嘉善县渭塘街道程家小区电联,浙江省,嘉兴市,嘉善县
浙江省苍南县龙港镇西六街000号,浙江省,温州市,苍南县
临江街道临江工业园区纬0路0000号,吉林省,白山市,临江市
云南省德宏傣族景颇族自治州潞西市遮放镇嘎中村民委员会南蚌村民小组,云南省,德宏傣族景颇族自治州,潞西市
北仑新大路000号中国电信,浙江省,宁波市,北仑区
浙江省温州市瑞安市豪丽旗舰店仙降街道江溪仙篁竹工业区豪瑞箱包,浙江省,温州市,瑞安市
浙江省岱山县高亭镇山湾一弄00号,浙江省,舟山市,岱山县
拱墅区市巷街道长板巷00号远大花园00幢,浙江省,杭州市,拱墅区
浙江省杭州市西湖区三墩镇西园九路00号A栋转A00号仓,浙江省,杭州市,西湖区
浙江宁波慈溪市掌起工业园北一环路00号,浙江省,宁波市,慈溪市
宁波市鄞州区鄞江镇浩宾馆,浙江省,宁波市,鄞州区
浙江省瑞安市移动公司,浙江省,温州市,瑞安市
北苑街道凌云一区000栋00单元,广西壮族自治区,百色市,凌云县
鄞州区古林镇薛家居委会对面,浙江省,宁波市,鄞州区
浙江省杭州市余杭区乔司镇,浙江省,杭州市,余杭区
浙江台州椒江区洪家街道后高桥村星星集团,浙江省,台州市,椒江区
浙江省绍兴新昌县卧龙新村,浙江省,绍兴市,新昌县
江北区江北大道000号远洲大酒店电联,浙江省,宁波市,江北区
滨海园区0道00路0000号,江苏省,盐城市,滨海县
浙江省杭州市上城区清波街道江城路建国南苑,浙江省,杭州市,上城区
南海区西樵百东荣阳新村,广东省,佛山市,南海区
广东省-广州市-花都区三凤村机杨,广东省,广州市,花都区
浙江省台州市临海市绿化路000号,浙江省,台州市,临海市
浙江杭州拱墅区方家北路保利香槟国际,浙江省,杭州市,拱墅区
浙江省杭州市拱墅区康园路隽维中心A座,浙江省,杭州市,拱墅区
金华市婺城区美和路0000号,浙江省,金华市,婺城区
浙江省绍兴市新昌县泰坦大道0000号,浙江省,绍兴市,新昌县
河南省开封市杞县建设路杞国新城三期0幢0单元,河南省,开封市,杞县
市龙湾区兴国路000号0楼,浙江省,温州市,龙湾区
宁波市慈溪市坎墩开发区孙方中路,浙江省,宁波市,慈溪市
金华义乌市秀湖新村电联,浙江省,金华市,义乌市
浙江省宁波市北仑区黄山路000号宁波北仑世茂希尔顿逸林酒店,浙江省,宁波市,北仑区
浙江省温州市瑞安市上望街道林南路一巷000号后面,浙江省,温州市,瑞安市
浙江省金华市永康市前仓村花园路000号,浙江省,金华市,永康市
杭州萧山坎山人民路000号,浙江省,杭州市,萧山区
长兴县太湖街道高铁路000号国家大学科技园综合楼电联,浙江省,湖州市,长兴县
浙江省杭州市余杭区南大街0000号,浙江省,杭州市,余杭区
杭州市上城区清泰街000号,浙江省,杭州市,上城区
萧山义蓬镇白浪村0组00号,浙江省,杭州市,萧山区
广东省-揭阳市-普宁市轻纺城上海街,广东省,揭阳市,普宁市
台州市黄岩新前街道振文路0000号,浙江省,台州市,黄岩区
余杭区梦想小镇天使村米庄理财,浙江省,杭州市,余杭区
浙江省温州市乐清市虹港北路000号,浙江省,温州市,乐清市
浙江省杭州市江干区万象城悦府0幢0单元,浙江省,杭州市,江干区
广东省江门市莲江区蓬莱路000号手机爆屏快修服务,广东省,江门市,莲江区
菏泽市鄂城县武安镇孙楼村,山东省,菏泽市,鄂城县
浙江省龙泉市宝溪乡溪头村,浙江省,丽水市,龙泉市
浙江省丽水市松阳县荷塘坌,浙江省,丽水市,松阳县
浙江省杭州市江干区采荷街道城星路000号,浙江省,杭州市,江干区
浙江省滨江区江汉路0000号双城国际电联,浙江省,杭州市,滨江区
海南省海口市美兰区海府路000号0栋,海南省,海口市,美兰区
海曙区镇明路00号中信银行大厦00楼电联,浙江省,宁波市,海曙区
浙江省温州市鹿城区绣山路00号,浙江省,温州市,鹿城区
浙江温州龙湾蒲州街道上庄村南岸路000号,浙江省,温州市,龙湾区
安徽省滁州市南谯区滁州学院会峰校区,安徽省,滁州市,南谯区
白云街道南雅新村00弄00号楼,广东省,广州市,白云区
浙江省温州市永嘉县乌牛工业区,浙江省,温州市,永嘉县
慈溪市附海镇花木村西三节,浙江省,宁波市,慈溪市
萧山区所前镇联谊村杨树下,浙江省,杭州市,萧山区
龙港镇万宝路大酒店0楼收银台,辽宁省,葫芦岛市,龙港区
浙江省杭州市萧山区市心中路000号向米美容美发,浙江省,杭州市,萧山区
浙江省杭州市余杭区仁和镇三星路00号,浙江省,杭州市,余杭区
浙江省杭州市市辖区杭海路0000号,浙江省,杭州市,市辖区
浙江省嘉兴市桐乡市濮院永乐小区,浙江省,嘉兴市,桐乡市
环城西路0000号,青海省,西宁市,城西区
浙江省宁波市海曙区三市路,浙江省,宁波市,海曙区
浙江省金华市永康市第一人民医院住院部00楼神经外科,浙江省,金华市,永康市
杭州电子科技大学信息工程学院临安青山湖街道胜联路000号,浙江省,杭州市,临安区
象山港东路0000号甬南企业,浙江省,宁波市,象山县
萧山区闻堰镇军民路000号,浙江省,杭州市,萧山区
浙江省瑞安市万松东路000号之江花园,浙江省,温州市,瑞安市
浙江省嘉兴市嘉善县经济开发区长江路000号凯嘉电脑配件行政楼正门,浙江省,嘉兴市,嘉善县
浙江杭州市余杭区良渚文化村郡西乐府,浙江省,杭州市,余杭区
浙江省金华义乌市北苑凌云一区000栋0楼,浙江省,金华市,义乌市
海宁市硖西二里中区,浙江省,嘉兴市,海宁市
浙江省宁波市鄞州区浙江省宁波市鄞州区钟公庙街道芝兰新城00幢,浙江省,宁波市,鄞州区
浙江省温州市苍南县龙港镇规划一路000号,浙江省,温州市,苍南县
云南省照通市威信县林凤乡金竹村菜加湾社,云南省,昭通市,威信县
浙江温州市苍南县钱库镇环城北路000号,浙江省,温州市,苍南县
浙江省金华市义乌市廿三里街道何宅村西00号,浙江省,金华市,义乌市
商城公寓0号楼九单元,河南省,信阳市,商城县
浙江省杭州市西湖区晴川街如意苑,浙江省,杭州市,西湖区
嘉兴市南湖区华庭街A区太平鸟男装专卖店,浙江省,嘉兴市,南湖区
新华路街道恒昌花园西大门昌隆平价超市,河北省,石家庄市,新华区
余杭区乔司镇三鑫工业园区_00栋00楼,浙江省,杭州市,余杭区
瓯海区西山东路银来花苑A00栋,浙江省,温州市,瓯海区
荣昌东路0号蓝天清水湾国际大酒店,重庆市,重庆市,荣昌区
浙江省温州市平阳县箫江镇双龙新村,浙江省,温州市,平阳县
浙江省嘉兴市嘉善县西塘镇大舜长浜,浙江省,嘉兴市,嘉善县
府坪街道百街口巷000号龙门客栈,广东省,惠州市,龙门县
万寿二路上城西道A区商铺派多格宠物苏坡店,浙江省,杭州市,上城区
义乌市苏溪镇新苑村0000号,浙江省,金华市,义乌市
浙江省宁波市慈溪市观海卫普惠一路,浙江省,宁波市,慈溪市
义乌市青口工业园区新光0期,浙江省,金华市,义乌市
浙江省金华市婺城区三江街道环城南路0000号大润发0号楼00层,浙江省,金华市,婺城区
义乌市神舟路0000号一楼,浙江省,金华市,义乌市
贵州省铜仁市石阡县大沙坝街上,贵州省,铜仁市,石阡县
宁波宁波市鄞州区石矸镇雍景镇00栋,浙江省,宁波市,鄞州区
浙江省瑞安市万松东路000号妇幼保健院,浙江省,温州市,瑞安市
杭州市拱墅区上塘镇宋家村000号,浙江省,杭州市,拱墅区
浙江省嘉兴市平湖市兴平一路0000号丹凤制衣四楼,浙江省,嘉兴市,平湖市
诸暨市大唐镇河合溪口新村00幢,浙江省,绍兴市,诸暨市
浙江省温州市瑞安市瑞湖路000号,浙江省,温州市,瑞安市
瑞安市莘城镇民莘东路0巷00号电联,浙江省,温州市,瑞安市
浙江绍兴滨海北九路新三印印染八厂,江苏省,盐城市,滨海县
平阳县昆阳镇平阳大厦0楼,浙江省,温州市,平阳县
东胜街道舟孟北路天馨苑000弄000号,内蒙古自治区,鄂尔多斯市,东胜区
浙江杭州西湖区AAA0号楼,浙江省,杭州市,西湖区
绍兴柯桥越隆大厦,浙江省,绍兴市,柯桥区
乐清经济开发区纬十八路,浙江省,温州市,乐清市
东新路00号九龙仓君玺0栋,四川省,甘孜藏族自治州,九龙县
浙江省绍兴市嵊州市黄泽功能区三王玉龙路000号,浙江省,绍兴市,嵊州市
金华义乌市后宅街道洪华新村0000栋0单元,浙江省,金华市,义乌市
海沧街道海沧区海投大厦万邦中心0楼,福建省,厦门市,海沧区
浙江省杭州市余杭区杭州余杭良渚金恒德对面赞成美树00幢,浙江省,杭州市,余杭区
浙江省象山县美利百货麦中林丹城天安路00号,浙江省,宁波市,象山县
浙江-台州-温岭市温西工具市场,浙江省,台州市,温岭市
诸暨市陶朱街道龙山社区庙坞自然村,浙江省,绍兴市,诸暨市
山东省鄄城县郑营乡北孙庄行政村北孙庄村00号,山东省,菏泽市,鄄城县
浙江省台州市路桥区双水路双水名苑东区西门进门丰巢,浙江省,台州市,路桥区
辽宁省大连市金州区三十里堡镇宫家村河南屯春梅超市打电话取,辽宁省,大连市,金州区
西区大道花园厨房楼上营养学会办公室,四川省,攀枝花市,西区
温州龙湾区蒲州街道蒲东后路00号,浙江省,温州市,龙湾区
桐乡市乌镇镇彭家村中元家纺,浙江省,嘉兴市,桐乡市
金华金华义乌江汪工业区年年红公司门卫处电联,浙江省,金华市,义乌市
浙江-杭州-临安市青山科技大道0000号优迈科技,浙江省,杭州市,临安市
杭州市江干区建福街000号万科紫台00幢0单元,浙江省,杭州市,江干区
四川眉山市城区眉山外国语学校裴城路,山西省,阳泉市,城区
永宁西路与龙江路交叉口西北侧龙江锦苑A区,宁夏回族自治区,银川市,永宁县
山东省威海市环翠区皇冠街道经济技术开发区地税局办公室,山东省,威海市,环翠区
浙江省绍兴柯桥东升路市场A区0楼高氏纺织,浙江省,绍兴市,柯桥区
江苏省常州市新北区新桥镇新景花苑,江苏省,常州市,新北区
宁波市江北区外滩花园00号楼,浙江省,宁波市,江北区
镇海区骆驼街道永茂西路,浙江省,宁波市,镇海区
浙江省温州市苍南县灵溪镇江湾北路苍南交警大队,浙江省,温州市,苍南县
浙江省杭州市西湖区转塘街道九溪路00号东航云逸酒店,浙江省,杭州市,西湖区
鲤城西路0000号凯越宾馆对面,福建省,泉州市,鲤城区
台州温岭市城北街道杨家渭村新区00栋,浙江省,台州市,温岭市
浙江省宁波市鄞州区望春园区云林中路000号A座00楼供应部,浙江省,宁波市,鄞州区望春园区
义乌廿三里金鳞北路,浙江省,金华市,义乌市
浙江省宁波市北仑区富春江路0000号00号楼厂房0楼,浙江省,宁波市,北仑区
嘉善县魏塘镇人民大道000号上海杉达学院嘉善光彪学院,浙江省,嘉兴市,嘉善县
浙江省杭州市萧山区临江工业园纬六路0000号,浙江省,杭州市,萧山区
湖北省钟祥市胡集镇金山五号东区,湖北省,荆门市,钟祥市
浙江省嘉兴市南湖区新丰镇新荷路000号,浙江省,嘉兴市,南湖区
河南省平顶山市宝丰县周庄镇刘湾村前岭村0组0000号,河南省,平顶山市,宝丰县
浙江省杭州市西湖区文一西路000号天湖公寓天湖公寓大门口丰巢,浙江省,杭州市,西湖区
柯桥区万桑路0000号电联,浙江省,绍兴市,柯桥区
金华市婺城柳青街0000号怡景园00号楼,浙江省,金华市,婺城区
浙江省杭州市上城区望江街道婺江路0000号近江时代大厦A座,浙江省,杭州市,上城区
浙江省嘉兴市海宁市长安镇连杭开发区新兴路000号,浙江省,嘉兴市,海宁市
浙江省湖州市南浔区马腰镇计家兜,浙江省,湖州市,南浔区
宁波市江东区和青北路000号,浙江省,宁波市,江东区
凤凰街道美欣家园00栋,湖南省,湘西土家族苗族自治州,凤凰县
瓯海区宁波路站南商务宾馆电联,浙江省,温州市,瓯海区
杭州市余杭区良渚镇荀山村十二组庙底下00号,浙江省,杭州市,余杭区
浙江省金华市婺城区工商城阳光路00号莫泰,浙江省,金华市,婺城区
温州苍南县龙港芦浦社区汇源路000号,浙江省,温州市,苍南县
建德市新安路新世纪大厦0楼申申网吧,浙江省,杭州市,建德市
浙江省杭州市江干区杭海路与艮山东路交叉口风林公寓架空层0幢0单元和00单元之间架空层丰巢,浙江省,杭州市,江干区
浙江省绍兴市绍兴县柯桥区钱清镇湖头方,浙江省,绍兴市,柯桥区
浙江省宁波市海曙区横街镇庙东新村,浙江省,宁波市,海曙区
四明中路0000号中国联通鄞州万达营业厅,浙江省,宁波市,鄞州区
浙江省金华市义乌市浙江金华义乌江东街道青岩刘A区0栋0单元,浙江省,金华市,义乌市
浙江省温州市瑞安市好滩印象0栋0单元,浙江省,温州市,瑞安市
浙江金华武义丁前村联谊巷000号,浙江省,金华市,武义县
义乌市廿三里武康路000号,浙江省,金华市,义乌市
浙江省-温州-瑞安市,浙江省,温州市,瑞安市
浙江省金华市义乌市城中西路000号0楼,浙江省,金华市,义乌市
浙江省温州市苍南县建新路0000号,浙江省,温州市,苍南县
马窖街道广东省汕头市濠江区马窖街道南山湾产业区AA0单元天际股份,广东省,汕头市,濠江区
海游街道山董村口三门县爱康模具有限公司,浙江省,台州市,三门县
江西省南昌市南昌县昌东镇紫阳大道翰园小区,江西省,南昌市,南昌县
浙江省金华义乌国际商贸城0区0街00号门,浙江省,金华市,义乌市
祁门县祁山镇山水名门志诚玻璃,安徽省,黄山市,祁门县
宁波市镇海炼化诗韵服装店,浙江省,宁波市,镇海区
浙江省杭州市江干区管委会金沙大道000号,浙江省,杭州市,江干区管委会
浙江省台州市椒江区下陈街道机场路00号,浙江省,台州市,椒江区
浙江省绍兴市上虞市市民大道0000号大通购物中心九楼宝姿女装,浙江省,绍兴市,上虞市
深圳市龙岗区坂田万科金色半山0栋,广东省,深圳市,龙岗区
舟山定海区干缆镇西码头澜港大道00号舟山鞋荣实业有限公司,浙江省,舟山市,定海区
浙江省温州市乐清市柳市电器城A区,浙江省,温州市,乐清市
浙江省绍兴市越城区东浦镇群贤中路0000号浙江越秀外国语学院镜湖小区,浙江省,绍兴市,越城区
浙江省金华市义乌市浙江省金华市义乌市浙江义乌宏迪路000号A电园诚俊网商大厦00楼妮洛雅,浙江省,金华市,义乌市
浙江金华市义乌市孔村0区000栋0单元,浙江省,金华市,义乌市
浙江省温州市永嘉县千石工业区金螳螂鞋业,浙江省,温州市,永嘉县
湖南省邵阳市洞口县山门镇二桥乐美居,湖南省,邵阳市,洞口县
西兴街道钱塘春晓000幢,浙江省,杭州市,钱塘区
浙江省杭州市余杭区乔司镇毛桃东街00号,浙江省,杭州市,余杭区
临海市后塘路000号人文电脑,浙江省,台州市,临海市
龙湾区滨海园区金海0道瓯飞工程保障基地龙达公司电联,浙江省,温州市,龙湾区
镜水路路南工业园欣君成工业园0栋00楼,河北省,唐山市,路南区
金华金华市婺城区对家畈新街00号,浙江省,金华市,婺城区
浙江省宁波市鄞州区江东南路00号海景花园A座,浙江省,宁波市,鄞州区
濮院镇上上城00栋00单元,浙江省,杭州市,上城区
柳市镇朝阳村锦阳路0000号,北京市,北京市,朝阳区
泉庄街道人民大道中000号公安消防局,湖北省,荆州市,公安县
浙江省温州市鹿城区蒲鞋市0000号,浙江省,温州市,鹿城区
宁波市鄞州区姜山镇北大路0号,浙江省,宁波市,鄞州区
平阳县鳌江镇柳北小区00栋0单元,浙江省,温州市,平阳县
安徽省涡阳县城关街道邢北居民组000号,安徽省,亳州市,涡阳县
浙江省杭州市余杭区浙江省杭州余杭钱江经济开发区兴中路0000号,浙江省,杭州市,余杭区
杭州西湖区保?A北路00号汉庭酒店,浙江省,杭州市,西湖区
浙江温州市乐清市柳市镇大公馆旁边中楠大厦0楼,浙江省,温州市,乐清市
浙江省温州市瓯海区仙岩街道官山铷铭超市对面,浙江省,温州市,瓯海区
浙江省淳安县市县阳街道八一新村00幢0单元,浙江省,杭州市,淳安县
浙江省杭州市上城区建国南苑000幢,浙江省,杭州市,上城区
浙江金华市金东区杨山水电管理处金华市金东区寺顺镇,浙江省,金华市,金东区
浙江省杭州市西湖区古墩路耀江文鼎苑,浙江省,杭州市,西湖区
里水镇和顺白岗亿盛工业园第八栋,山西省,晋中市,和顺县
天台县坦头镇伍佰村00-00号,浙江省,台州市,天台县
义乌市复兴一区00栋0单元0楼,浙江省,金华市,义乌市
浙江金华市义乌市凯吉路000号陈林科仿真花叶厂,浙江省,金华市,义乌市
浙江省杭州市余杭区临平街道北大街000-000号三楼,浙江省,杭州市,余杭区
下沙月雅路长城机电市场东区,四川省,攀枝花市,东区
诸暨市草塔镇凯翔大道0000号,浙江省,绍兴市,诸暨市
浙江省淳安县千岛湖镇新安南路八号_金兔毛衫,浙江省,杭州市,淳安县
梁辉开发区东区中山东三路,四川省,攀枝花市,东区
浙江省杭州市江干区钱江国际时代广场0幢,浙江省,杭州市,江干区
柯桥区东路A区0楼,浙江省,绍兴市,柯桥区
嘉善西塘大舜塘港路000号,浙江省,嘉兴市,嘉善县
北仑区九龙山一号宁波保税区南区招商物流园0号仓、0号仓,浙江省,宁波市,北仑区
浙江省温州市浙江省温州市龙湾区永中街道永中东路000-000号建行,浙江省,温州市,龙湾区
金沙园开发区古楼坪刑警大队,贵州省,毕节市,金沙县
浙江省金华市兰溪市兰江街道兰江路0号,浙江省,金华市,兰溪市
温州乐清柳市镇兴宁巷00号电联,浙江省,温州市,乐清市
浙江省杭州市滨江区滨兴路滨江慧港科技园00幢,浙江省,杭州市,滨江区
重庆重庆市潼南县桂林街道江北国土局电梯房,重庆市,重庆市,潼南县
椒江解放北路数码,浙江省,台州市,椒江区
温州市永嘉县黄田东街00号,浙江省,温州市,永嘉县
北仑区大矸街道鸿顺家园高田王街000号,浙江省,宁波市,北仑区
柯桥区滨海工业区兴滨路广丰印染有限公司,浙江省,绍兴市,柯桥区
浙江省嘉兴南湖区嘉杭路0号桥江林汽车公司电联,浙江省,嘉兴市,南湖区
浙江杭州余杭区,浙江省,杭州市,余杭区
浙江省丽水市景宁畲族自治县浙江省丽水市景宁畲族自治县环城北路,浙江省,丽水市,景宁畲族自治县
浙江省杭州市滨江区,浙江省,杭州市,滨江区
浙江绍兴市诸暨市城区诸暨市永兴路,浙江省,绍兴市,诸暨市
浙江省杭州市滨江区迎春北苑000幢四单元,浙江省,杭州市,滨江区
浙江省温州市苍南县龙港镇南城路中共龙港小包装印刷工业园区000栋,浙江省,温州市,苍南县
浙江省杭州市淳安县千岛湖镇新安南路0号锦绣花园0栋0单元,浙江省,杭州市,淳安县
广西壮族自治区柳州市融安县外贸大道包子朋友耶,广西壮族自治区,柳州市,融安县
浙江省衢州市江山市双塔街道北环路000号,浙江省,衢州市,江山市
浙江省杭州市滨江区滨兴小区00栋0单元,浙江省,杭州市,滨江区
杭州桐庐县石马小区-00单元-,浙江省,杭州市,桐庐县
宁波市鄞州区五乡镇仑兴路000号,浙江省,宁波市,鄞州区
广东省广州市天河区中国浙江省温州市平阳县文昌街,广东省,广州市,天河区
海宁皮革城0期八楼塘南北路00号,浙江省,嘉兴市,海宁市
浙江省嘉兴市南湖区赛格电子市场五楼,浙江省,嘉兴市,南湖区
宁波宁波余姚市低塘派出所,浙江省,宁波市,余姚市
浙江省宁波市江东区浙江省宁波市江东区中山东路0000号世纪东方广场银泰百货0楼,浙江省,宁波市,江东区
浙江省绍兴市越城区运河首府,浙江省,绍兴市,越城区
苍南县龙港镇巴曹社区巴曹卫生院0楼,浙江省,温州市,苍南县
河南省驻马店市新蔡县驻马店新蔡县人民路面粉厂东00米华为专卖店,河南省,驻马店市,新蔡县
宁波江东区东柳坊,浙江省,宁波市,江东区
杭州市余杭区大井加油站对面,浙江省,杭州市,余杭区
金山桥经济开发区蟠桃花园0期000号楼,上海市,上海市,金山区
浙江省温州市龙湾区永中万达店,浙江省,温州市,龙湾区
河南省新蔡县杨庄户乡杨集粮管所院内豫隆玩具厂,河南省,驻马店市,新蔡县
张掖市甘州区安阳乡明家城村十二社,甘肃省,张掖市,甘州区
羊马镇永和大道意隆客超市,山西省,临汾市,永和县
江西省樟树市洲上乡店前周村,江西省,宜春市,樟树市
宁波江北区怡南街00号电联,浙江省,宁波市,江北区
浙江省金华市义乌市杨二村000幢,浙江省,金华市,义乌市
杭州市滨江区滨盛路与长河路交叉口水印城电联,浙江省,杭州市,滨江区
浙江省杭州市滨江区信诚路000号凯和大厦三楼浙江希优信息科技有限公司,浙江省,杭州市,滨江区
浙江省绍兴市诸暨市诸暨00路上海城,浙江省,绍兴市,诸暨市
重庆市铜梁区华兴镇白水村四社,重庆市,重庆市,铜梁区
鹿城区雪山路集景花园,浙江省,温州市,鹿城区
萧山区建设二路000号圆通速递门口,浙江省,杭州市,萧山区
城中北路0000号0单元,广西壮族自治区,柳州市,城中区
浙江省温州市鹿城区五马街道潘岙经济园A区羽茜鞋业,浙江省,温州市,鹿城区
湖州市吴兴区清河家园000幢0单元,浙江省,湖州市,吴兴区
红旗中路铅丝厂宿舍二栋,河南省,新乡市,红旗区
浙江省嘉兴市南湖区广宜文苑00幢,浙江省,嘉兴市,南湖区
浙江省诸暨市陈宅镇石壁水库管理局,浙江省,绍兴市,诸暨市
乌鲁木齐市新市区石油新村街道九家湾冶建二区,新疆维吾尔自治区,乌鲁木齐市,新市区
瑞安市虹桥北路虹桥宾馆电联,浙江省,温州市,瑞安市
浙江省仙居县福区街道晨曦路000-00号,浙江省,台州市,仙居县
浙江省宁波市江东区东胜街道浙江省宁波市江东区江东北路宁波书城0号楼00楼美麟文化股份有限公司,浙江省,宁波市,江东区
台州玉环县楚门镇清港工业区里面电联,浙江省,台州市,玉环县
八里店镇吴兴大道总部自由港A栋00层,浙江省,湖州市,吴兴区
瑞安市莘城下村沿河路000号,浙江省,温州市,瑞安市
宁波余姚梁周线北环西路0000号北库,浙江省,宁波市,余姚市
贵州省黔南布依族苗族自治州平塘县通州镇新街好乐购生活超市,贵州省,黔南布依族苗族自治州,平塘县
宁波鄞州区永达路0000号殷家花园,浙江省,宁波市,鄞州区
福建省-福州市-仓山区三路九号,福建省,福州市,仓山区
浙江省金华市义乌市绣湖西路秀禾小区,浙江省,金华市,义乌市
义乌市孔村0区,浙江省,金华市,义乌市
浙江省嘉兴市秀洲区王店镇,浙江省,嘉兴市,秀洲区
浙江省宁波市余姚市阳明街道新桥村虹桥000号,浙江省,宁波市,余姚市
浙江省义乌市贝村0幢0单元,浙江省,金华市,义乌市
浙江省金华市永康市石柱工业区,浙江省,金华市,永康市
德清县禹越镇航海路0000号,浙江省,湖州市,德清县
宁波江北区环城北路东段000弄000号,浙江省,宁波市,江北区
浙江省杭州市余杭区星桥开发区,浙江省,杭州市,余杭区
浙江省宁波市余姚市大隐镇工业园区,浙江省,宁波市,余姚市
大巨镇蓬莱落三楼_,山东省,烟台市,蓬莱区
浙江省温州市鹿城区滨江街道上江路同人花园,浙江省,温州市,鹿城区
瓯北镇双塔路晨江宾馆电联,辽宁省,锦州市,北镇市
浙江杭州余杭区大华海派茗园,浙江省,杭州市,余杭区
山东省济南市长清区宾谷街0000号,山东省,济南市,长清区
台州黄岩区北城广兴路000号,浙江省,台州市,黄岩区
平阳县腾蛟镇凤翔路000号,浙江省,温州市,平阳县
温州市鹿城区时代海景A栋,浙江省,温州市,鹿城区
浙江省杭州市萧山区建设一路000号华越家具,浙江省,杭州市,萧山区
浙江省宁波市余姚市低塘街道历山上陈村桥西000号,浙江省,宁波市,余姚市
闲林街道天目山西路000号东海闲湖城印象湾,江苏省,连云港市,东海县
越城区鲁迅中路000号咸亨土特产商场,浙江省,绍兴市,越城区
浙江省宁波市象山县塔山路000号老夏推拿,浙江省,宁波市,象山县
浙江省金华市婺城区秋滨街道化山小区00栋0单元,浙江省,金华市,婺城区
义乌市佛堂镇渡馨中路000号,浙江省,金华市,义乌市
柯南大道路南变电所后面_盛大仓库,河北省,唐山市,路南区
中泰街道新泰村杭州变电所,山东省,泰安市,新泰市
浙江省杭州市富阳区富阳区东洲工业区五星路0号运通网城物流楼四楼,浙江省,杭州市,富阳区富阳区
浙江省温州市平阳县麻步镇树贤中路000号,浙江省,温州市,平阳县
杭行路000号杭州拱墅万达广场,浙江省,杭州市,拱墅区
仁和街道启航路000号联东A谷招商中心,四川省,攀枝花市,仁和区
浙江省湖州吴兴区织里镇利济中路000-00号,浙江省,湖州市,吴兴区
浙江省温州市瑞安市江浦路,浙江省,温州市,瑞安市
石松一级温岭市日盛机械有限公司,浙江省,台州市,温岭市
浙江-台州-温岭市牧屿沈桥村沈工机床,浙江省,台州市,温岭市
慈溪市庵东镇工业园区纬三路,浙江省,宁波市,慈溪市
路南工业园区柯岩街道欣君成工业园,河北省,唐山市,路南区
浙江省温州市苍南县灵溪镇小康路0号,浙江省,温州市,苍南县
宁波市鄞州区五乡镇仁久村高老庄0000号,浙江省,宁波市,鄞州区
浙江余姚市阳明街道西石山南路000号公共卫生科,浙江省,宁波市,余姚市
浙江省温州市龙湾区黄山路0号,浙江省,温州市,龙湾区
金华市义乌市廿三里街道金麟北路000号,浙江省,金华市,义乌市
安徽省池州市青阳县蓉城镇皖青阳县蓉城镇龙子口新村000号,安徽省,池州市,青阳县
温州乐清市柳市车站路000号,浙江省,温州市,乐清市
义乌市春晗二区,浙江省,金华市,义乌市
乐清市柳市镇上池村长江路0000号洋河酒后门,浙江省,温州市,乐清市
南湖区纺工路石堰南区,浙江省,嘉兴市,南湖区
浙江省宁波市鄞州区姜山镇工业园区景江路00号,浙江省,宁波市,鄞州区
浙江省诸暨市阮市镇南宾路三号,浙江省,绍兴市,诸暨市
富阳区大源镇郎家湾路0-0号杭州富阳和顺门业有限公司,浙江省,杭州市,富阳区
萧山区建设二路与明星路交叉口保利霞飞郡,浙江省,杭州市,萧山区
城厢街道西兴路000号快修先生,福建省,莆田市,城厢区
杭州市萧山区宏达路000号百一制衣有限公司,浙江省,杭州市,萧山区
五常大道000号鸿雁产业园,黑龙江省,哈尔滨市,五常市
杭州下城区西文东苑00幢0单元,浙江省,杭州市,下城区
安徽省蚌埠市蚌山区龙湖新村街道办事处,安徽省,蚌埠市,蚌山区
淳安县威坪镇叶家村光辉000-0号,浙江省,杭州市,淳安县
嘉善县西塘镇大舜声宝路00号,浙江省,嘉兴市,嘉善县
浙江诸暨大唐金龙西路000号,浙江省,绍兴市,诸暨市
浙江省-嘉兴市-嘉善县-姚庄镇-万泰路000号A仓,浙江省,嘉兴市,嘉善县
芜湖经济技术开发区奇瑞城北公寓,青海省,西宁市,城北区
宁海县西城国际00幢家友货运,浙江省,宁波市,宁海县
浙江省宁波市慈溪市掌起镇东河路00号对面,浙江省,宁波市,慈溪市
浙江省台州市路桥区市场街000号,浙江省,台州市,路桥区
陕西省渭南市合阳县城关镇平政村,陕西省,渭南市,合阳县
浙江省宁波镇海区骆驼街道欧尚超市收货平台停车库电联,浙江省,宁波市,镇海区
温州苍南县龙港镇西城四街000号,浙江省,温州市,苍南县
浙江省金华市义乌市北苑街道拥军路000号网商创业大厦A座,浙江省,金华市,义乌市
宁波市鄞州区钱湖北路0000号印象城AAAAAAA,浙江省,宁波市,鄞州区
瑞安市塘下镇鲍七村望和南路0巷000号,浙江省,温州市,瑞安市
三墩镇西湖科技园区紫宣路0000号00幢000楼,浙江省,杭州市,西湖区
山东济南市历下区山东省济南市_历下区甸柳街道济南市甸柳新村五区00号楼依然名品服饰店,山东省,济南市,历下区
龙湾区沙城街道七二村000弄00号,浙江省,温州市,龙湾区
浙江省温岭市太平街道五龙小区000幢0单元,浙江省,台州市,温岭市
瓯海经济开发区南纬二路0号,浙江省,温州市,瓯海区
浙江杭州西湖区丰潭路政苑小区000幢,浙江省,杭州市,西湖区
海宁南苑四里000栋,浙江省,嘉兴市,海宁市
上城区中河中路000号上城公安分局门口,浙江省,杭州市,上城区
杭州市滨江区江南豪园00幢00单元,浙江省,杭州市,滨江区
浙江省杭州市拱墅区康中路00号0栋0层,浙江省,杭州市,拱墅区
浙江省温州市瑞安市瑞安工业区上东路0000号,浙江省,温州市,瑞安市
浙江省杭州西湖区西园一路00号00幢0层电联,浙江省,杭州市,西湖区
浙江省杭州萧山区虹迪路00号,浙江省,杭州市,萧山区
浙江省杭州市富阳区新登镇方村,浙江省,杭州市,富阳区
丽水市莲都区大洋河小区-,浙江省,丽水市,莲都区
浙江省杭州市滨江区滨康路000号0幢平邮以及到付件拒签,浙江省,杭州市,滨江区
宁波市海曙区紫金街,浙江省,宁波市,海曙区
浙江省温州市鹿城区双屿街道广龙大厦九栋,浙江省,温州市,鹿城区
浙江省湖州市吴兴区凤凰开发区机电路0000号,浙江省,湖州市,吴兴区
双屿街道富锦家园0栋0单元,黑龙江省,佳木斯市,富锦市
鄞州区惠风西路城南商务大厦A楼00楼,浙江省,宁波市,鄞州区
浙江省温州市苍南县龙港镇下洋郑村沿河路,浙江省,温州市,苍南县
河南省许昌市魏都区河南省许昌市魏都区许繁路0000号许昌医学院,河南省,许昌市,魏都区
义乌市大陈镇龙山路000号,浙江省,金华市,义乌市
余杭区闲林中路东海闲湖城,浙江省,杭州市,余杭区
贵州省六枝特区平寨镇三分局法幕服装店,贵州省,六盘水市,六枝特区
浙江省海宁市皮都路00号,浙江省,嘉兴市,海宁市
浙江省湖州市长兴县和平镇,浙江省,湖州市,长兴县
温岭大溪现范桥一区,浙江省,台州市,温岭市
浙江省温州市苍南县龙翔路,浙江省,温州市,苍南县
浙江省宁波海曙区妇女儿童医院住院部00楼产科六病区电联,浙江省,宁波市,海曙区
浙江省宁波市余姚市泗门镇姚北大道000号_00栋,浙江省,宁波市,余姚市
义乌市苏溪镇飞天电商园0幢00楼,浙江省,金华市,义乌市
金华义乌市稠城街道诚信二区000幢,浙江省,金华市,义乌市
鹿城区车站达到0000号阳光假日酒店,浙江省,温州市,鹿城区
浙江省杭州市桐庐县横村镇横村村陈家畈,浙江省,杭州市,桐庐县
殿前街道长乐路长乐村0期,福建省,福州市,长乐区
宁波市宁海县跃龙街道东观路东景花园,浙江省,宁波市,宁海县
瑞安塘下镇陈宅村广场西路0000号,浙江省,温州市,瑞安市
温州永嘉县桥下镇成立大酒店门口电联,浙江省,温州市,永嘉县
浙江省宁波市海曙区广博工业园,浙江省,宁波市,海曙区
浙江省温州市鹿城区车站大道恒隆商务楼,浙江省,温州市,鹿城区
浙江省湖州市吴兴区织里镇大港北路000号,浙江省,湖州市,吴兴区
浙江省嘉兴市南湖区中国浙江省嘉兴市秀洲区明日路,浙江省,嘉兴市,南湖区
正定镇常山西路与建安街交叉路口南行00米路西康福国际幼稚园,河北省,石家庄市,正定县
杭州市滨江区浦沿新生八甲,浙江省,杭州市,滨江区
浙江省温州市鹿城区惠民路上美小区0栋,浙江省,温州市,鹿城区
象山丹西街道西谷路000号0楼,浙江省,宁波市,象山县
绍兴上虞曹娥街道高新路00号电联,浙江省,绍兴市,上虞区
慈溪市观海卫镇新泽村振华路00弄0号,浙江省,宁波市,慈溪市
北仑区大榭开发区图书馆青少年宫,浙江省,宁波市,北仑区
浙江省宁波市鄞州区百丈东路王家弄000号北楼00A,浙江省,宁波市,鄞州区
湖北省鄂州市华容区葛店开发区维纳阳光0栋,湖北省,鄂州市,华容区
浙江杭州余杭区崇贤街道君兰华庭,浙江省,杭州市,余杭区
浙江省嘉兴市海宁市袁花镇尖山新区安仁路0号,浙江省,嘉兴市,海宁市
浙江省嘉兴市桐乡市庆丰中路00号东兴商厦0楼AAAA专柜,浙江省,嘉兴市,桐乡市
杭州市西湖区三墩镇金蓬街,浙江省,杭州市,西湖区
广东深圳市宝安区自由路东方建富大厦,广东省,深圳市,宝安区
浙江省杭州市余杭区仁和镇河滨街金鼎阳光,浙江省,杭州市,余杭区
浙江省嘉兴市秀洲区桃园路0000号中电科海电院,浙江省,嘉兴市,秀洲区
鹿城区开源路景乐居0幢00楼,浙江省,温州市,鹿城区
浙江省宁波市海曙区南方路其锐达机械,浙江省,宁波市,海曙区
广东省深圳市光明新区公明上村石观工业园00栋,广东省,深圳市,光明新区
浙江省舟山市普陀区朱家尖街道番莲村修竹府,上海市,上海市,普陀区
杭州市萧山区闻堰镇三江花园,浙江省,杭州市,萧山区
宁波镇海区庄市聚兴路0号黄金物流绍兴线,浙江省,宁波市,镇海区
五常街道文一西路0000号海创园00号楼0楼浙江图维科技股份有限公司,黑龙江省,哈尔滨市,五常市
浙江省温州市龙湾区滨海六路0000号,浙江省,温州市,龙湾区
广东深圳宝安区文昌路000号,广东省,深圳市,宝安区
台州黄岩十里铺丰立路000号门卫处电联,浙江省,台州市,黄岩区
浙江省杭州市滨江区滨康路000号,浙江省,杭州市,滨江区
浙江省拱墅区湖墅南路000号一树咖啡,浙江省,杭州市,拱墅区
石祥路0000号运河汽车电商园,河北省,沧州市,运河区
宁波镇海骆驼公园南路00号,浙江省,宁波市,镇海区
浙江省杭州市西湖区文一路000号,浙江省,杭州市,西湖区
浙江-杭州-江干区,浙江省,杭州市,江干区
江苏省南京市江宁区清水亭东路恒大绿洲00栋,江苏省,南京市,江宁区
浙江省瑞安市龙山东路000弄00栋0单元,浙江省,温州市,瑞安市
金华义乌市国际商贸城0区00号门0楼00街00000号,浙江省,金华市,义乌市
柯桥滨海工业区_兴滨路0000号,浙江省,绍兴市,柯桥区
东阳市横店镇湖头陆云曼大酒店,浙江省,金华市,东阳市
桐庐县瑶琳镇姚村沈村三组,浙江省,杭州市,桐庐县
浙江省鄞州区盛世新都,浙江省,宁波市,鄞州区
浙江省嘉兴市桐乡市桐乡市永兴路000号00楼,浙江省,嘉兴市,桐乡市桐乡市
浙江省台州市路桥区金清镇林家村后反爪0区,浙江省,台州市,路桥区
浙江余姚朗霞天华南边000号,浙江省,宁波市,余姚市
杭州市菜山区衙前镇祥里路村新河南路0号,浙江省,杭州市,菜山区
西湖区黄龙万科中心A座,浙江省,杭州市,西湖区
宁波江北区江北大道0000弄00号恒威集团,浙江省,宁波市,江北区
宁波市海曙区顺德路金威大厦000楼,浙江省,宁波市,海曙区
浙江省慈溪市坎墩街道汉西工业园区,浙江省,宁波市,慈溪市
浙江省宁波市宁海县新园二路0号吉盛机电,浙江省,宁波市,宁海县
浙江省宁波市江北区庄桥街道庄桥童家日兴房,浙江省,宁波市,江北区
杭州市下城区庆春路000号太平洋保险九楼,浙江省,杭州市,下城区
锡场军埔电子商务天桥下韵达快递,山东省,济南市,天桥区
重庆市沙坪坝区天陈路000号0000秋季航空服务四班老校区,重庆市,重庆市,沙坪坝区
浙江省杭州市滨江区浙江省杭州市滨江区龙湖春江彼岸00幢,浙江省,杭州市,滨江区
宁波慈溪市孙塘北路上浮家村000号,浙江省,宁波市,慈溪市
路桥小商品市场北大门五楼,浙江省,台州市,路桥区
浙江省杭州市上城区劳动路00号,浙江省,杭州市,上城区
广西百色市右江区城北二路000号,广西壮族自治区,百色市,右江区
长兴县经济开发区翡翠名都物业管理中心,浙江省,湖州市,长兴县
杭州市上城区望江街道秋涛路望江西园,浙江省,杭州市,上城区
杭州市滨江区江虹路0000号,浙江省,杭州市,滨江区
浙江省嘉兴市海宁市丁桥钱江工业园区红保路00号,浙江省,嘉兴市,海宁市
金华义乌市苏溪大道000号,浙江省,金华市,义乌市
义乌市兴中小区000幢,浙江省,金华市,义乌市
浙江省温州市瓯海区梧田街道佳景花园00栋,浙江省,温州市,瓯海区
宁波慈溪市浒山街道金东南苑,浙江省,宁波市,慈溪市
义乌市副食品市场00街0000号,浙江省,金华市,义乌市
绍兴市嵊州市医院路00号电联,浙江省,绍兴市,嵊州市
环城西路北段南四楼,青海省,西宁市,城西区
浙江省杭州市萧山区拱秀路育才路交叉口以北育秀园0幢0单元,浙江省,杭州市,萧山区
义乌市下湾0区00栋0单元0楼,浙江省,金华市,义乌市
浙江省温州市瓯海区鼎业包装机械厂,浙江省,温州市,瓯海区
浙江省嵊泗县嵊山镇解放村周家弄000号,浙江省,舟山市,嵊泗县
浙江省杭州市西湖区翠柏路0号电子技术研究所0号楼,浙江省,杭州市,西湖区
浙江-温州-苍南县马站镇下在村,浙江省,温州市,苍南县
杭州市上城区延安路0000号龙翔大厦,浙江省,杭州市,上城区
浙江省余姚市世南西路,浙江省,宁波市,余姚市
浙江省杭州市江干区笕桥镇明石路明石商业大厦,浙江省,杭州市,江干区
金华市义乌市神舟路000号,浙江省,金华市,义乌市
浙江省金华义乌市义亭镇姑塘工业区相义路000号蝶妃化妆品厂内,浙江省,金华市,义乌市
浙江省湖州市德清县武康镇百合公寓芳荷苑0幢00单元,浙江省,湖州市,德清县
河南省商城县李集乡新庄村李湾组00号,河南省,信阳市,商城县
浙江省杭州市上城区紫花苑-,浙江省,杭州市,上城区
浙江省丽水市景宁浙江景宁中学,浙江省,丽水市,景宁
浙江省杭州市余杭区临平街道宏达路龙湖香醍溪岸000幢0单元,浙江省,杭州市,余杭区
浙江省嘉兴嘉善县魏塘街道外环东路0000号普洛斯园区A0库A00单元,浙江省,嘉兴市,嘉善县
江口街道罗蒙电子商务00号仓库门卫,贵州省,铜仁市,江口县
浙江省杭州市江干区新塘路皋塘西一区_广仁医院对面,浙江省,杭州市,江干区
浙江省宁波市余姚市南雷路0号一楼,浙江省,宁波市,余姚市
浙江省杭州市西湖区古荡街道古荡新村西000栋,浙江省,杭州市,西湖区
浙江省温州市苍南县外滩嘉园0幢,浙江省,温州市,苍南县
浙江省诸暨市环城西路金村,浙江省,绍兴市,诸暨市
浙江省杭州市滨江区滨安路0000号A00层,浙江省,杭州市,滨江区
莲都区银苑小区000栋0楼店面,浙江省,丽水市,莲都区
宁波海曙区天一广场开明街000号,浙江省,宁波市,海曙区
浙江省杭州市西湖区龙井村0000号,浙江省,杭州市,西湖区
浙江省杭州市江干区四季青街道市民街000号尊宝大厦金尊000楼民生银行授信评审部,浙江省,杭州市,江干区
柯桥街道百舸路翠泽苑,浙江省,绍兴市,柯桥区
临海市临海大道临亚工业园圆通速递中转站,浙江省,台州市,临海市
浙江省杭州市滨江区浙江杭州浅水湾桃园,浙江省,杭州市,滨江区
海门街道台州市椒江区中山东路000号市立医院住院部00楼泌尿科护士站,浙江省,台州市,椒江区
浙江省龙游县溪口镇,浙江省,衢州市,龙游县
浙江省温州市乐清市柳市镇柳黄路000号00楼蜘蛛王,浙江省,温州市,乐清市
路北街道路桥区新华书店西路桥大道000号,浙江省,台州市,路桥区
桐乡市濮院镇红星新村,浙江省,嘉兴市,桐乡市
温州市鹿城区广化桥路浦桥景园00栋,浙江省,温州市,鹿城区
杭州萧山萧绍东路00号风行汽车,浙江省,杭州市,萧山区
娄桥东耕吹台西路000号,河北省,张家口市,桥东区
乐清市柳市镇新光工业区新光大道,浙江省,温州市,乐清市
无极路和顺小区0单元,河北省,石家庄市,无极县
深圳市宝安区西乡街道黄田路0号云立方电商产业园0楼,广东省,深圳市,宝安区
绍兴柯桥东升路A区,浙江省,绍兴市,柯桥区
银湖街道九龙大道0000号三江鸣翠蓝湾,四川省,甘孜藏族自治州,九龙县
浙江省杭州市上城区延安路000号耀江广厦写字楼A座,浙江省,杭州市,上城区
浙江省温州市龙湾区永中街道度山留云路000号,浙江省,温州市,龙湾区
浙江嘉兴桐乡市濮院大道0000号桐乡开天毛纺原料有限公司,浙江省,嘉兴市,桐乡市
浙江省温州市AAAA浙江温州市龙湾区瑶溪镇状元浃路000号,浙江省,温州市,龙湾区
浙江省绍兴市绍兴县柯桥钻石大厦,浙江省,绍兴市,绍兴县柯桥
江苏省扬中市八桥镇红旗村0000号,江苏省,镇江市,扬中市
浙江省杭州市江干区杭州下沙经济开发区海天城00幢0单元,浙江省,杭州市,江干区
中国浙江省温州市鹿城区康华路000号,浙江省,温州市,鹿城区
仙居县建设西路000号仙豪主题酒店电联,浙江省,台州市,仙居县
盘锦兴隆台区水游城商城电联,辽宁省,盘锦市,兴隆台区
宁波市奉化区溪口镇班摈小学,浙江省,宁波市,奉化区
浙江-金华-永康市清源路0号,浙江省,金华市,永康市
金华市义乌市北苑街道春晗路春盛小区0栋,浙江省,金华市,义乌市
杭州市余杭区良渚街道_大场地,浙江省,杭州市,余杭区
江陵路00号万轮科技园00号楼,湖北省,荆州市,江陵县
云南省德宏州瑞丽市麓川路华哥通讯,云南省,德宏傣族景颇族自治州,瑞丽市
浙江省金华义乌市长春五街000号电联,浙江省,金华市,义乌市
浙江省杭州市萧山区萧山区宁围镇宁新村000号,浙江省,杭州市,萧山区萧山区
浙江省永康市花街镇圣谛诺亚工贸公司,浙江省,金华市,永康市
广西省象州县妙皇乡妙皇旧街0000号,广西壮族自治区,来宾市,象州县
浙江省绍兴市诸暨市大唐镇连托物流,浙江省,绍兴市,诸暨市
温岭市城北街道南山村A区,浙江省,台州市,温岭市
深圳市罗湖区深南东路文华大厦西座三楼,广东省,深圳市,罗湖区
贵州省毕节市七星关区田坝桥镇臭水井村,贵州省,毕节市,七星关区
浙江省义乌市侯儿村00栋五单元负四层,浙江省,金华市,义乌市
浙江省义乌市下湾一区000栋,浙江省,金华市,义乌市
浙江省绍兴市诸暨市环城东路0000号,浙江省,绍兴市,诸暨市
杭州市西湖区古荡新村西00幢八单元,浙江省,杭州市,西湖区
义乌国际商贸城五区四楼_三街_,浙江省,金华市,义乌市
三江街道嵊州大道南0000号,浙江省,绍兴市,嵊州市
浙江省台州市天台县坦头镇陈二小路口进000米汽车用品大院,浙江省,台州市,天台县
三水中心科技工业园乐平工业区,广东省,佛山市,三水区
余杭区临平荷花塘映荷街000号,浙江省,杭州市,余杭区
杭州拱墅区小河家苑北区,浙江省,杭州市,拱墅区
福田二区00栋,广东省,深圳市,福田区
临平大道0000号浙江交工项目部,浙江省,杭州市,临平区
浙江省金华市金东区澧浦镇洪村村洪镇路00号,浙江省,金华市,金东区
杭州市下城区石祥路000-0000号新天地,浙江省,杭州市,下城区
浙江省金华市婺城区四联路000号金华网络经济中心0楼,浙江省,金华市,婺城区
浙江省杭州市下城区中山北路000号,浙江省,杭州市,下城区
西湖大道00号,浙江省,杭州市,西湖区
安徽省黄山市黟县翼然中路000号,安徽省,黄山市,黟县
西乡街道共乐宝莲新村十巷三号,陕西省,汉中市,西乡县
温州鹿城区飞霞南路宏大商厦,浙江省,温州市,鹿城区
湖北省武汉市江岸区后湖大涎塔子湖西路君安花园00栋0单元,湖北省,武汉市,江岸区
浙江省杭州市桐庐县凤川街道柴埠小区,浙江省,杭州市,桐庐县
浙江省温州市乐清市大荆镇聚桥巷,浙江省,温州市,乐清市
浙江省杭州市江干区白杨街道0号大街00号嘉诚国际转运仓,浙江省,杭州市,江干区
福建省福州市晋安区新店镇西凤路西园佳园三栋,福建省,福州市,晋安区
浙江省宁波市江北区望山路000号,浙江省,宁波市,江北区
四川省攀枝花市盐边县永兴镇江西双河村六组00号,四川省,攀枝花市,盐边县
浦江县后_谢林村000号,浙江省,金华市,浦江县
浙江省瑞安市高楼镇西村村寨寮溪00幢,浙江省,温州市,瑞安市
杭州市上城区延安路0000号龙翔大厦,浙江省,杭州市,上城区
浙江省温州市鹿城区望江东路顺锦商厦A座,浙江省,温州市,鹿城区
浙江省台州市玉环县市干江镇下礁门工业区,浙江省,台州市,玉环县
宁波市鄞州区中河街道天静巷,浙江省,宁波市,鄞州区
浙江衢州柯城区幸福家园000幢0单元,浙江省,衢州市,柯城区
嘉兴桐乡濮院镇环贸中心000楼,浙江省,嘉兴市,桐乡市
慈利县龙潭河镇岩坪村0组,湖南省,张家界市,慈利县
浙江省宁波海曙区胜德路000弄000号00楼,浙江省,宁波市,海曙区
浙江省杭州市上城区尚农里0幢-00单元,浙江省,杭州市,上城区
贵州省-遵义市-市辖区丁字路口老凤祥银楼,贵州省,遵义市,市辖区
福田街道下骆宅紫金北路000号,广东省,深圳市,福田区
金华义乌市经发大道0000号后栋0楼,浙江省,金华市,义乌市
浙江省温州新城南溪江路家景花园汇景0栋,内蒙古自治区,呼和浩特市,新城区
永嘉县桥头镇壬田南路000号,浙江省,温州市,永嘉县
南溪西路0000号A宝宝母婴精品,四川省,宜宾市,南溪区
浙江省宁波海曙区马园路000号世纪蕉叶财务部,浙江省,宁波市,海曙区
福建省福州市长乐市首占镇首占村福联超市,福建省,福州市,长乐市
江苏省苏州市常熟市宇山镇,江苏省,苏州市,常熟市
丽水市浙江省丽水市莲都区万丰北路000号金贸大厦,浙江省,丽水市,莲都区
浙江省温州市乐清市柳上园南路000号,浙江省,温州市,乐清市
杭州市余杭区临平镇荷花路000号,浙江省,杭州市,余杭区
贵州省黔南布依族苗族自治州贵定县沿山镇香山村柏山000号,贵州省,黔南布依族苗族自治州,贵定县
浙江省宁波市海曙区聚才路水木清华A区,浙江省,宁波市,海曙区
浙江省温州市AAAA浙江省温州市龙湾区龙湾区蓝田基地韦一南路七号,浙江省,温州市,龙湾区龙湾区
兰溪市一里坛云山街道新亭区紫竹村,浙江省,金华市,兰溪市
桥盟街道人民路淇县人民医院对面麒麟郡小区,河南省,鹤壁市,淇县
崇贤街道大安工业区崇贤印染厂,吉林省,白城市,大安市
浙江省杭州市西湖区三墩镇紫富路000号领悦0号楼,浙江省,杭州市,西湖区
四川省邻水县城南石坝村十组00号,四川省,广安市,邻水县
定海区海景城市花园八幢四单元,浙江省,舟山市,定海区
杭州市滨江区南环路高新商务酒店,浙江省,杭州市,滨江区
绍兴柯桥世贸中心电联,浙江省,绍兴市,柯桥区
义乌市信宝行汽车销售服务有限公司,浙江省,金华市,义乌市
塘下镇肇平阳中村奥翔建筑五金公司,浙江省,温州市,平阳县
河北省沧州市泊头市万和书香园00号楼五单元,河北省,沧州市,泊头市
温州市龙湾区滨海园区四道0000号,浙江省,温州市,龙湾区
上海市浦东区康桥镇秀浦路0000弄创研智造A00楼威纳企业,上海市,上海市,浦东区
德胜东路公安局地铁公安分局A区00楼,湖北省,荆州市,公安县
浙江省平湖市解放中路0000号,浙江省,嘉兴市,平湖市
浙江省湖州市德清县禹越镇高桥工业区,浙江省,湖州市,德清县
浙江省宁波市慈溪市观海卫工业园东区古师路000号,浙江省,宁波市,慈溪市
浙江省温州市瑞安市浙江省温州市瑞安市大学生创业联盟-信大叔食铺-微信号,浙江省,温州市,瑞安市
浙江省嘉兴市海宁市斜桥镇万芳景苑一区00栋海宁市蒂菲尔服饰有限公司,浙江省,嘉兴市,海宁市
浙江省杭州市拱墅区祥盛路00号0幢0号楼,浙江省,杭州市,拱墅区
河南省许昌市魏都区丁庄乡洪山庙村0组,河南省,许昌市,魏都区
杭州市下城区东园街东园小区00幢五单元,浙江省,杭州市,下城区
山东省菏泽市曹县闫店楼镇六棉厂,山东省,菏泽市,曹县
湖南省古丈县山枣乡山枣村龚家寨岩头寨镇,湖南省,湘西土家族苗族自治州,古丈县
浙江省淳安县汾口镇武强路0-0号,浙江省,杭州市,淳安县
西城路_良库文创园,北京市,北京市,西城区
金华市金东区鞋塘镇金港大道000号,浙江省,金华市,金东区
浙江省-台州市-温岭市泽国镇台洛二路000号,浙江省,台州市,温岭市
四川省泸州市江阳区邻玉街道天堂村0组000号,四川省,泸州市,江阳区
浙江省拱墅区莫干山路000号,浙江省,杭州市,拱墅区
台州市椒江区章安街道柏加王村0000号,浙江省,台州市,椒江区
浙江省杭州市浙江省杭州市余杭区良运街000号,浙江省,杭州市,余杭区
定海区青岭路000弄0号后门,浙江省,舟山市,定海区
富春街道天时苑西区0幢,四川省,攀枝花市,西区
慈溪市新城大道人民医院旁中凯华庭小区0栋,浙江省,宁波市,慈溪市
瓯海大道0000号华润万象城七楼,浙江省,温州市,瓯海区
浙江省宁波市海曙区丽园北路0000号,浙江省,宁波市,海曙区
浙江省丽水市青田县温溪镇安定东路0000号兽霸集团,浙江省,丽水市,青田县
浙江省临海市杜桥镇下洲路000号,浙江省,台州市,临海市
椒江枫南小区,浙江省,台州市,椒江区
四川省南充市嘉陵区火花路川北购物中心,四川省,南充市,嘉陵区
浙江省杭州市萧山区浙江省杭州市萧山区红山农场垦辉八路00号,浙江省,杭州市,萧山区
浙江省嘉兴市海宁市盐仓开发区大堤路00号,浙江省,嘉兴市,海宁市
浙江省温州市龙湾区兴益路000号,浙江省,温州市,龙湾区
金华义乌市涌金大道屋基新村000栋,浙江省,金华市,义乌市
浙江省宁波市慈溪市范市达其五金厂,浙江省,宁波市,慈溪市
温岭市泽国镇牧屿村郑家村A区电联,浙江省,台州市,温岭市
浙江省杭州市余杭区永西村0组000号,浙江省,杭州市,余杭区
龙川镇大秋树安友畜牧业有限公司,广东省,河源市,龙川县
浙江省杭州市西湖区转塘街道双流000号,浙江省,杭州市,西湖区
金华永康石柱镇厚莘村中处幼儿园附近电联,浙江省,金华市,永康市
浙江省台州市路桥区东路桥大道0000号,浙江省,台州市,路桥区
金华义乌沪江路,浙江省,金华市,义乌市
浙江省宁波市慈溪市掌起镇东河路,浙江省,宁波市,慈溪市
宁波北仑区岷山路世贸世界湾花园0期,浙江省,宁波市,北仑区
浙江省杭州市下城区朝晖路联锦大厦A塔楼,浙江省,杭州市,下城区
北京市丰台区马家楼袁开建村市场南,北京市,北京市,丰台区
杭州市拱墅区湖州街000号AAAAAAA楼0楼,浙江省,杭州市,拱墅区
越城区解放路水木清华00栋,浙江省,绍兴市,越城区
浙江省台州市黄岩区阜云路000-000号,浙江省,台州市,黄岩区
中国轻纺城北四区三楼,青海省,西宁市,城北区
浙江省杭州市萧山区党湾镇镇中路000号,浙江省,杭州市,萧山区
四川省资阳市雁江区石岭镇金带铺邮局转双峰四大八小,四川省,资阳市,雁江区
新洲路与福华三路交汇处城中雅苑,湖北省,武汉市,新洲区
东阳市世茂大道0000号沃德商务中心,浙江省,金华市,东阳市
余杭区东塘河村北曹家桥00-0号,浙江省,杭州市,余杭区
义乌市莲塘三区00栋0单元0楼,浙江省,金华市,义乌市
浙江省杭州市江干区杭海路000号-000号意法服饰城,浙江省,杭州市,江干区
金华义乌市稠州北路0000号工贸大厦0楼,浙江省,金华市,义乌市
宁波鄞州区云龙甲村金属电机,浙江省,宁波市,鄞州区
浙江省宁波市江北区压赛堰000号,浙江省,宁波市,江北区
甘肃省西和县洛峪镇新民村000号,甘肃省,陇南市,西和县
浙江-台州-路桥区浙江台州路桥区路北街道三角陈和平苑,浙江省,台州市,路桥区
宁波镇海招宝山街道平海路0000号,浙江省,宁波市,镇海区
上海市浦东新区陆家嘴东路000号0000层审计六部,上海市,上海市,浦东新区
浙江省绍兴市柯桥区柯北贸易中心,浙江省,绍兴市,柯桥区
浙江省绍兴市诸暨市枫桥镇学勉路00号鑫杰通讯,浙江省,绍兴市,诸暨市
湖南省-怀化市-麻阳苗族自治县兰里自取,湖南省,怀化市,麻阳苗族自治县
浙江省桐乡市洲泉镇田人村00号,浙江省,嘉兴市,桐乡市
浙江省嘉兴市平湖市当湖街道霓虹开发区伽银服饰,浙江省,嘉兴市,平湖市
杭州国际会展中心杭州汽车城北广场,青海省,西宁市,城北区
绍兴柯桥柯岩街道星月湾,浙江省,绍兴市,柯桥区
北京市昌平区东小口天通苑东0区00号楼0门,北京市,北京市,昌平区
兴华街道中兴街松江花园00号楼0单元,上海市,上海市,松江区
金华金东区金港大道000号意欣企业,浙江省,金华市,金东区
椒江区飞跃集团星星下陈工业区大门保安室八幢,浙江省,台州市,椒江区
浙江省台州市路桥区腾达东路000号,浙江省,台州市,路桥区
浙江省台州市椒江区葭A街道工人西路0000-00号,浙江省,台州市,椒江区
义乌市国际商贸城A区七楼,浙江省,金华市,义乌市
湖州市安吉县递铺镇梅灵路与机场路交交叉口港中旅游公司,浙江省,湖州市,安吉县
浙江省金华市婺城区星月000幢,浙江省,金华市,婺城区
浙江省杭州市拱墅区莫干山路0000号泰嘉园A座,浙江省,杭州市,拱墅区
浙江省温州市龙湾区天河新兴路000弄0号,浙江省,温州市,龙湾区
浙江省龙游县人民法院第七法庭,浙江省,衢州市,龙游县
钱湖北路00号东湖大厦A座九楼,江西省,南昌市,东湖区
上海市浦东新区周浦镇沈梅路000弄,上海市,上海市,浦东新区
浙江省温州市瑞安市上望街道薛后村上兴西路0000号崇崇早餐店,浙江省,温州市,瑞安市
永康市金胜路安居苑,浙江省,金华市,永康市
姜山镇浙江省宁波市鄞州区振兴路000号姜山镇茅山小学,浙江省,宁波市,鄞州区
浙江省杭州市余杭区文一西路0000号恒生科技园00幢0单元,浙江省,杭州市,余杭区
浙江省金华市义乌市新科路A00号创业育成中心八楼,浙江省,金华市,义乌市
浙江省金华市义乌市商博路000号0楼,浙江省,金华市,义乌市
滨江第六空间大都会AAAA门店,浙江省,杭州市,滨江区
宁波海曙区启运路0000号,浙江省,宁波市,海曙区
温州乐清市柳市镇月渡新村北门,浙江省,温州市,乐清市
广东省东莞市南城街道东城区,北京市,北京市,东城区
浙江省金华市东阳市原单号000000000000,浙江省,金华市,东阳市
江夏街道小沙泥街00号,湖北省,武汉市,江夏区
绍兴柯桥万国中心A座,浙江省,绍兴市,柯桥区
杭州市拱墅区总管堂村北苑,浙江省,杭州市,拱墅区
延安路000号湖滨银泰A0区,河南省,三门峡市,湖滨区
滨江区丹枫路0000号海越大厦,浙江省,杭州市,滨江区
桐庐县富春江镇红旗路0号美佳乐橱柜电联,浙江省,杭州市,桐庐县
东山街道秦皇岛市北戴河区黑石路00号,河北省,秦皇岛市,北戴河区
娄桥街道东风村村民中心0楼,黑龙江省,佳木斯市,东风区
东山经济开发区安阳南路000号00楼,黑龙江省,鹤岗市,东山区
浙江省杭州市拱墅区上塘路0000号海外海,浙江省,杭州市,拱墅区
宁波市鄞州区下应北路000号,浙江省,宁波市,鄞州区
临江国家高新区纬八路,吉林省,白山市,临江市
临海市商业街柏叶中路000号,浙江省,台州市,临海市
浙江省嘉兴市桐乡市复兴南路000号00楼,浙江省,嘉兴市,桐乡市
浙江省金华市金东区孝顺镇大路村,浙江省,金华市,金东区
浙江省嘉兴市海宁市长安镇长卫路东关厢00号,浙江省,嘉兴市,海宁市
嵊州市三江西街盛都花苑中脉AAAA形体管理会所,浙江省,绍兴市,嵊州市
浙江省台州市临海市白水洋镇双楼村,浙江省,台州市,临海市
桐乡市屠甸镇曙光路0000弄000号,浙江省,嘉兴市,桐乡市
浙江省杭州市西湖区耀江文鼎苑0幢0单元,浙江省,杭州市,西湖区
乐清虹桥镇新丰路000号,浙江省,温州市,乐清市
浙江省嘉兴市桐乡市浙江省桐乡市崇福镇,浙江省,嘉兴市,桐乡市
嘉兴市秀洲区高桥花园碧林苑,浙江省,嘉兴市,秀洲区
河南省郑州市管城回族区锦荣商贸城A座0楼平野服饰,河南省,郑州市,管城回族区
浙江省缙云县壶镇镇青川路000号,浙江省,丽水市,缙云县
金华浙江省义乌市国际商贸城四区,浙江省,金华市,义乌市
鄞州区泰康中路0000号中国建设银行,浙江省,宁波市,鄞州区
鹿城区上陡门西子新村后门,浙江省,温州市,鹿城区
广东省汕头市潮南区际店镇南中天北面于娜莎,广东省,汕头市,潮南区
浙江省诸暨市浣东街道章金新村,浙江省,绍兴市,诸暨市
义乌市福田市场五区八楼,浙江省,金华市,义乌市
浙江省龙湾区文昌路000号电联,浙江省,温州市,龙湾区
浙江省杭州市淳安县汾口镇水南路000号,浙江省,杭州市,淳安县
新昌县大桥路00号0幢000幢,浙江省,绍兴市,新昌县
浙江省嘉兴市海宁市长山二里,浙江省,嘉兴市,海宁市
浙江省金华市婺城区金虹街00号理发店,浙江省,金华市,婺城区
浙江省温州市乐清市盐盘南街,浙江省,温州市,乐清市
湖北省武汉市江夏区纸坊街道锶业里小区,湖北省,武汉市,江夏区
余杭区天目山西路爵士风情日辉苑,浙江省,杭州市,余杭区
浙江省台州市椒江区花园村0000号,浙江省,台州市,椒江区
宁波市鄞州区天童南路0000号A美大厦,浙江省,宁波市,鄞州区
甘肃省西和县十里乡姚河村00号,甘肃省,陇南市,西和县
浙江省杭州市余杭区崇贤街道运河路000000号,浙江省,杭州市,余杭区
余杭区闲林镇孙家坞社区许家头0号,浙江省,杭州市,余杭区
义乌国际商贸城福田二期,浙江省,金华市,义乌市
浙江省嘉兴市嘉善县天凝工业园区凝溪路000号,浙江省,嘉兴市,嘉善县
余姚市牟山镇高车头00号,浙江省,宁波市,余姚市
鹿城镇安徽省阜南县柴集路五巷,安徽省,阜阳市,阜南县
阳光二区安吉阳光工业园区,浙江省,湖州市,安吉县
安徽省淮北市烈山区古饶镇新村郜庄000号,安徽省,淮北市,烈山区
浙江省绍兴市AAAA浙江省上虞市杭州湾精细化工业园区纬三路00号龙盛薄板有限公司重卷部,浙江省,绍兴市,上虞市
城西苕溪北岸临西桥头公园城,青海省,西宁市,城西区
掌起镇_周家段直江北路000号,浙江省,宁波市,江北区
绍兴市柯桥区兴越路兴越东区,浙江省,绍兴市,柯桥区
浙江省-金华市-义乌市后宅汽车城,浙江省,金华市,义乌市
浙江省湖州市南浔区常增路,浙江省,湖州市,南浔区
浙江金华市义乌市清塘村0000号,浙江省,金华市,义乌市
四川省成都市大邑县董场镇龙华社区众缘造纸厂,四川省,成都市,大邑县
金华义乌市稠城街道胜利二区00栋,浙江省,金华市,义乌市
浙江省瓯海区树人路茶商中学门口,浙江省,温州市,瓯海区
东阳市横店镇八仙街000号,浙江省,金华市,东阳市
浙江省兰溪市横山路00号望江苑0幢00单元,浙江省,金华市,兰溪市
贵州省遵义市务川仡佬族苗族自治县大坪镇山青路山青雅苑,贵州省,遵义市,务川仡佬族苗族自治县
浙江省绍兴市柯桥区滨海工业区兴滨路0000号,浙江省,绍兴市,柯桥区
温州平阳县肖江镇长宁路000号,浙江省,温州市,平阳县
浙江省温州市乐清市柳翁线,浙江省,温州市,乐清市
绍兴市诸暨市城关镇西二环路0000号,浙江省,绍兴市,诸暨市
海宁市西南河街000号电联,浙江省,嘉兴市,海宁市
浙江省温州市乐清市翁镇,浙江省,温州市,乐清市
绍兴柯桥柯北大爱工业园00栋电联,浙江省,绍兴市,柯桥区
嘉兴海宁皮革城-00楼无锡路00号,浙江省,嘉兴市,海宁市
四川省成都市金牛区营康西路0000号四威苑宾馆办公室,四川省,成都市,金牛区
浙江省宁波市北仑区新契长江路0000号,浙江省,宁波市,北仑区
新疆库尔勒市人民东路天百购物中心,新疆维吾尔自治区,巴音郭楞蒙古自治州,库尔勒市
浙江杭州市拱墅区紫荆家园,浙江省,杭州市,拱墅区
浙江台州市椒江区江滨路0000号,浙江省,台州市,椒江区
广东省佛山市禅城区季华四路创意产业园0号楼副楼,广东省,佛山市,禅城区
皋埠镇临江路000号夏兰制衣厂,吉林省,白山市,临江市
重庆市江北区塘家沱铁山坪街道渝州监狱三监区,浙江省,宁波市,江北区
浙江省绍兴市柯桥区马鞍镇滨海工业园区高峰印染有限公司,浙江省,绍兴市,柯桥区
柯桥轻纺城北区二区,浙江省,绍兴市,柯桥区
浙江省温州市苍南县通港路000号,浙江省,温州市,苍南县
浙江省遂昌县三仁乡三墩桥文化村,浙江省,丽水市,遂昌县
浙江省温州市鹿城区中国鞋都康奈工业园电子商务部,浙江省,温州市,鹿城区
上虞区盖北镇进港公路000号新宇客栈,浙江省,绍兴市,上虞区
浙江省金华市永康市龙山镇龙山大道00号,浙江省,金华市,永康市
湖南省永州市江华县桥头铺镇赫洞村0000号,湖南省,永州市,江华县
湖北省宜宣市兴山县昭君镇和平大道000号00单元,湖北省,宜昌市,兴山县
浙江安防职业技术学院0号楼,四川省,宜宾市,江安县
浙江省温州市瑞安市振川北路,浙江省,温州市,瑞安市
瑞安上望街道东南黎明村村委电联,浙江省,温州市,瑞安市
义乌市宏迪路00号,浙江省,金华市,义乌市
浙江省台州市三门县台州市三门县六敖镇繁荣村三门湾大桥,浙江省,台州市,三门县
龙山镇慈东滨海区海丰北路000号,吉林省,辽源市,龙山区
浙江省杭州市滨江区缤纷北苑,浙江省,杭州市,滨江区
浙江省杭州市余杭区杭州市余杭区闲林街道五常大道翡翠城竹苑,浙江省,杭州市,余杭区
浙江省杭州市滨江区滨康路0000号,浙江省,杭州市,滨江区
宁波市江北区文汇路000弄0号门,浙江省,宁波市,江北区
浙江省湖州安吉递铺镇九州昌硕广场00栋,浙江省,湖州市,安吉县
金华市婺城区宾虹西路0000号美保工具电商中心,浙江省,金华市,婺城区
江西省上饶市信州区五三小区00栋帝星商贸办事处,江西省,上饶市,信州区
辽宁省抚顺市顺城区新路中段0号,辽宁省,抚顺市,顺城区
浙江省绍兴市上虞区曹娥街道白米堰轻纺城交易市场车厢,浙江省,绍兴市,上虞区
浙江省温州市鹿城区锦绣路0000号,浙江省,温州市,鹿城区
宁波市余姚市梨洲街道梁辉经济开发区振兴西路000号,浙江省,宁波市,余姚市
宁波市镇海区招宝山街道宏远路0000号,浙江省,宁波市,镇海区
宁波奉化尚田开发区甬临线东00号,浙江省,宁波市,奉化区
金城路金城路000-000号杭州萧山国际商务中心九幢,浙江省,杭州市,萧山区
广东省江门市蓬江区丰泰路000号AA生活馆,广东省,江门市,蓬江区
浙江省杭州市富阳市金苑路0000号大家小梳00号楼,浙江省,杭州市,富阳市
浙江省杭州市富阳市中光花园玉兰苑00号楼,浙江省,杭州市,富阳市
四川省宜宾市南溪区罗龙镇红光村0社,四川省,宜宾市,南溪区
湖北省丹江口市龙山镇龙山沟村0组,湖北省,十堰市,丹江口市
四川省仁寿县慈航镇永勤村0组,四川省,眉山市,仁寿县
凤凰街道渔沙罕见且大街000号六楼,湖南省,湘西土家族苗族自治州,凤凰县
浙江省温州市鹿城区人民路开太百货新馆七楼伊袖专柜,浙江省,温州市,鹿城区
浙江省杭州市西湖区灵隐街道杨公堤00号,浙江省,杭州市,西湖区
南湖区大桥镇中华大道农村信用社门口电联,浙江省,嘉兴市,南湖区
浙江省杭州市余杭区乔司街道乔莫西路000号,浙江省,杭州市,余杭区
浙江省杭州市余杭区浙江省杭州市余杭区,浙江省,杭州市,余杭区
浙江省温州市鹿城区新田路,浙江省,温州市,鹿城区
杭州市西湖区留下镇和家园御园00栋0单元,浙江省,杭州市,西湖区
东城街道银川西路东郡小区00幢,北京市,北京市,东城区
浙江省杭州市富阳市富春街道后拔路000幢00楼,浙江省,杭州市,富阳市
安徽省阜阳市临泉县长管镇,安徽省,阜阳市,临泉县
浙江省杭州市西湖区转塘街道定山家园00幢,浙江省,杭州市,西湖区
经济开发区西朱村九龙北路000号,四川省,甘孜藏族自治州,九龙县
浙江省海宁市丁桥镇钱江工业园区粤保路00号,浙江省,嘉兴市,海宁市
温州市龙湾区瑶溪街道东瑶北路000号,浙江省,温州市,龙湾区
龙门街道金河源政通农资,广东省,惠州市,龙门县
浙江省-杭州-下城区武林广场杭州大厦A座00楼,浙江省,杭州市,下城区
舟山市定海区环南街道解放西路,浙江省,舟山市,定海区
杭州市余杭区乔司镇永西六组000号,浙江省,杭州市,余杭区
滨江区滨江宝龙广场0楼A三美甲,浙江省,杭州市,滨江区
天河街道二甲村迎春路000号,广东省,广州市,天河区
广东省深圳市龙岗区布吉街道松园新村0巷0号源兴百货菜鸟驿站,广东省,深圳市,龙岗区
柯城区世纪天成,浙江省,衢州市,柯城区
固安镇图文大厦_00楼,河北省,廊坊市,固安县
重庆市忠县石子乡民主村庙坝,重庆市,重庆市,忠县
永康经济开发区华夏路000号,浙江省,金华市,永康市
金华义乌青口镇下湾一区000栋0楼,浙江省,金华市,义乌市
杭州市上城区比胜庙巷000号,浙江省,杭州市,上城区
慈溪市杭州湾新区兴慈三路000号,浙江省,宁波市,慈溪市
鄞州区下应诚信路0000号,浙江省,宁波市,鄞州区
嘉兴南湖区南溪路皇都花苑电联,浙江省,嘉兴市,南湖区
拱墅区半山街道田园社区宁河弄小店,浙江省,杭州市,拱墅区
苍南县金乡镇油东街00号,浙江省,温州市,苍南县
浙江省温州市乐清市浙江省温州市乐清市柳市大兴东路000号,浙江省,温州市,乐清市
浙江省杭州市江干区围垦街0000号杭州和A塑料制品有限公司,浙江省,杭州市,江干区
安徽省桐城市大关镇甑山村毛塘000号,安徽省,安庆市,桐城市
龙游县龙州街道荣昌大道000-000号,浙江省,衢州市,龙游县
浙江省湖州市吴兴区埭溪镇老虎潭社区,浙江省,湖州市,吴兴区
温州瓯海梧田街道南村幸福路0000号,浙江省,温州市,瓯海区
白银路街道第一新村报社000号,甘肃省,白银市,白银区
崇川区八仙花苑00号楼车库丽儿外贸,江苏省,南通市,崇川区
宁波鄞州区金达路000号00号搂,浙江省,宁波市,鄞州区
绍兴越城区东街住商楼00栋,浙江省,绍兴市,越城区
上塘路000号海外海通信商城国际厅,河南省,信阳市,商城县
嘉兴桐乡市濮院镇红晓新村,浙江省,嘉兴市,桐乡市
轻纺城北四区三楼,青海省,西宁市,城北区
平湖街道华家新村,浙江省,嘉兴市,平湖市
浙江省杭州市西湖区西湖区三墩镇紫宣路000号西城博司00幢00楼,浙江省,杭州市,西湖区西湖区
山东省博兴县湖滨镇柳桥村隆泰食品厂,山东省,滨州市,博兴县
浙江省临海市白水洋镇后溪路,浙江省,台州市,临海市
浙江省杭州市萧山区宁围佳境天城,浙江省,杭州市,萧山区
浙江省杭州市拱墅区桃源街金星桃源居小区0幢0单元,浙江省,杭州市,拱墅区
浙江省杭州市余杭区良渚镇白洋路00号,浙江省,杭州市,余杭区
中国轻纺城东交易区0楼,青海省,西宁市,城东区
庆元县百山祖镇兰泥村桥头路,浙江省,丽水市,庆元县
浙江省杭州市上城区建国中路000号,浙江省,杭州市,上城区
广东省梅州市丰顺县汤坑镇碧桂园三街三栋,广东省,梅州市,丰顺县
浙江小义乌市北苑丹溪0区000栋,浙江省,金华市,义乌市
海盐核电新村000栋0单元电联,浙江省,嘉兴市,海盐县
浙江省嘉兴市秀城区余新镇金鼎大酒店旁边烧麦店提前致电,浙江省,嘉兴市,秀城区
台州临海市杜桥镇蟾洋村,浙江省,台州市,临海市
浙江省杭州市萧山区新塘街道新城路和通家纺内创纳服饰,浙江省,杭州市,萧山区
江苏省无锡市宜兴市丁蜀镇汤蜀路00号_江苏中讯科技有限公,江苏省,无锡市,宜兴市
甘肃省陇西县首阳镇水月坪村新庄社,甘肃省,定西市,陇西县
东阳市十里头村家家购超市对面,浙江省,金华市,东阳市
浙江省绍兴市越城区望花东区0栋,浙江省,绍兴市,越城区
浙江省舟山市普陀区沈家门街道东海中路000号华南公富,上海市,上海市,普陀区
浙江省温州市苍南县东方景园00栋0单元,浙江省,温州市,苍南县
江西省鄱阳县柘港乡横溪石门楼,江西省,上饶市,鄱阳县
浙江省杭州市桐庐县分水镇东溪工业园区桐庐鼎诺进出口有限公司,浙江省,杭州市,桐庐县
义乌市新港小区000栋0单元地下室,浙江省,金华市,义乌市
浙江省宁波市北仑区松花江路000号天旗科技有限公司,浙江省,宁波市,北仑区
浙江省杭州市临安市锦城街道临天路000号锦城公寓,浙江省,杭州市,临安市
上海市闵行区龙吴路0000号环顺物流,上海市,上海市,闵行区
浙江省温州市鹿城区鞋料七街,浙江省,温州市,鹿城区
浙江省温州市乐清市大荆镇英博雁荡山啤酒有限公司灌装三线,浙江省,温州市,乐清市
沭阳县迎宾大道巴黎新城商业街北区,江苏省,宿迁市,沭阳县
嘉兴平湖新埭南新街福泰花园,浙江省,嘉兴市,平湖市
福建省福州市平潭县北厝镇北洋00号,福建省,福州市,平潭县
浙江省衢州市柯城区时代广场艾美发型设计,浙江省,衢州市,柯城区
浦江县郑宅镇东部水晶园区000栋,浙江省,金华市,浦江县
广西壮族自治区南宁市青秀区广西南宁市青秀区仙葫开发区通泰路00号,广西壮族自治区,南宁市,青秀区
浙江省舟山市定海区弘生大道000号,浙江省,舟山市,定海区
宁海第一医院门诊楼中药房,浙江省,宁波市,宁海县
浙江省绍兴市越城区袍江工业区洋江路000号00栋0楼,浙江省,绍兴市,越城区
宁波市江东区航运中心,浙江省,宁波市,江东区
绍兴越城区鲁迅西路00号山西证?坏缌?,浙江省,绍兴市,越城区
塘下镇三都工业区爱民路000号0楼,黑龙江省,牡丹江市,爱民区
浙江省杭州市拱墅区湖墅南路000号七楼大厅,浙江省,杭州市,拱墅区
福建省厦门市思明区洪文七里瑞景公园,福建省,厦门市,思明区
杭州市上城区延安路000号AAA00A0区五楼AA手表专柜,浙江省,杭州市,上城区
瑞安市飞云镇华顺路0000号,浙江省,温州市,瑞安市
浙江省绍兴市诸暨市牌头镇丰足路九阳袜业,浙江省,绍兴市,诸暨市
永春县碧桂园0街,福建省,泉州市,永春县
彩虹街西华路尾000号0楼AA服饰,河南省,周口市,西华县
浙江省台州市仙居县白塔镇工业园区美贞超市,浙江省,台州市,仙居县
浙江省江山市中山路0000号,浙江省,衢州市,江山市
浙江省杭州市滨江区滨安路0000号,浙江省,杭州市,滨江区
崇溪镇云南省昭通市巧家县崇溪镇花山,云南省,昭通市,巧家县
浙江省杭州市江干区天气晴烘焙,浙江省,杭州市,江干区
浙江省杭州市拱墅区登云路和睦院,浙江省,杭州市,拱墅区
浙江省嘉兴市桐乡市濮院镇阳光花城00栋0单元,浙江省,嘉兴市,桐乡市
新地板城东门入口边顶固范家居,青海省,西宁市,城东区
浙江省绍兴市越城区灵芝镇战前大道0000号,浙江省,绍兴市,越城区
河南省商丘市永城市新桥乡,河南省,商丘市,永城市
云南省昆明市安宁市麒麟路00号云南经济管理学院安宁校区,云南省,昆明市,安宁市
浙江省温州市瑞安市环河路,浙江省,温州市,瑞安市
浙江省嘉兴市秀洲区洪合镇建北村顾家头0组0号,浙江省,嘉兴市,秀洲区
杭州市余杭区勾庄工业园区,浙江省,杭州市,余杭区
浙江省杭州市余杭区乔司吴家村00组,浙江省,杭州市,余杭区
兴宁路000号明州建材物资市场A区西,广东省,梅州市,兴宁市
宁波市象山县白烟山政和路0000号宁波强浩模具,浙江省,宁波市,象山县
下骆宅村临江小区00栋00楼,吉林省,白山市,临江市
浙江省金华市义乌市城西街道夏演村综合市场,浙江省,金华市,义乌市
浙江省义乌市福田市场一区一楼,浙江省,金华市,义乌市
浙江省温州市龙湾区温州大道,浙江省,温州市,龙湾区
温州广州市荔湾区站前路流花西街000号港湾连锁商务酒店00楼,广东省,广州市,荔湾区
柯城区荷一路帝京大酒店电联,浙江省,衢州市,柯城区
瑞安市莘城镇董九村益民西路00号电联,浙江省,温州市,瑞安市
金州集团00幢六楼盈康鞋材,辽宁省,大连市,金州区
北京北京市朝阳区望京街道望京AAAA塔0A座,北京市,北京市,朝阳区
拱墅区汽车北站对面莫干山路复地北城,浙江省,杭州市,拱墅区
天河路000号杭州富阳水务有限公司,广东省,广州市,天河区
湖州市德清县武康镇宋石街公安局,浙江省,湖州市,德清县
北京市朝阳区北苑家园0号楼,北京市,北京市,朝阳区
滨江北路与新芜路交汇处世茂滨江中心,浙江省,杭州市,滨江区
宁波慈溪逍林镇林西村阮丁路000弄0号,浙江省,宁波市,慈溪市
金华金华兰溪市邑厉坛区凤凰村000幢0单元,浙江省,金华市,兰溪市
嘉兴嘉兴桐乡市高桥镇工业区天晨纺织里电联,浙江省,嘉兴市,桐乡市
浙江省金华市武义县红锦苑小区,浙江省,金华市,武义县
惠东县大岭镇教育西0巷0号,广东省,惠州市,惠东县
定海区人民北路000号优选鲜果,浙江省,舟山市,定海区
浙江省杭州市江干区经济技术开发区海达北路0000号,浙江省,杭州市,江干区
浙江省温州市鹿城区大自然,浙江省,温州市,鹿城区
商海南街0号政府金融工作办公室,内蒙古自治区,乌海市,海南区
湖南省临湘市濡溪路岳阳市宇恒化工有限公司,湖南省,岳阳市,临湘市
乔司镇永玄路艺炫科技园0幢00楼_不收到付和平邮的哦,天津市,天津市,和平区
浙江省温州市瓯海区信达街000号,浙江省,温州市,瓯海区
浙江省温州市鹿城区中国鞋都皮革城0楼A区,浙江省,温州市,鹿城区
后宅街道_城北路上洪村东区0栋0单元地下室,青海省,西宁市,城北区
临海市沿江镇上百岩村000号,浙江省,台州市,临海市
浙江省温州市AAAA浙江温州市龙湾区天河镇二甲村永泰路000号,浙江省,温州市,龙湾区
金牛区枣子巷00号实鑫大厦00楼电联,四川省,成都市,金牛区
绍兴柯桥区群贤西路与小佐路亚星贸易对面绍兴润群纺织机械科技有限公司,浙江省,绍兴市,柯桥区
横店镇环城北路楼园一号酒店,青海省,西宁市,城北区
浙江省温州市瑞安市虹桥北路0楼,浙江省,温州市,瑞安市
浙江省宁波市象山县象山汇金大厦,浙江省,宁波市,象山县象山
台州黄岩区头陀镇西源路0弄00号,浙江省,台州市,黄岩区
浙江省嘉兴市平湖市北站路世纪名苑,浙江省,嘉兴市,平湖市
浙江省宁波市慈溪市附海工业园区,浙江省,宁波市,慈溪市
澄江工业区星光礼品有限公司,云南省,玉溪市,澄江市
义乌国际商贸城二期A区00号门一楼00街,浙江省,金华市,义乌市
浙江温州市苍南县龙港镇置信名都00号楼,浙江省,温州市,苍南县
浙江省杭州市下城区上塘路000号00楼酒店合作部,浙江省,杭州市,下城区
余姚市低塘街道浦沿桥西,浙江省,宁波市,余姚市
安吉县半岛中路雾山家园,浙江省,湖州市,安吉县
嘉善县晋阳东路0000号柳州公园北大门电联,浙江省,嘉兴市,嘉善县
浙江省嘉兴市平湖市凝翠嘉苑000幢,浙江省,嘉兴市,平湖市
浙江省温州市龙湾区天中路永强高兴技术产业园,浙江省,温州市,龙湾区
浙江嘉兴市秀洲区王店镇海王路石岸头000号,浙江省,嘉兴市,秀洲区
柯桥区柯迪花园000栋,浙江省,绍兴市,柯桥区
浙江省嘉兴市南湖区龙舟路000栋00楼,浙江省,嘉兴市,南湖区
浙江省岱山县衢山镇沙龙,浙江省,舟山市,岱山县
江北区洪塘奥林花园,浙江省,宁波市,江北区
杭州市西湖区_西行桥00号,浙江省,杭州市,西湖区
柯桥联合市场,浙江省,绍兴市,柯桥区
浙江省杭州市萧山区党山镇八里桥村00组00号,浙江省,杭州市,萧山区
宁波奉化市广平路00-00号,浙江省,宁波市,奉化市
乐清南虹广场喜阅,浙江省,温州市,乐清市
浙江省杭州市萧山区宁围镇顺坝村富民路0号A0号门0楼,浙江省,杭州市,萧山区
嘉善县姚庄镇桃源新村一村000栋,浙江省,嘉兴市,嘉善县
浙江省慈溪市周巷镇庵后头0000号,浙江省,宁波市,慈溪市
宁波市奉化市三横工业区亲亲家园,浙江省,宁波市,奉化市
四川省成都市武侯区长邻居,四川省,成都市,武侯区
江西省赣州市上犹县东山镇,江西省,赣州市,上犹县
浙江省杭州市余杭区运河镇工余庆桥000号,浙江省,杭州市,余杭区
余姚市马渚镇兴马大道000号,浙江省,宁波市,余姚市
浙江省绍兴市嵊州市崇仁镇,浙江省,绍兴市,嵊州市
浙江省金华义乌市福田街道楼西塘村00栋0单元00楼电联,浙江省,金华市,义乌市
浙江省-杭州市-萧山区河上镇紫霞村0000号七号楼00楼小贝潮宝拆包租,浙江省,杭州市,萧山区
三墩镇余杭塘路浙江大学紫金港校区丹阳,浙江省,杭州市,余杭区
东阳金发中七,浙江省,金华市,东阳市
浙江省金华市金东区康济北街物流园鹿富,浙江省,金华市,金东区
浙江杭州市余杭区临平南苑街道西安东区,浙江省,杭州市,余杭区
仓前街道绿汀路00号余杭农村商业银行,浙江省,杭州市,余杭区
建德市新安江街道叶家路000号,浙江省,杭州市,建德市
椒江区白云山南路0000号电联,浙江省,台州市,椒江区
江苏省连云港海州区板浦镇中正街正中路000号,辽宁省,阜新市,海州区
浙江省杭州市萧山区万达中路三江花园春江苑,浙江省,杭州市,萧山区
吉林省朝鲜族延边自治州和龙市人民大街号龙鑫药业,吉林省,延边朝鲜族自治州,和龙市
温州市瓯海区振凤路00号,浙江省,温州市,瓯海区
江苏省扬州市广陵区文昌花园,江苏省,扬州市,广陵区
浙江省_温州市_永嘉县_瓯北镇三桥工业区林蜘蛛王总部电子商务部,浙江省,温州市,永嘉县
安徽省蚌埠市龙子湖区安德电脑市场00楼须本人签,安徽省,蚌埠市,龙子湖区
浙江省温州市鹿城区上桥路000号,浙江省,温州市,鹿城区
浙江省杭州市余杭区朝阳东路杭州临平银泰百货有限公司朝阳东路000号星星大厦00楼,浙江省,杭州市,余杭区
浙江省台州市玉环县楚门镇骨伤医院,浙江省,台州市,玉环县
杭州市萧山区坎山镇新港村,浙江省,杭州市,萧山区
浙江省台州市温岭市松门镇红光村奥托泰流水线内部凯斯菲洁具,浙江省,台州市,温岭市
福建省福州市闽侯县福建福州闽侯县青口镇青口中心小学旁,福建省,福州市,闽侯县
浙江省宁波市慈溪市宁波慈溪观海卫镇工业园西区桃园西路到底,浙江省,宁波市,慈溪市
浙江省温州市瑞安市瑞安仙降新安村,浙江省,温州市,瑞安市瑞安
浙江省嘉兴市嘉善县纽扣路,浙江省,嘉兴市,嘉善县
拱墅区上塘街道科园路000号电联,浙江省,杭州市,拱墅区
定海区临城街道合兴路00-00号中昌国际大厦,浙江省,舟山市,定海区
浙江嘉兴市桐乡市洲泉镇东田村田陀组00号,浙江省,嘉兴市,桐乡市
浙江省平阳县腾蛟镇凤巢三桥头,浙江省,温州市,平阳县
江西省上饶市玉山县下镇镇占坂村留公坞,江西省,上饶市,玉山县
浙江省温州市平阳县环城路00号,浙江省,温州市,平阳县
绍兴柯桥北一区二楼,浙江省,绍兴市,柯桥区
永康市芝英柿后工业区永州北路00号,浙江省,金华市,永康市
辽宁省盘锦市盘山县胡家镇_东湖村,辽宁省,盘锦市,盘山县
崇贤街道北秀向阳苑南区,黑龙江省,鹤岗市,向阳区
温州苍南县龙港镇大店村章家楼000号,浙江省,温州市,苍南县
浙江省温州市永嘉县瓯北镇五星工业区赫立特工业园00号楼00楼,浙江省,温州市,永嘉县
浙江省杭州市余杭区余杭街道宝塔星苑,浙江省,杭州市,余杭区
浙江省金华市婺城区新狮街道丹光东路0000号_浙江科贸职业技术学院,浙江省,金华市,婺城区
浙江省杭州市萧山区瓜沥镇第二人民医院,浙江省,杭州市,萧山区
海曙区西弯路00弄000号,浙江省,宁波市,海曙区
浙江省宁波市慈溪市观海卫镇世纪美剧A区三楼,浙江省,宁波市,慈溪市
嘉善县惠民镇工业区开发区路000号,浙江省,嘉兴市,嘉善县
浙江省温州市苍南县灵溪镇建兴东路中亚发展有限公司,浙江省,温州市,苍南县
上海市松江区泗经镇城置路000弄,上海市,上海市,松江区
延安路000号西湖银泰00楼报喜鸟专柜,浙江省,杭州市,西湖区
凤川街道滨江柴埠小区一区-,浙江省,杭州市,滨江区
浙江省杭州市西湖区文三路000号华星科技大厦,浙江省,杭州市,西湖区
浙江省杭州市拱墅区温州路000号南北商务港-0号楼,浙江省,杭州市,拱墅区
余杭街道华一路0号0号楼千麦医学检验所有限公司,浙江省,杭州市,余杭区
洋州经济开发区东兴路,广西壮族自治区,防城港市,东兴市
金华义乌银海二区0栋,浙江省,金华市,义乌市
浙江省温州市苍南县灵溪镇,浙江省,温州市,苍南县
浙江省丽水市缙云县五云镇复兴街0000号,浙江省,丽水市,缙云县
浙江省温州市瓯海区东方路000号浙江神良种业有限公司,浙江省,温州市,瓯海区
浙江省瑞安市华龙一品,浙江省,温州市,瑞安市
凤起东路0000号滨江新城时代广场0幢00楼,浙江省,杭州市,滨江区
宁波市江东区贺丞路0000栋,浙江省,宁波市,江东区
浙江绍兴柯桥区柯桥区金柯桥大道万国中心A座00楼,浙江省,绍兴市,柯桥区柯桥区
浙江省台州市温岭市万昌中路中国联通有限公司温岭分公司,浙江省,台州市,温岭市
西湖区古墩路0000号九牧王男装,浙江省,杭州市,西湖区
浙江省杭州市江干区新业路00号AAA时代大厦A座00楼,浙江省,杭州市,江干区
洒仙桥东路00号电子城A0座西00层,河北省,张家口市,桥东区
浙江省金华市婺城区汤溪镇绿洲香岛一单,浙江省,金华市,婺城区
杭州市滨江区东冠社区园区中路000号0幢东0楼,浙江省,杭州市,滨江区
东阳街后渎小区七栋九楼俊熙实业,浙江省,金华市,东阳市
宁波江北区湖景花园,浙江省,宁波市,江北区
浙江省丽水市莲都区万象街道同乐小区0栋0单元,浙江省,丽水市,莲都区
深圳市罗湖区梅园路000号笋岗000仓南座,广东省,深圳市,罗湖区
温州市鹿城区仰义街道延康路,浙江省,温州市,鹿城区
慈溪市逍林镇大众路0000号,浙江省,宁波市,慈溪市
新疆维吾尔自治区伊犁哈萨克自治州霍城县清水河镇清水绿茵国际九号楼九单元,新疆维吾尔自治区,伊犁哈萨克自治州,霍城县
广东省深圳市龙岗区横岗街道大康村沙荷路000号,广东省,深圳市,龙岗区
宁波市江东区百丈东路0000弄00号,浙江省,宁波市,江东区
雅庄龙青山000号永康市汝兵工贸有限公司,内蒙古自治区,包头市,青山区
浙江省安吉县梅溪镇小墅上街银宇茶场,浙江省,湖州市,安吉县
桃花工业园管委会经济开发区紫云路南郡明珠小区000栋00单元,河北省,唐山市,路南区
赤城路0000号太平洋购物中心0楼才子男装,河北省,张家口市,赤城县
城关西郭洋茶园新村00撞,西藏自治区,拉萨市,城关区
浙江省浦江县白马镇菲力工贸乐门大道00号,浙江省,金华市,浦江县
台州路桥自动化设备市场,浙江省,台州市,路桥区
义乌市赤岸镇光明村0000号,浙江省,金华市,义乌市
浙江省杭州市西湖区古荡街道嘉绿西苑00幢0单元,浙江省,杭州市,西湖区
鄞州区邱隘镇东雅村工业区奥士服饰,浙江省,宁波市,鄞州区
从江县贯洞镇新市场内铃木摩托店,贵州省,黔东南苗族侗族自治州,从江县
浙江杭州拱墅区都市水乡水映苑,浙江省,杭州市,拱墅区
贵州省黔西南布依族苗族自治州贞丰县者相镇坡洋村,贵州省,黔西南布依族苗族自治州,贞丰县
金华永康市黄棠村牛栏头000号电联,浙江省,金华市,永康市
解放路街道朱家岗0栋,河南省,焦作市,解放区
杭州市余杭区仁和镇工业区南方泵业,浙江省,杭州市,余杭区
浙江省温州市鹿城区牛三角路00号,浙江省,温州市,鹿城区
浙江省宁波市北仑区清水特大桥,浙江省,宁波市,北仑区
浙江杭州拱墅区董家新村000幢000单元,浙江省,杭州市,拱墅区
平湖市解放中路000号,浙江省,嘉兴市,平湖市
广东省佛山市南海区大沥汽车站广州本田0A对面,广东省,佛山市,南海区
嘉兴南湖区越秀北路0000号平安人寿00楼电联,浙江省,嘉兴市,南湖区
浙江省温州市龙湾区钱江路000号,浙江省,温州市,龙湾区
鄞州区秋隘镇秋一村横河村0000号,浙江省,宁波市,鄞州区
定海区昌国街道白虎山路000号,浙江省,舟山市,定海区
河南省西华县址坊镇诸葛行政村诸葛村000号,河南省,周口市,西华县
桐乡市濮院镇南纬路永越新村,浙江省,嘉兴市,桐乡市
宁波鄞州区惠风西路云庭宾馆电联,浙江省,宁波市,鄞州区
温州乐清市柳市兴隆中路000号,浙江省,温州市,乐清市
湖南省攸县皇图岭镇河田村铺里组铺里0000号,湖南省,株洲市,攸县
浙江省绍兴市柯桥区兴越小区00幢,浙江省,绍兴市,柯桥区
浙江省温州市瓯海区集光路,浙江省,温州市,瓯海区
浙江省宁波市宁海县宁波市宁海县桥头胡桥井西路00-0号,浙江省,宁波市,宁海县
宁波市江东区明珠路万科玖著里,浙江省,宁波市,江东区
浙江省金华市永康市英阁小区,浙江省,金华市,永康市
东城街道横街二区00幢,北京市,北京市,东城区
浙江省东阳市南市街道横城村广场农信商店,浙江省,金华市,东阳市
浙江省温州市苍南县胜利路,浙江省,温州市,苍南县
温州市瓯海区丽岙南路00号,浙江省,温州市,瓯海区
桐乡市石门镇李庄景佳服饰,浙江省,嘉兴市,桐乡市
崇福镇北沙新城000幢三楼,内蒙古自治区,呼和浩特市,新城区
宁波市鄞州区瞻岐镇滨海工业区博威合金,浙江省,宁波市,鄞州区
乌鲁木齐市新市区青格达湖乡天山村警务站,新疆维吾尔自治区,乌鲁木齐市,新市区
宁波市象山县丹东街道象山港路,浙江省,宁波市,象山县
贵州省纳雍县寨乐镇新发村公鸡岭组,贵州省,毕节市,纳雍县
浙江省温州市龙湾区滨海四路,浙江省,温州市,龙湾区
白洋镇枝江市白洋镇雅畈老街路口旁完美造型,湖北省,宜昌市,枝江市
浙江省台州市黄岩区天长北路东禅巷00号,浙江省,台州市,黄岩区
浙江省杭州市拱墅区渡驾桥路000号公安局特警支队,浙江省,杭州市,拱墅区
浙江省杭州市拱墅区登云路天阳上河0栋00单元,浙江省,杭州市,拱墅区
浙江省-嘉兴市-南湖区新丰镇,浙江省,嘉兴市,南湖区
浙江省台州市天台县坦头誉尚,浙江省,台州市,天台县
温州温州市鹿城区信河街广信大厦,浙江省,温州市,鹿城区
海宁市金利路00号00栋00楼,浙江省,嘉兴市,海宁市
宁波宁波市江北区建业街0000弄,浙江省,宁波市,江北区
浙江省诸暨市暨阳街道袁家村0000号,浙江省,绍兴市,诸暨市
浙江省温州市鹿城区鹿城区吴桥路吴桥大厦宝岛元脉四楼,浙江省,温州市,鹿城区鹿城区
湖北省武穴市居仁街00号0栋,湖北省,黄冈市,武穴市
浙江嘉善惠民镇嘉业阳光城,浙江省,嘉兴市,嘉善县
宁波市海曙区东渡路000号华联写字楼,浙江省,宁波市,海曙区
环城西路0000号0幢,青海省,西宁市,城西区
安昌镇海盐村海湖针纺四楼,浙江省,宁波市,镇海区
杭州市萧山区义桥镇湘南村民坛路0000号,浙江省,杭州市,萧山区
婺城区永康街0000号00楼,浙江省,金华市,婺城区
琶洲街道新港东路南园居南园中街A栋0梯,河北省,唐山市,路南区
西湖区三墩镇天虹街天虹公寓南区,浙江省,杭州市,西湖区
临河区汇丰街道汇丰办事处新城康都三期0号楼0单元,内蒙古自治区,巴彦淖尔市,临河区
温州市龙湾区海城街道广新东路,浙江省,温州市,龙湾区
常熟市东南经济开发区东湖京华京润苑,江苏省,苏州市,常熟市
浙江省杭州市余杭区塘栖镇吴家角村0000号,浙江省,杭州市,余杭区
浙江省宁波市鄞州区金达路0000号办公楼五楼,浙江省,宁波市,鄞州区
浙江杭州西湖区留下屏峰街道中船重工第七八五研究所,浙江省,杭州市,西湖区
瑞安市万松路市政府路大门口电联,浙江省,温州市,瑞安市
浙江省温州市永嘉县女人街000号,浙江省,温州市,永嘉县
浙江省宁波市鄞州区下应街道紫郡小区,浙江省,宁波市,鄞州区
浙江省金华市婺城区八一南街0000号保集半岛物业大厅内丰巢柜丰巢,浙江省,金华市,婺城区
台州台州市路桥区珠光路000号,浙江省,台州市,路桥区
浙江省淳安县汾口镇仙里村000号,浙江省,杭州市,淳安县
浙江省诸暨市直埠镇上赵村000号,浙江省,绍兴市,诸暨市
河北省-邢台市-清河县-连庄镇西垒桥,河北省,邢台市,清河县
浙江省湖州市吴兴区织里镇阿祥路0000号东00幢00楼,浙江省,湖州市,吴兴区
鹿城区胜昔桥0号第七中学保安室,浙江省,温州市,鹿城区
沈阳市于洪区白山路0000号-00-0门,辽宁省,沈阳市,于洪区
浙江省杭州市江干区四季青老市场九楼,浙江省,杭州市,江干区
宁波市海曙区宝善路,浙江省,宁波市,海曙区
海宁A座皮草广场0楼秋霞路0000号依诺蒂恩,浙江省,嘉兴市,海宁市
南秦路0000号龙泉振昌青瓷厂,浙江省,丽水市,龙泉市
浙江省嘉兴桐乡市崇福镇崇德东路00号农业银行00楼电联,浙江省,嘉兴市,桐乡市
嘉兴市秀洲区常秀街紫园小区,浙江省,嘉兴市,秀洲区
洪山镇乌山西路凤湖新城一区九号楼,湖北省,武汉市,洪山区
浙江省湖州市吴兴区浙江省湖州市吴兴区公安分局000油卡带着AAAA机客户刷卡送单提前一天联系谢谢,浙江省,湖州市,吴兴区
浙江省杭州市滨江区滨文路000号,浙江省,杭州市,滨江区
浙江省台卅市天台县莪园0巷000号,浙江省,台州市,天台县
浙江台州市黄岩区北城浦西000号,浙江省,台州市,黄岩区
福建省厦门市思明区湖滨北路锦绣广场,福建省,厦门市,思明区
宁波鄞州区洞桥工业区宁波商泪斯塑业有限公司,浙江省,宁波市,鄞州区
宏景街000号华泰保险萧山宏景街营业部,浙江省,杭州市,萧山区
长安镇东陈村汪家桥000号,河北省,石家庄市,长安区
浙江省嘉兴市嘉善县浙江省嘉兴市嘉善县魏塘镇外环西路0000号,浙江省,嘉兴市,嘉善县
桐乡市崇福镇崇德西路000号申万宏源证券,浙江省,嘉兴市,桐乡市
娄桥街道瓯海大道0000号温州大西洋购物中心第00层温州百老汇影城,浙江省,温州市,瓯海区
浙江省金华市义乌市商城大道新港小区000栋0单元圣辉宾馆,浙江省,金华市,义乌市
南京市江宁区麒麟门东山下浴室旁小店,江苏省,南京市,江宁区
浙江省-金华市-市辖区环球商务大厦,浙江省,金华市,市辖区
台州椒江区椒江金色港湾,浙江省,台州市,椒江区椒江
浙江省宁波市江东区中兴路0000号,浙江省,宁波市,江东区
嘉兴海宁市裘皮广场A座土耳其路00号,浙江省,嘉兴市,海宁市
舟山市定湖区盐仓兴舟大厦,浙江省,舟山市,定湖区
浙江省绍兴市越城区东池花园0幢,浙江省,绍兴市,越城区
浙江省宁波慈溪杭州湾新区滨海二路000号,浙江省,宁波市,慈溪市
宁波市江东区新京大厦,浙江省,宁波市,江东区
武汉市汉口建设大道0000号,湖北省,武汉市,汉口
浙江省绍兴市越城区东浦镇环西路,浙江省,绍兴市,越城区
拱墅区德胜路000号南楼电联,浙江省,杭州市,拱墅区
广西壮族自治区桂林市象山区广西桂林市西城路000号,广西壮族自治区,桂林市,象山区
古美街道漕宝路0000弄东兰新村,广西壮族自治区,河池市,东兰县
景东彝族自治县林街乡中学,云南省,普洱市,景东彝族自治县
浙江省杭州市西湖区转塘街道杭新路与转之路交叉口西湖行政服务中心之江分中心大楼东面丰巢,浙江省,杭州市,西湖区
江西省兴国县中医院内二科,江西省,赣州市,兴国县
浙江省温州市龙湾区高一路000号圣特立集团有限公司,浙江省,温州市,龙湾区
温州苍南县金乡镇第三工业区新丰公司,浙江省,温州市,苍南县
柯桥区新滨路与北八路交叉口乐高印染厂电联,浙江省,绍兴市,柯桥区
浙江省台州市路桥区雄鹰路四号,浙江省,台州市,路桥区
凤凰街道渔沙坦渔兴东路000-0号,湖南省,湘西土家族苗族自治州,凤凰县
黄岩区院桥镇院店路000号,浙江省,台州市,黄岩区
浙江省杭州市西湖区古敦路000号同人精华0座,浙江省,杭州市,西湖区
浙江省温州市龙湾区高新区文昌路0000号红连文创园,浙江省,温州市,龙湾区
刘家堡街道安宁区刘家堡公交000路调度站,甘肃省,兰州市,安宁区
浙江省杭州市余杭区龙船乌园,浙江省,杭州市,余杭区
吴兴区织里镇大河新村村委会,浙江省,湖州市,吴兴区
山东省济宁市泗水县西塘桥街道东海花苑000栋四单元,山东省,济宁市,泗水县
浙江省金华市金东区浙江省金华市金东区陶朱路项牌兴隆路0号,浙江省,金华市,金东区
浙江省余姚市丈亭镇胡界村000号,浙江省,宁波市,余姚市
浙江省安吉县阳光工业二区,浙江省,湖州市,安吉县
江苏省南通市崇川区文峰街道中南世纪城0幢,江苏省,南通市,崇川区
嘉善县西塘镇下甸庙骏龙五金,浙江省,嘉兴市,嘉善县
浙江省温州市AAAA浙江温州市瑞安市莘塍街道周家桥金属市场,浙江省,温州市,瑞安市
浙江省台州市路桥区财富大道新曰用品商城,浙江省,台州市,路桥区
方顺桥镇高荆村新兴旺汽车服务中心,黑龙江省,七台河市,新兴区
湖州安吉高禹镇北林场天子福宾馆电联,浙江省,湖州市,安吉县
浙江省东阳市白云街道莲花山莲花路000号,浙江省,金华市,东阳市
浙江省金华市义乌市国际商贸城一期一楼A区,浙江省,金华市,义乌市
温州永嘉县上塘镇新居路0弄000号,浙江省,温州市,永嘉县
玄武湖街道后标营路银城东苑望山园000栋,江苏省,南京市,玄武区
宁波市江北区人民路0000号日湖国贸大厦,浙江省,宁波市,江北区
桃源路000幢桃源大厦,湖南省,常德市,桃源县
温州市龙湾区永中街道寺前街0000号,浙江省,温州市,龙湾区
浙江省开化县桐村镇严村村陈家000号,浙江省,衢州市,开化县
浙江省宁波慈溪市周巷镇开发东路卓立电器,浙江省,宁波市,慈溪市
浙江省温岭市城东街道庆恩王村000栋,浙江省,台州市,温岭市
新丰镇嘉钢路0000号0号门,广东省,韶关市,新丰县
浙江省温州市平阳县昆阳镇吴村中建五局项目部,浙江省,温州市,平阳县
浙江省绍兴市上虞市松厦工业园区,浙江省,绍兴市,上虞市
广东省广州市天河区京溪街道办事处北鸡劲坑大街00号,广东省,广州市,天河区
浙江省台州市天台县三合镇洋头工业区,浙江省,台州市,天台县
越城区迪荡黄金时代00幢,浙江省,绍兴市,越城区
杭州市滨江区滨安路0000号优迈科技园000幢0楼,浙江省,杭州市,滨江区
沅江市黄茅洲镇中心卫生院,湖南省,益阳市,沅江市
浙江省金华市婺城区通溪路0000号,浙江省,金华市,婺城区
浙江省-台州市-天台县新城三江超市后面,浙江省,台州市,天台县
东台路000号洲泰五金制造公司,江苏省,盐城市,东台市
浙江省淳安县屏门乡小陵村,浙江省,杭州市,淳安县
浙江省杭州市下城区东新街道久盛巷00号跆魅武道,浙江省,杭州市,下城区
浙江省杭州萧山区萧山机场蝶来大酒店,浙江省,杭州市,萧山区
浙江省诸暨市山下湖镇珠宝城,浙江省,绍兴市,诸暨市
杭州市滨江区江南大道0000号,浙江省,杭州市,滨江区
河南省南阳市内乡县河南省南阳市内乡县内乡南关老煤建萱美特隔壁蓝钻台球厅,河南省,南阳市,内乡县
望江街道秋涛路近江食品市场,安徽省,安庆市,望江县
锦屏大厦后锦屏A区00幢,贵州省,黔东南苗族侗族自治州,锦屏县
安徽省阜阳市阜南县新村镇政府统计站,安徽省,阜阳市,阜南县
浙江省杭州市西湖区玉古路000号,浙江省,杭州市,西湖区
浙江省温州市乐清市清远路000号七楼名表柜,浙江省,温州市,乐清市
浙江省宁波市鄞州区浙江省宁波市鄞州区豪鹰工业园,浙江省,宁波市,鄞州区
宾王路000号义乌电脑市场,浙江省,金华市,义乌市
浙江省台州市黄岩区金带路中钢世纪花园,浙江省,台州市,黄岩区
浙江省宁波市北仑区新大路学府名苑000栋,浙江省,宁波市,北仑区
浙江省温州市瓯海区温州大学A区,浙江省,温州市,瓯海区
浙江省杭州市滨江区云厦连园,浙江省,杭州市,滨江区
浙江省上城区浣纱路向阳新村,浙江省,杭州市,上城区
浙江省金华义乌市江东街道下付小区仓库,浙江省,金华市,义乌市
义乌市义南工业园区天吉路000号,浙江省,金华市,义乌市
浙江省金华市义乌市北苑街道凌云三区00懂0单元九楼,浙江省,金华市,义乌市
木渎镇金山路00号天虹百货二楼翠玉世家专柜,上海市,上海市,金山区
浙江省温州市乐清市新市西街-、000号,浙江省,温州市,乐清市
浙江省宁波市鄞州区钱湖北路云庭公寓,浙江省,宁波市,鄞州区
浙江省舟山市普陀区六横镇创业路00号,上海市,上海市,普陀区
杭州市萧山区进化镇云飞路0000号,浙江省,杭州市,萧山区
浙江省平阳县水头镇昌学路,浙江省,温州市,平阳县
绍兴市柯桥区玉兰国际东区,浙江省,绍兴市,柯桥区
义乌后张,浙江省,金华市,义乌市
浙江省舟山市普陀区东港中昌街00-0号,上海市,上海市,普陀区
凤凰街道凤凰二村000幢,湖南省,湘西土家族苗族自治州,凤凰县
宁波市江北区洪塘洪都花园,浙江省,宁波市,江北区
义乌市后宅街道遗安二区000栋0单元,浙江省,金华市,义乌市
杭州市余杭区和睦桥十七组,浙江省,杭州市,余杭区
浙江省金华市东阳市江北街道甘溪社区西楼工业区,浙江省,金华市,东阳市
浙江省台州市椒江区解放南路0000号邮政大楼九楼,浙江省,台州市,椒江区
诸暨浣东街道暨东路000号,浙江省,绍兴市,诸暨市
乐清市北白象镇中方南路000号,浙江省,温州市,乐清市
浙江省杭州市江干区杭海路000号中洲,浙江省,杭州市,江干区
永康市华丰西路00弄十五幢,浙江省,金华市,永康市
浙江省杭州市浙江省杭州市西湖区塘苗路000号华星现代产业园A座00楼,浙江省,杭州市,西湖区
义乌市苏溪镇航空管时丽0楼,浙江省,金华市,义乌市
浙江省杭州市滨江区长河镇江三村长江小区,浙江省,杭州市,滨江区
汊河街道江苏省扬州市邗江区运西镇建华村卡巴度斯服饰有限公司,江苏省,扬州市,邗江区
拱墅区拱康路000号杭州亿普科技大厅,浙江省,杭州市,拱墅区
杭州市余杭区物流中心水产市场,浙江省,杭州市,余杭区
浙江省台州市椒江区枫南小区000幢00单元,浙江省,台州市,椒江区
双塔路000号照明电器商业大楼,辽宁省,朝阳市,双塔区
浙江省杭州市江干区航海路00号中洲精品服装市场,浙江省,杭州市,江干区
海宁市许村沈士开发区南园路,浙江省,嘉兴市,海宁市
西湖区山墩镇都市水乡水秀苑,浙江省,杭州市,西湖区
城东工业园万隆路0000号,青海省,西宁市,城东区
红旗路000号南街口浙北大厦超市,河南省,新乡市,红旗区
浙江省杭州市拱墅区祥园路000号浙大网新智慧立方,浙江省,杭州市,拱墅区
江西省上饶市信州区大井头0号,江西省,上饶市,信州区
浙江省温州市鹿城区后京北路00号,浙江省,温州市,鹿城区
浙江省台州天台县赤城街道螺溪村000-00号电联,浙江省,台州市,天台县
宁波宁波市鄞州区古林镇布政新村-,浙江省,宁波市,鄞州区
杭州市拱墅区祥符街道花园岗社区,浙江省,杭州市,拱墅区
金华义乌荷叶塘下沈000号电联,浙江省,金华市,义乌市
温州市龙湾区龙湾经济开发区滨海园区滨海00路,浙江省,温州市,龙湾区
浙江省台州市温岭市温峤工量刃具交易中心,浙江省,台州市,温岭市
广东省深圳市福田区福华一路000号投行大厦00楼,广东省,深圳市,福田区
浙江省宁波市北仑区保税西区港西大道六号,浙江省,宁波市,北仑区
浙江省金华市永康市芝英镇雅庄后山000号,浙江省,金华市,永康市
浙江省慈溪市长河镇垫桥路000号浙江福兰特有限公司,浙江省,宁波市,慈溪市
金华义乌市江东街道樊村,浙江省,金华市,义乌市
温州市瓯海区郭溪镇任桥街000号,浙江省,温州市,瓯海区
福建省-宁德市-福安市秦溪洋工业惠丰路和太平洋路交叉口歌庆旗舰店仓库部,福建省,宁德市,福安市
浙江省-温州市-苍南县-宜山镇宜山大道000号,浙江省,温州市,苍南县
吴兴区兴华路临湖桥建行支行,浙江省,湖州市,吴兴区
浙江省温州市瑞安市塘下金墅湾0幢,浙江省,温州市,瑞安市
绍兴柯桥华联国际商贸城蓝天商务楼0楼,浙江省,绍兴市,柯桥区
浙江省温州市苍南县章均路,浙江省,温州市,苍南县
河北省石家庄市裕华区裕强街道国大全城小区000栋0单元,河北省,石家庄市,裕华区
北仑区新大路宁波职业技术学校,浙江省,宁波市,北仑区
浙江省宁波市慈溪市杭州湾新区滨海二路,浙江省,宁波市,慈溪市
芦沟镇江苏省盐城市建湖县卢沟镇农电站向西还000米左右,江苏省,盐城市,建湖县
浙江省新昌县双彩乡后王村牛塘自然村,浙江省,绍兴市,新昌县
温州市苍南县龙港镇江口路,浙江省,温州市,苍南县
贵州省六盘水市水城县鸡场乡,贵州省,六盘水市,水城县
浙江省杭州市拱墅区锦绣新村00幢七单元,浙江省,杭州市,拱墅区
浙江省杭州市拱墅区花园岗街000号易构大厦00号楼东门丰巢,浙江省,杭州市,拱墅区
浙江-温州-苍南县上乾头,浙江省,温州市,苍南县
湖州湖州市南浔区双林镇虹凤路000号,浙江省,湖州市,南浔区
宁兴城市花园南大门一幢,辽宁省,葫芦岛市,兴城市
金华市永康市松石西路0000号,浙江省,金华市,永康市
临平大道0000号电商孵化园0号楼0楼,浙江省,杭州市,临平区
浙江省杭州市萧山区经济技术开发区桥南区块高新七路00号童盟大楼00楼,浙江省,杭州市,萧山区
余杭区临平星光街,浙江省,杭州市,余杭区
浙江省杭州余杭区阿里巴巴西溪园区0号楼,浙江省,杭州市,余杭区
苍南县钱库镇站中路0000号,浙江省,温州市,苍南县
余杭区高教路翡翠城环碧苑0栋0单元,浙江省,杭州市,余杭区
北京市朝阳区十里堡乙0号院0号楼,北京市,北京市,朝阳区
浙江省杭州市下城区绍兴路0000号野风现代之窗大厦-西楼,浙江省,杭州市,下城区
杭州市余杭区崇贤镇水洪庙,浙江省,杭州市,余杭区
缙云西新碧街道碧发路00号,浙江省,丽水市,缙云县
河南省三门峡市陕县张湾乡计生办,河南省,三门峡市,陕县
平阳县鳌江镇沿河路000号,浙江省,温州市,平阳县
浙江省金华市义乌市苏溪镇苏华街000号00楼红督网购部,浙江省,金华市,义乌市
白云路幸福里小区0栋,广东省,广州市,白云区
浙江省杭州市余杭区闲林街道何母渡村徐家湾00-0号,浙江省,杭州市,余杭区
浙江省湖州市吴兴区吴兴区南街浙北购物中心0楼爱美丽专柜,浙江省,湖州市,吴兴区吴兴区
浙江省杭州市萧山机场东大门永盛路顺丰速运,浙江省,杭州市,萧山区
嘉兴海盐县城北西路000号中国电信,浙江省,嘉兴市,海盐县
浙江省杭州市西湖区曙光路000号世贸中心A座,浙江省,杭州市,西湖区
浙江省嘉兴市秀洲区巴黎都市,浙江省,嘉兴市,秀洲区
河南省驻马店市确山县留庄镇汪庄村汪庄村民组李金中烟酒部,河南省,驻马店市,确山县
上虞区东关街道彭家堰村海螺塑胶厂,浙江省,绍兴市,上虞区
浙江绍兴越城区袍江经济开发区越东路瑞禾明庭,浙江省,绍兴市,越城区
浙江省衢州市柯城区思源路000号电联,浙江省,衢州市,柯城区
浙江省温州市平阳县鹤祥东路000号,浙江省,温州市,平阳县
宁波市江东区会展路000号0号馆,浙江省,宁波市,江东区
嘉兴海宁颐高数码广场,浙江省,嘉兴市,海宁市
浙江省富阳振兴路0弄,浙江省,杭州市,富阳区
浙江台州市路桥区路南街道李家洋工业设备市场A区000楼,浙江省,台州市,路桥区
浙江省海宁市尖山新区万凯新材料有限公司,浙江省,嘉兴市,海宁市
浙江省杭州市江干区杭海路000号中洲精品女装,浙江省,杭州市,江干区
浙江省温州市鹿城区洛河路00号,浙江省,温州市,鹿城区
浙江省温州市平阳县萧江镇二中路口,浙江省,温州市,平阳县
宁波市海曙区冷静街00号银亿时代广场00楼新通教良,浙江省,宁波市,海曙区
浙江省杭州市下城区电子商务产业园费家塘路0000号,浙江省,杭州市,下城区
白云源东路000号杭州汇大医疗器械有限公司,广东省,广州市,白云区
浙江省金华义乌市解百商场0楼电联,浙江省,金华市,义乌市
浙江省常山县东案乡后宅村000号,浙江省,衢州市,常山县
浙江省湖州安吉县地铺镇妇保院电联,浙江省,湖州市,安吉县
瑞安塘下镇建行大楼00单元,浙江省,温州市,瑞安市
杭州市滨江区滨文路000号彩虹大厦,浙江省,杭州市,滨江区
杭州市余杭区南苑街道迎宾路000-00号三楼,浙江省,杭州市,余杭区
西湖科技园西园七路0号东门,浙江省,杭州市,西湖区
杭州市拱墅区湖墅南路000号,浙江省,杭州市,拱墅区
杭州市拱墅区杭行路0000号华盛达阅城新座0幢0楼图文店,浙江省,杭州市,拱墅区
浙江省衢州市衢江区金旺镇,浙江省,衢州市,衢江区
浙江绍兴新昌县新昌大桥大桥路,浙江省,绍兴市,新昌县
湖南省-株洲市-天元区泰山路泰山花园十栋,湖南省,株洲市,天元区
河南省睢县西陵寺镇西陵东村000号,河南省,商丘市,睢县
西湖区外东山弄西湖区教育局电联,浙江省,杭州市,西湖区
广东省-深圳市-南山区深圳南山,黑龙江省,鹤岗市,南山区
浙江省金华市婺城区保集蓝郡,浙江省,金华市,婺城区
河北省石家庄市裕华区建通街道胜利南街0000号,河北省,石家庄市,裕华区
江苏省宿迁市宿城区双庄汽配城,江苏省,宿迁市,宿城区
浙江温州平阳县手套路0000号,浙江省,温州市,平阳县
温州市永嘉县南城街道公路管理局办公室电联,浙江省,温州市,永嘉县
宁波镇海区庄市大道同宜路000号,浙江省,宁波市,镇海区
浙江省温州市平阳县宋埠镇斗南新区,浙江省,温州市,平阳县
杭州市余杭区临平街道杨家桥00组保健路0-00幢,浙江省,杭州市,余杭区
金华东阳市城南西路000号,浙江省,金华市,东阳市
辽宁省凤城市东汤镇东汤村0组,辽宁省,丹东市,凤城市
青海省西宁市城中区西宁市城中区南滩水井巷小学,广西壮族自治区,柳州市,城中区
杭州市江干区南肖埠景和苑00幢0单元,浙江省,杭州市,江干区
柯桥轻纺城北五区,浙江省,绍兴市,柯桥区
金华市永康市南苑东路金胜花苑0区,浙江省,金华市,永康市
浙江省绍兴市其它区绍兴市绍兴县柯桥区柯华路0000号之江学院,浙江省,绍兴市,绍兴县柯桥区
东阳市江北街道湖莲西街石门村,浙江省,金华市,东阳市
湖南省长沙市天心区黑石铺街道披塘村000号情天手工烘焙,湖南省,长沙市,天心区
遵义市红花岗区海尔大道东方星城售楼中心,贵州省,遵义市,红花岗区
永康市石柱镇本扎工业区,浙江省,金华市,永康市
西山北路000-000号00楼炜业奖杯,云南省,昆明市,西山区
杭州市萧山区闻堰街道湘湖人家,浙江省,杭州市,萧山区
浙江省杭州市西湖区篁外山庄物业,浙江省,杭州市,西湖区
永兴路盛大兴城,湖南省,郴州市,永兴县
滨海园区三道00路,江苏省,盐城市,滨海县
浙江省杭州市下城区东清巷00号丽景西苑传达室转-,浙江省,杭州市,下城区
通州区后夏公庄工业园区,北京市,北京市,通州区
浙江省杭州市滨江区网商路0000号网易大厦,浙江省,杭州市,滨江区
浙江省杭州市萧山区宁围街道景海湾闻潮阁00幢0单元,浙江省,杭州市,萧山区
广东-深圳市-福田区深南中路庞源市场,广东省,深圳市,福田区
海曙区环城西路南段0000弄0000号,浙江省,宁波市,海曙区
河北省-保定市-容城县南张镇沙河村,河北省,保定市,容城县
龙岗中心城龙城岗背路000号,广东省,深圳市,龙岗区
浙江省温州市平阳县水头镇工业园区,浙江省,温州市,平阳县
英阿瓦提路吉祥花园二号楼,新疆维吾尔自治区,阿克苏地区,阿瓦提县
浙江省温州市平阳县站西路0-000号,浙江省,温州市,平阳县
柯桥北联三区一楼,浙江省,绍兴市,柯桥区
海城工业区,辽宁省,鞍山市,海城市
浙江省宁波镇海区车站路郁金香中心0号楼,浙江省,宁波市,镇海区
浙江省宁波市鄞州区斗南街道泰安中路00号,浙江省,宁波市,鄞州区
浙江省温州市乐清市柳市镇车站路000号0栋0楼,浙江省,温州市,乐清市
黄岩区新钱镇钱洋方村0000号,浙江省,台州市,黄岩区
浙江省杭州市萧山区宁围镇,浙江省,杭州市,萧山区
乔司镇石塘东路复地连城国际0-0幢,福建省,龙岩市,连城县
浙江省温州市平阳县萧江镇长宁路000号,浙江省,温州市,平阳县
内蒙古自治区锡林郭勒盟正蓝旗正蓝旗蒙古族小学,内蒙古自治区,锡林郭勒盟,正蓝旗
浙江省杭州市西湖区文三路000号浙大西溪北园东大楼00楼,浙江省,杭州市,西湖区
景东大道恒大名都0栋二单元电联,河北省,邯郸市,大名县
陕西省安康市汉滨区新城街道教场南路西巷0号,陕西省,安康市,汉滨区
重庆市大足县宝兴镇金竹三组,重庆市,重庆市,大足县
浙江义乌东洲路0000号-,浙江省,金华市,义乌市
沙县夏茂镇金泰花园,福建省,三明市,沙县区
浙江省杭州市江干区凤起东路000号中豪凤起广场A座000楼杭州商赢,浙江省,杭州市,江干区
浙江省宁波市余姚市兰江街道富巷北路,浙江省,宁波市,余姚市
西湖区天目山路0000号,浙江省,杭州市,西湖区
义乌市北苑秋实路000号圆通0号门0楼,浙江省,金华市,义乌市
义乌市苏溪镇苏福路0000号,浙江省,金华市,义乌市
浙江省金华市武义县联乡马口村,浙江省,金华市,武义县
黄龙九区玉树组团,陕西省,延安市,黄龙县
田园路北000米港隆大厦00楼,河北省,唐山市,路北区
浙江省台州市黄岩区西城街道黄岩客运西站北门,浙江省,台州市,黄岩区
温州工业园区庐山路000一0号,江西省,九江市,庐山市
福建省厦门市集美区杏林湾路0000号0号楼,福建省,厦门市,集美区
江苏省南通市海门市芙蓉镇大桥路,江苏省,南通市,海门市
下沙经济开发区学林街0000号松合时代商城0幢0单元,河南省,信阳市,商城县
江西省婺源县段莘乡庆源村0000号,江西省,上饶市,婺源县
八一路东湖村000号,江西省,南昌市,东湖区
浙江省余姚市富达广场A区00幢,浙江省,宁波市,余姚市
慈溪市开发大道0000号二楼宁波鼎邦园林建设有限公司,浙江省,宁波市,慈溪市
杭州萧山闻堰镇桥南路00号一楼,浙江省,杭州市,萧山区
杭州市富阳区银湖街道沈家坞村,浙江省,杭州市,富阳区
转塘街道凤凰创意园,湖南省,湘西土家族苗族自治州,凤凰县
浙江省杭州市淳安县千岛湖镇柏润国际花园,浙江省,杭州市,淳安县
乾元镇金鹅山车管所边小店,山西省,太原市,小店区
中国轻纺城北五区四楼,青海省,西宁市,城北区
绍兴绍兴县轻纺城高级中学,浙江省,绍兴市,绍兴县
延安路0号吴山古玩城东区0楼,青海省,西宁市,城东区
台州路桥区东路桥大道0000号电联,浙江省,台州市,路桥区
宁波江东区百丈路会展中心A座00楼,浙江省,宁波市,江东区
浙江省杭州市江干区宋都晨光国际,浙江省,杭州市,江干区
浙江省杭州市江干区钱江新城AAA森林路与市民街交叉口中华钱塘航空大厦00号楼西侧小门入口处丰巢,浙江省,杭州市,江干区
兰溪市康恩贝大道0号康恩贝制药公司门口电联,浙江省,金华市,兰溪市
浙江省绍兴市嵊州市一景路,浙江省,绍兴市,嵊州市
浙江省湖州市长兴县煤山工业区,浙江省,湖州市,长兴县
义乌街尚阁发型工作室,浙江省,金华市,义乌市
浙江省嘉兴市秀洲区经济开发区茶园路岗山路口,浙江省,嘉兴市,秀洲区
余姚市老北站横堰头00号讯盟手机店,浙江省,宁波市,余姚市
浙江省绍兴市上虞区文化南区000幢,浙江省,绍兴市,上虞区
杭州市滨江区临江花园-,浙江省,杭州市,滨江区
浙江台州市黄岩区城区澄江镇镇政府旁边如意公司团队长,浙江省,台州市,黄岩区
广东省惠州市惠城区龙丰街道丰湖一街0号惠州电脑城0号楼红日电脑耗材,广东省,惠州市,惠城区
浙江省杭州市萧山区北干街道工人路000号,浙江省,杭州市,萧山区
浙江省温州市苍南县灵溪镇双台街00号,浙江省,温州市,苍南县
浙江省杭州市江干区九堡镇,浙江省,杭州市,江干区
浙江省云和县云和镇中山街000号,浙江省,丽水市,云和县
金华金华义乌稠江街道石鱼路000号00楼,浙江省,金华市,义乌市
临城街道金岛路000号室大厦,河北省,邢台市,临城县
浙江衢州市龙游县湖镇马报桥,浙江省,衢州市,龙游县
浙江省-杭州市-余杭区杭州市佘杭区临平经济开发区,浙江省,杭州市,余杭区
浙江省嘉兴市桐乡市濮院镇中央商城三楼四川街000号,浙江省,嘉兴市,桐乡市
山东省淄博市沂源县中庄村焦家上庄村,山东省,淄博市,沂源县
海曙区灵桥路000号中宁大厦,浙江省,宁波市,海曙区
横峰街道前陈一区新区北路0号,江西省,上饶市,横峰县
浙江省-杭州市-市辖区九堡东大门交易中心A座00楼,浙江省,杭州市,市辖区
浙江省绍兴市诸暨市暨阳街道鼓山路梁家埠00号,浙江省,绍兴市,诸暨市
余姚市舜水北路000-00号芳芳饭店,浙江省,宁波市,余姚市
浙江省台州市临海市浙江省台州市临海市台招路0号,浙江省,台州市,临海市
浙江省杭州市江干区下沙高教园区学源街000号浙江财经大学资产处,浙江省,杭州市,江干区
浙江省杭州市江干区四季青服装大市场00楼,浙江省,杭州市,江干区
温州瓯海区郭溪镇梅屿村梅和景苑,浙江省,温州市,瓯海区
越城区斗门镇袍读路000号,浙江省,绍兴市,越城区
龙港镇城东工业区南城路0000号彩乐文具,辽宁省,葫芦岛市,龙港区
西湖区文二西路府新花园东00幢,浙江省,杭州市,西湖区
浙江省温州市平阳县兴工路00号,浙江省,温州市,平阳县
浙江劣杭州市余杭区星桥开发区枉山社区永南00楼,浙江省,杭州市,余杭区
浙江省杭州市下城区建国北路000号嘉年华铭座,浙江省,杭州市,下城区
武义王山尖世纪路000-0号,浙江省,金华市,武义县
浙江省温州市乐清市柳市镇东风工业区腾飞路000号,浙江省,温州市,乐清市
河南省信阳市光山县光辉大道财富广场0单元0号楼,河南省,信阳市,光山县
绍兴市绍兴县柯桥街道万商路,浙江省,绍兴市,绍兴县
白云街道歌山路北0000号,广东省,广州市,白云区
柯桥区东浦镇中都物流电联,浙江省,绍兴市,柯桥区
浙江杭州萧山宁围真金一村000号,浙江省,杭州市,萧山区
浙江省衢州市衢江区,浙江省,衢州市,衢江区
浙江省宁波市慈溪市白沙路街道中兴小区00号楼,浙江省,宁波市,慈溪市
浙江省镇海区镇海炼油厂宿舍00栋,浙江省,宁波市,镇海区
浙江省温岭市横峰镇石刺头三区,浙江省,台州市,温岭市
浙江省金华市义乌市香港城0区00单元,浙江省,金华市,义乌市
丽水丽水龙泉市青瓷宝剑园区章生路00号,浙江省,丽水市,龙泉市
新疆库尔勒市华凌市场五金区00栋房头,新疆维吾尔自治区,巴音郭楞蒙古自治州,库尔勒市
义乌市下付小区000栋七单元,浙江省,金华市,义乌市
民乐镇新市场余育能家电城,甘肃省,张掖市,民乐县
浙江省宁波市奉化市南渡路000号拜耳阳光雨篷,浙江省,宁波市,奉化市
温州市瑞安市塘厦镇海安海洞北街00号,浙江省,温州市,瑞安市
金华金华市永康市江南街道王染店小区,浙江省,金华市,永康市
舟山市_普陀区东港街道浙能兰园一幢二单元,上海市,上海市,普陀区
浙江省宁波市余姚市宁波市余姚市河姆渡镇车厩村光明,浙江省,宁波市,余姚市
余杭区闲林街道留和路荆山翠谷,浙江省,杭州市,余杭区
丽水龙泉市莱茵花园富景苑,浙江省,丽水市,龙泉市
浙江省温州市乐清市沙洪路000号,浙江省,温州市,乐清市
浙江省杭州市滨江区火炬大道000号,浙江省,杭州市,滨江区
温州市鹿城区过境公路快鹿集团旁中国建筑,浙江省,温州市,鹿城区
浙江省永康市石柱镇瑶山村瑶石路00号飞鸿实验有限公司八楼,浙江省,金华市,永康市
登云路0000号西城时代商务中心00幢000楼,北京市,北京市,西城区
浙江省宁波市海曙区新典路0000号华展设计院,浙江省,宁波市,海曙区
浙江省杭州市江干区赶海人旗舰店,浙江省,杭州市,江干区
浙江省杭州市余杭区玉都佳苑,浙江省,杭州市,余杭区
浙江省温州市鹿城区万江路安澜大厦A栋,浙江省,温州市,鹿城区
深圳市宝安区西乡智汇创新中心A座,广东省,深圳市,宝安区
浦江县岩头镇西黄村一区,浙江省,金华市,浦江县
浙江杭州市滨江区浙江省杭州市_滨江区浦沿街道信诚路0000号科达投资大厦三楼超凡学校,浙江省,杭州市,滨江区
浙江省杭州市上城区西湖街道玉皇山路00号,浙江省,杭州市,上城区
文教街道范江岸路000弄丽晶国际,湖北省,武汉市,江岸区
安徽省石台县七都镇河口村河口队,安徽省,池州市,石台县
上饶市广丰区大塘梅苑小区-0楼,江西省,上饶市,广丰区
中国浙江省温州市永嘉县塔下路0号,浙江省,温州市,永嘉县
浙江省宁波市镇海区银凤路00号,浙江省,宁波市,镇海区
河南省方城县广阳镇后寨村,河南省,南阳市,方城县
宁波江东区曙光北路波波城,浙江省,宁波市,江东区
金清镇林家工业区浙江三联农业科技有限公司,贵州省,贵阳市,清镇市
甘肃省天水市清水县远门乡单魏村000号,甘肃省,天水市,清水县
浙江省金华市婺城区双溪西路000号,浙江省,金华市,婺城区
郭巷街道江苏省苏州市吴中区车坊镇淞泽家园0区00幢,江苏省,苏州市,吴中区
浙江_绍兴_诸暨市大桥东路00号诸暨农商银行0楼,浙江省,绍兴市,诸暨市
浙江省杭州市余杭区黄湖永峥路00号国家电网,浙江省,杭州市,余杭区
富阳区孙权路000号,浙江省,杭州市,富阳区
杭州市余杭区乔司镇永西村三组000号,浙江省,杭州市,余杭区
嘉兴平湖环城东路000号中信银行,浙江省,嘉兴市,平湖市
浙江省温州市瓯海区今汇路,浙江省,温州市,瓯海区
云南昭通市鲁甸县桃源乡邮政,云南省,昭通市,鲁甸县
广西省兴安县湘漓镇洲上村委会,广西壮族自治区,桂林市,兴安县
浙江金华市婺城区东莱路000号00楼浙江中匠园林建设有限公司,浙江省,金华市,婺城区
钱库镇新华北路000号后幢,河北省,石家庄市,新华区
台州温岭横峰镇石刺头0区,浙江省,台州市,温岭市
浙江省台州市温岭市松门镇东南工业区,浙江省,台州市,温岭市
余杭街道余杭经济开发区临平大道000号,浙江省,杭州市,余杭区
浙江省温州市乐清市友谊路000号,浙江省,温州市,乐清市
中山北路缪缪服装店,辽宁省,大连市,中山区
杭州市萧山区新塘街道付娄村,浙江省,杭州市,萧山区
内蒙古自治区呼和浩特市市辖区六安市金安区汁铺飞翔物流园A区AAAA,内蒙古自治区,呼和浩特市,市辖区
浦江县黄宅镇杨林村二区,浙江省,金华市,浦江县
狮山镇广东省佛山南海官窑厚西村北一巷0号,广东省,佛山市,南海区
浙江省杭州市萧山区宁围镇二桥村桥园路000号,浙江省,杭州市,萧山区
浙江省嘉兴秀洲区水果市场0区-,浙江省,嘉兴市,秀洲区
高桥镇长乐村光阳路000号,福建省,福州市,长乐区
义乌市荷叶塘听涛南路00号00楼,浙江省,金华市,义乌市
浙江省杭州市西湖区中兴文都苑00幢0单元,浙江省,杭州市,西湖区
杭州市余杭区乔司镇五星工业园000栋,浙江省,杭州市,余杭区
杭州下城区建国北路000号云龙十一景,浙江省,杭州市,下城区
浙江省温岭市大溪镇白塔村田洋000号,浙江省,台州市,温岭市
义乌市廿三里西澄村四村头佳佳超市电联,浙江省,金华市,义乌市
杭州杭州市余杭区中泰街道中泰路000号,浙江省,杭州市,余杭区
浙江省绍兴市柯桥区中国轻纺城北一区八楼,浙江省,绍兴市,柯桥区
南湖区纺工路赞成学士院0栋,浙江省,嘉兴市,南湖区
红庙坡街道白家口大兴郡一期八号楼六单元,北京市,北京市,大兴区
白云区江高镇私企工业区夏荷路00-00号,广东省,广州市,白云区
泉州市永春县石鼓镇桃场村0组,福建省,泉州市,永春县
四川省宜宾市江安县四面山乡场坝村王扁组,四川省,宜宾市,江安县
杭州市江干区下沙街道东城大厦,浙江省,杭州市,江干区
莲都区丽青路000号电联,浙江省,丽水市,莲都区
梧桐街道石门路000号浙江先锋机械有限公司,湖南省,常德市,石门县
安徽省安庆市大观区湖滨街A0栋八单元,安徽省,安庆市,大观区
路桥机电五金城北区,浙江省,台州市,路桥区
浙江省衢州市柯城区讲舍街000号蓝天嘉苑,浙江省,衢州市,柯城区
上海上海市长宁区延安西路0000号绿地海怡酒店,上海市,上海市,长宁区
浙江省台州市椒江区解放北路00号A幢00楼,浙江省,台州市,椒江区
浙江省温州市平阳县汇水河路,浙江省,温州市,平阳县
上虞盖北镇纬五路国邦药业,浙江省,绍兴市,上虞区
江口街道大闸路永丰路000号,贵州省,铜仁市,江口县
辽宁省抚顺市东洲区东方上城00号楼0单元,辽宁省,抚顺市,东洲区
广东省深圳市宝安区沙井沙三上下围创业工业园0栋一楼,广东省,深圳市,宝安区
杭州市江干区解放东路茶厂宿舍,浙江省,杭州市,江干区
蚌埠市禹会区东海大道西长青乡政府,安徽省,蚌埠市,禹会区
义乌市东山路一号_八楼,浙江省,金华市,义乌市
海宁市许巷连树汇,浙江省,嘉兴市,海宁市
河北省石家庄市桥西区河北省石家庄市桥西区中山路大谈华园00号楼0单元,河北省,石家庄市,桥西区
浙江省宁波市镇海区蛟川街道南洪化工区镇浦路0000号,浙江省,宁波市,镇海区
慈溪市附海镇新塘路000号电联,浙江省,宁波市,慈溪市
浙江省温州市永嘉县瓯北镇鲍斯高服饰有限公司西服六组,浙江省,温州市,永嘉县
金华义乌佛堂镇大城路0000号,浙江省,金华市,义乌市
浙江省宁波市北仑区新大路东海明园00号楼,浙江省,宁波市,北仑区
新华街道广州市花都区大华二路00号,广东省,广州市,花都区
浙江省宁波市江北区慈城镇新横八路00号,浙江省,宁波市,江北区
滨海园区0道00路000号,江苏省,盐城市,滨海县
浙江省宁波市宁海区得力辛岭工业园应收组,浙江省,宁波市,宁海区
浙江省金华市婺城区双龙南街0000号环球商务大厦A座走廊下丰巢,浙江省,金华市,婺城区
浙江省台州市临海市前江南路00号,浙江省,台州市,临海市
西湖区体育场路000号省直房产电联,浙江省,杭州市,西湖区
天台山西路0000号客运中心五楼,浙江省,台州市,天台县
温州市永嘉县桥下镇八里路000号,浙江省,温州市,永嘉县
宁波市鄞州区五乡镇明伦村中车产业园,浙江省,宁波市,鄞州区
四川省大竹县凤凰城A区00栋00楼,四川省,达州市,大竹县
嘉兴市南湖区纺工路与南溪路交叉口米罗咖啡厅,浙江省,嘉兴市,南湖区
杭州市下城区凤起路000号,浙江省,杭州市,下城区
云南省文山州砚山县稼依镇月贰支龙村,云南省,文山壮族苗族自治州,砚山县
浙江省嘉兴市南湖区中环西路000号丝绸广场000楼面料一部,浙江省,嘉兴市,南湖区
浙江省杭州市西湖区莫干山路西溪河下0000-0号美容美发,浙江省,杭州市,西湖区
湖北省孝感市大悟县湖北省孝感市大悟县刘集镇刘集村,湖北省,孝感市,大悟县
温州市鹿城区新桥头美组团,浙江省,温州市,鹿城区
浙江省台州市温岭市泽国镇高坦村,浙江省,台州市,温岭市
浙江省绍兴市上虞区杭州湾上虞工业园振兴大道0号,浙江省,绍兴市,上虞区
浙江省-杭州市-上城区江城路办公室,浙江省,杭州市,上城区
浙江-杭州市-西湖区杭州市西湖区浙大路000号浙江大学曹光彪大楼,浙江省,杭州市,西湖区
新市镇果山头_星宇皮件有限公司,新疆维吾尔自治区,乌鲁木齐市,新市区
龙井路0号杭州西湖风景名胜区,吉林省,延边朝鲜族自治州,龙井市
杭州市富阳区银湖街道金竺村,浙江省,杭州市,富阳区
浙江杭州江干区池塘庙路百合公寓,浙江省,杭州市,江干区
苍南县灵溪镇时代广场十四幢,浙江省,温州市,苍南县
浙江省丽水市缙云县壶镇镇东山樟树路000号,浙江省,丽水市,缙云县
河南省舞阳县章化乡赵庄0组0000号,河南省,漯河市,舞阳县
浙江省温州市乐清市城市中心大道东村,浙江省,温州市,乐清市
辽宁省大连市甘井子区轻工苑大连工业大学图书馆,辽宁省,大连市,甘井子区
台州市椒江区葭芷街道黄海公路0000号客运总站00楼,浙江省,台州市,椒江区
浙江义乌宾王广场A座,浙江省,金华市,义乌市
浙江省金华市义乌市青口后村0栋0单元0楼,浙江省,金华市,义乌市
义乌市苏溪镇新厅村000号,浙江省,金华市,义乌市
桐乡濮院镇宏完南路0000号0栋00楼,浙江省,嘉兴市,桐乡市
浙江省杭州市西湖区文三路000号东信大厦,浙江省,杭州市,西湖区
金华义乌市西陈五区000栋电联,浙江省,金华市,义乌市
浙江省杭州市江干区丁桥镇,浙江省,杭州市,江干区
浙江省杭州市下城区文晖路000号浙江交通集团大厦0楼浙江亦民医药有限公司,浙江省,杭州市,下城区
温岭市横峰镇后洋郑,浙江省,台州市,温岭市
宁波鄞州区潘火街道金达路000号金谷小区,浙江省,宁波市,鄞州区
江苏省南通市通州区姜灶温州中路00号苏里南,北京市,北京市,通州区
浙江省金华市永康市古山镇伯清中路000号,浙江省,金华市,永康市
浙江省温州市乐清市柳市象阳工业区,浙江省,温州市,乐清市
浙江省-台州市-仙居县坎头大桥,浙江省,台州市,仙居县
浙江宁波海曙区开明街000弄-000号城隍庙商业步行街地下室,浙江省,宁波市,海曙区
义乌市义乌江东山口新村,浙江省,金华市,义乌市
浙江省台州市黄岩区新前街道屿下村000号,浙江省,台州市,黄岩区
广东省深圳市市辖区布吉布澜路联创科技园0期000栋0号电梯六楼,广东省,深圳市,市辖区
金华市义乌市青口村青口西区00栋,浙江省,金华市,义乌市
球场街办事处解放大道0000号安静小区0栋0楼,河南省,焦作市,解放区
江苏省苏州市常熟市梅李镇师桥村委旁佳发运输公司,江苏省,苏州市,常熟市
龙华街道深圳市龙华新区龙华街道三联路弓村二区00栋000栋,广东省,深圳市,龙华新区
乐清市北白象镇富康东路000号,浙江省,温州市,乐清市
解放东路财富金融中心-西楼,河南省,焦作市,解放区
绍兴诸暨市暨阳街道艮塔东路000号,浙江省,绍兴市,诸暨市
宁波海曙区药行街000号酷购0楼,浙江省,宁波市,海曙区
浙江省诸暨市东白湖镇斯宅村000号,浙江省,绍兴市,诸暨市
浙江省德清县新市西栅外北高桥,浙江省,湖州市,德清县
浙江省宁波市慈溪市浒山街道天九街新天地购物中心0楼电联,浙江省,宁波市,慈溪市
杭州市萧山区进化镇墅上王工业园区,浙江省,杭州市,萧山区
余姚市小曹娥镇鑫鑫电镀厂,浙江省,宁波市,余姚市
绍兴柯桥区经地自在城,浙江省,绍兴市,柯桥区
拱墅区金华路000号白瑞运河大酒店,浙江省,杭州市,拱墅区
瓯海区丽岙镇茶塘西街000号,浙江省,温州市,瓯海区
浙江省湖州吴兴区苕溪路笤溪商住楼电联,浙江省,湖州市,吴兴区
浙江省杭州市江干区下沙智格新城大厦北楼,浙江省,杭州市,江干区
浙江省宁波市海曙区联丰路000号,浙江省,宁波市,海曙区
福州市晋安区鼓山镇前横路幼儿园,福建省,福州市,晋安区
浙江省台州市三门县健跳镇,浙江省,台州市,三门县
温州市龙湾区沙城永强大道0000号0楼,浙江省,温州市,龙湾区
浙江省嘉兴市南湖区余北大街00号,浙江省,嘉兴市,南湖区
富阳区新建路000幢,浙江省,杭州市,富阳区
西湖科技园西元五路00号,浙江省,杭州市,西湖区
绍兴柯桥北六区,浙江省,绍兴市,柯桥区
浙江省杭州市余杭区南苑街道联胜工业园,浙江省,杭州市,余杭区
山西省晋中市太谷县胡村镇西吾村,山西省,晋中市,太谷县
台州温岭城东街道楼山村0区,浙江省,台州市,温岭市
四季青街道杭海路老保太和,辽宁省,锦州市,太和区
浙江省临海市杜桥镇长清巷00号,浙江省,台州市,临海市
陕西省西安市未央区朱宏路蓝箭小区,陕西省,西安市,未央区
浙江省宁波市鄞州区宁南南路000号裙楼一楼宁波银行股份有限公司江南支行,浙江省,宁波市,鄞州区
长寿南路堇山大厦00楼,重庆市,重庆市,长寿区
浙江省绍兴市诸暨市西二环路新泽苑物业管理处外丰巢智能柜丰巢,浙江省,绍兴市,诸暨市
浙江省嘉兴市桐乡市高桥镇落晚新村000号落晚村村委对面,浙江省,嘉兴市,桐乡市
浙江省-杭州市-市辖区永康市城西工业区花街镇正宇机电圆通快递门口,浙江省,杭州市,市辖区永康市
宁波市鄞州区鄞州商会南楼,浙江省,宁波市,鄞州区
马山镇袍江世纪东街000号,广西壮族自治区,南宁市,马山县
深圳福田区中航都会000A座,广东省,深圳市,福田区
金华义乌市长春六街工人北路000号冠迪足浴,浙江省,金华市,义乌市
杭州市滨江区天恒大厦,浙江省,杭州市,滨江区
金华市东阳市金店工业区,浙江省,金华市,东阳市
杭州市滨江区绿地旭辉城0号楼,浙江省,杭州市,滨江区
乐清市城东街道慎海北路00号电联,浙江省,温州市,乐清市
湖州市吴兴区湖州师范学院东校区000幢,浙江省,湖州市,吴兴区
东部新城昌乐路000号东南大厦00楼,内蒙古自治区,呼和浩特市,新城区
浙江省杭州市浙江省杭州市上城区小营街道梅花碑0号浙江省交通运输厅,浙江省,杭州市,上城区
嘉善西塘开发区亿虎轴承厂,浙江省,嘉兴市,嘉善县
河南省商丘市柘城县胡囊镇后芦三组000号,河南省,商丘市,柘城县
山东省烟台市蓬莱市蓬莱市海悦城小区,山东省,烟台市,蓬莱市蓬莱市
新华街道凤凰北路00号新源雅居-,河北省,石家庄市,新华区
浙江省宁波市海曙区开明街000号AAA专卖,浙江省,宁波市,海曙区
宁波高新区凌云路0000号凌云产业园0号楼00层,广西壮族自治区,百色市,凌云县
临平伊世纪一区00幢0单元,浙江省,杭州市,临平区
浙江省温州市平阳县平阳县泾川中路000号,浙江省,温州市,平阳县平阳县
湖南长沙市开福区湖南省长沙市_开福区湖南省长沙市开福区湘龙路山水湾小区A000栋,湖南省,长沙市,开福区
岳池县石桥街花园住宅小区,四川省,广安市,岳池县
兰州市路桥区峰江街道朝阳村,浙江省,台州市,路桥区
福田区红荔西路0000号,广东省,深圳市,福田区
浙江省温州市乐清市浙江省乐清市柳市镇西仁宕村,浙江省,温州市,乐清市
浙江省杭州市西湖区文三路000号华星科技大厦,浙江省,杭州市,西湖区
柯桥轻纺城北四区一楼,浙江省,绍兴市,柯桥区
湖北省武汉市洪山区南湖玫瑰湾三期000栋,湖北省,武汉市,洪山区
仓前镇余杭塘路0000号,浙江省,杭州市,余杭区
宁波鄞州区雅园南路石矸工业区00栋0楼,浙江省,宁波市,鄞州区
萧山区宁围镇利华路000号恒瑞名座电联,浙江省,杭州市,萧山区
浙江杭州市余杭区文一西路0000号,浙江省,杭州市,余杭区
浙江省绍兴市柯桥区柯岩梅墅水庄南区000栋,浙江省,绍兴市,柯桥区柯岩
金华义乌通汇新村000幢00单元,浙江省,金华市,义乌市
经济技术开发区滨海一道苍兰路000号电联,江苏省,盐城市,滨海县
浙江省温州市苍南县纺织四街00号,浙江省,温州市,苍南县
泗溪镇永安东路00-00号,福建省,三明市,永安市
浙江省宁波市慈溪市慈溪市观海卫镇百力电器,浙江省,宁波市,慈溪市慈溪市
浙江省杭州市上城区龙翔大厦,浙江省,杭州市,上城区
杭州江干区九堡镇圆梦园英梦,浙江省,杭州市,江干区
贵州省铜仁市江口县闵孝镇罗江二组,贵州省,铜仁市,江口县
温州市乐清市盐盘工业区_纬二十路二百六十八号00栋00楼,浙江省,温州市,乐清市
浙江省诸暨市次坞镇里亭村,浙江省,绍兴市,诸暨市
浙江省金华市东阳市江北街道西凤路00号,浙江省,金华市,东阳市
滨江城市花园00号楼九单元,浙江省,杭州市,滨江区
龙泉市工业小区后甸路000号,浙江省,丽水市,龙泉市
南湖区吉安路000号,浙江省,嘉兴市,南湖区
浙江省绍兴市越城区昆仑,浙江省,绍兴市,越城区
浙江省杭州市萧山区市心北路南岸明珠三栋六单元,浙江省,杭州市,萧山区
义乌市国际商贸城四区六楼九街,浙江省,金华市,义乌市
浙江省温州市乐清市乐清市翁街道,浙江省,温州市,乐清市乐清市
金华义乌市童店一区,浙江省,金华市,义乌市
江西省-抚州市-东乡县孝岗镇台湾花园000栋0单元,江西省,抚州市,东乡县
八里店镇前村村西湖漾家园00栋,浙江省,杭州市,西湖区
郑州市管城回族区城南路0号院00号楼0单元号,河南省,郑州市,管城回族区
浙江省宁波市宁海县徐霞客大道000号A00售后服务部,浙江省,宁波市,宁海县
浙江省台州市椒江区市府大道000号波特简爱主题酒店椒江店,浙江省,台州市,椒江区
浙江省温州市鹿城区车站大道金鳞花苑0栋00楼,浙江省,温州市,鹿城区
海宁市长安镇陆泽下水饺,浙江省,嘉兴市,海宁市
浙江省杭州市萧山区井头王000号,浙江省,杭州市,萧山区
平湖市新仓镇建新路000号,浙江省,嘉兴市,平湖市
浙江杭州市杭州市西湖区浙江省杭州市_西湖区转塘镇上城埭,浙江省,杭州市,西湖区
浙江省杭州市拱墅区拱康路000号浙江物产仓储有限公司,浙江省,杭州市,拱墅区
宁波江北区慈城镇慈湖人家西区,浙江省,宁波市,江北区
浙江省温州市鹿城区兴文里000号,浙江省,温州市,鹿城区
浙江省温州市苍南县灵溪镇灵堡小区邮电局0楼,浙江省,温州市,苍南县
湖北英山县温泉镇沿河西路鲁垅巷七栋六楼,湖北省,黄冈市,英山县
江苏省-苏州市-昆山市周市长江北路000号花都艺墅,江苏省,苏州市,昆山市
江苏省淮安市淮阴区渔沟镇汪庄村胡庄,江苏省,淮安市,淮阴区
杭州市余杭区乔司镇葛家村工业园0栋0楼,浙江省,杭州市,余杭区
安陆市金秋大道000号香格里拉小区,湖北省,孝感市,安陆市
温州市瑞安市塘下镇中心中路五洲汽车,浙江省,温州市,瑞安市
北仑区霞浦街道山前村童家000号电联,浙江省,宁波市,北仑区
广西壮族自治区马山县周鹿镇坛沙村慢屯000号,广西壮族自治区,南宁市,马山县
浙江省温州市瑞安市东山经济开发区敬业路肖宅工业区万林鞋业四栋八楼,浙江省,温州市,瑞安市
五常大道联胜路00号云立方三号楼,黑龙江省,哈尔滨市,五常市
江苏省南京市鼓楼区宁海路街道南京市鼓楼区紫峰大厦六楼AAAAAAA,江苏省,南京市,鼓楼区
浙江省台州市玉环县大麦屿普南工业区,浙江省,台州市,玉环县
浙江省杭州市余杭区良渚镇莫干山路0000号,浙江省,杭州市,余杭区
浙江杭州余杭区杭州市余杭区仓前街道吴山前村吴山前000号,浙江省,杭州市,余杭区
力洋镇南部滨海新区金海东路00号,四川省,南充市,南部县
湖州市长兴县泗安镇工业区浙江杰夫特种纤维有限公司,浙江省,湖州市,长兴县
兰州市城关区五泉路城乡设计院院内三单元,西藏自治区,拉萨市,城关区
浙江省宁波江东区中山东路0000弄引凤花园,浙江省,宁波市,江东区
浙江省宁波市江东区书香景苑北区000幢,浙江省,宁波市,江东区
七星街道丽江路000号0幢00楼,广西壮族自治区,桂林市,七星区
广东省广州市花都区狮岭镇山前大道欧洲工业园业仲达皮具,广东省,广州市,花都区
余姚市泗门镇镇北路热处理,浙江省,宁波市,余姚市
浙江省杭州市下城区新华产业园000幢0楼,浙江省,杭州市,下城区
西湖区华星路00-0号凯新通信大厦对面杭州晨宇电联,浙江省,杭州市,西湖区
浙江省宁波市余姚市梨洲街道黄箭山村,浙江省,宁波市,余姚市
浙江省温州市鹿城区潘桥横塘工业区00栋帝森,浙江省,温州市,鹿城区
哈尔滨市香坊区和平路00号,黑龙江省,哈尔滨市,香坊区
江西省上饶市鄱阳县鄱阳镇城北佳苑小区,江西省,上饶市,鄱阳县
浙江省义乌市北苑街道春晗二区0000栋0单元0楼,浙江省,金华市,义乌市
上城区学士路0号浙大医学院附属妇产科医院0楼临床药学室,浙江省,杭州市,上城区
义乌市振兴西路江北下朱000栋,浙江省,金华市,义乌市
杭州道街道天津市塘沽区杭州道碧海兰庭0栋,天津市,天津市,塘沽区
浙江省宁波市鄞州区前河南路000号新洲银座,浙江省,宁波市,鄞州区
四川省成都市锦江区总府路000号总府大厦,四川省,成都市,锦江区
浙江省温州市龙湾区玉苍西路0号,浙江省,温州市,龙湾区
浙江省杭州市萧山区闻堰镇万达路三江花园浦阳苑0栋0单元000000,浙江省,杭州市,萧山区
椒江区机场路景元西苑0号楼,浙江省,台州市,椒江区
春晖工业大道凤凰公寓门卫电联,湖南省,湘西土家族苗族自治州,凤凰县
浙江省宁波市北仑区中国浙江省衢州市常山县,浙江省,宁波市,北仑区
浙江省温州市泰顺县沙竹线,浙江省,温州市,泰顺县
越秀南路0000号三丰机电,广东省,广州市,越秀区
浙江省温州市瓯海区瞿任路0-0号,浙江省,温州市,瓯海区
江西省九江市都昌县大树镇邮政储蓄,江西省,九江市,都昌县
鹿城区飞霞南路置信广场,浙江省,温州市,鹿城区
绍兴市越城区府山西路000号,浙江省,绍兴市,越城区
浙江省杭州市江干区四季青街道钱江新城城星路000号东杭大厦000楼,浙江省,杭州市,江干区
浙江省宁波海曙区蓝天路000号丽园尚都0楼大厅,浙江省,宁波市,海曙区
苍南县灵溪镇东仓路金台宾馆,浙江省,温州市,苍南县
浙江省台州市黄岩区北城街道塔水桥村一区庆丰大道附近后门枫叶设计,浙江省,台州市,黄岩区
广东深圳市福田区彩田北路0000号深圳市中级人民法院,广东省,深圳市,福田区
浙江省嘉兴市平湖市福臻小区,浙江省,嘉兴市,平湖市
浙江省杭州市下城区华中路泰地北上00栋,浙江省,杭州市,下城区
湖州市长江县雉城镇金陵南路,浙江省,湖州市,长江县
千岛湖南山社区南山大街000幢0号楼,黑龙江省,鹤岗市,南山区
温州市瓯海区南白像街道西岸路000号,浙江省,温州市,瓯海区
浙江省台州市临海市花街小区0-00幢,浙江省,台州市,临海市
浙江省杭州市富阳区东洲工业园明星路000号,浙江省,杭州市,富阳区
浙江省宁波市镇海区庄市街道宁大花园000幢三单元,浙江省,宁波市,镇海区
慈溪市杭州湾新区滨海二路0000号,浙江省,宁波市,慈溪市
深大北门东侧粤海门加油站,江苏省,南通市,海门区
兴华街道千山路000号,辽宁省,鞍山市,千山区
浙江温州瓯海区温瞿西路,浙江省,温州市,瓯海区
金华东阳市歌山镇上宅村工业区金隆轻化有限公司电联,浙江省,金华市,东阳市
江苏省连云港市连云区浅水湾陶源,江苏省,连云港市,连云区
温州市苍南县龙港镇江滨路巴黎大厦,浙江省,温州市,苍南县
浙江省杭州市下城区武林路,浙江省,杭州市,下城区
浙江省舟山市普陀区东港街香榭街0000号昌正名都北区,上海市,上海市,普陀区
浙江省杭州市江干区采荷玉荷,浙江省,杭州市,江干区
浙江省杭州市余杭区良渚街道良渚自然村卜家里田畈里00号,浙江省,杭州市,余杭区
温州平阳腾蛟凤翔000号,浙江省,温州市,平阳县
慈溪市龙山镇范市兴市路00号,浙江省,宁波市,慈溪市
遂昌县妙高街道君子路七弄00号,浙江省,丽水市,遂昌县
浙江省杭州市下城区北景园紫荆商街00号,浙江省,杭州市,下城区
滨江区江汉东路迎春北苑,浙江省,杭州市,滨江区
浙江省温州市苍南县龙港镇镇前路000号,浙江省,温州市,苍南县
浙江省台州市路桥区峰江桥洋工业区浙江中港电缆有限公司,浙江省,台州市,路桥区
东阳市江北街道山口友谊路000号,浙江省,金华市,东阳市
双龙湖龙兴街00号力耀国际美容美发会所,广东省,汕头市,龙湖区
浙江省金华市婺城区洋溪镇委白龙桥临江阳光幼儿园,浙江省,金华市,婺城区
浙江省温州市鹿城区解放街000号,浙江省,温州市,鹿城区
苍南县临溪镇大门路,浙江省,温州市,苍南县
浙江省_宁波市_北仑区_中河家园0幢,浙江省,宁波市,北仑区
浙江省宁波市镇海区镇海区钟包路0号合生国际城000幢架空层丰巢,浙江省,宁波市,镇海区镇海区
云南省镇雄县乌峰镇世贵街000号,云南省,昭通市,镇雄县
宁波市海曙区鄞江镇四明东路0000号_君纬电气,浙江省,宁波市,海曙区
浙江省绍兴市新昌县中医院十病区护士站,浙江省,绍兴市,新昌县
瑞安市上望街道八十亩新村瑞安市伟明环保能源有限公司,浙江省,温州市,瑞安市
浙江省台州市路桥区横街镇洋屿村,浙江省,台州市,路桥区
北京市东城区建国门内大街00号交通运输合规划综合处,北京市,北京市,东城区
浙江省金华市义乌市上溪镇新华路000号上溪镇人民政府七楼政法办_,浙江省,金华市,义乌市
杭州市滨江区江南大道000号,浙江省,杭州市,滨江区
宁波市鄞州区高桥镇岐湖村,浙江省,宁波市,鄞州区
浦江西山北路,浙江省,金华市,浦江县
新华路金汉丰家属院门口电联,河北省,石家庄市,新华区
柯桥东交易区三楼,浙江省,绍兴市,柯桥区
空港新区金海二道笫三幢第九层,吉林省,长春市,二道区
浙江省金华市义乌市丹溪五区00幢0单元,浙江省,金华市,义乌市
浙江省宁波市象山县丹东街道新华路,浙江省,宁波市,象山县
广东省深圳市福田区华强北华强广场,广东省,深圳市,福田区
宁波市慈溪市庵东镇庵东工业区环区南路,浙江省,宁波市,慈溪市
浙江省宁波象山县象山县新华路象山书城电联,浙江省,宁波市,象山县象山县
衢州德清县武康镇诗营城顺达路000号,浙江省,湖州市,德清县
柯城区巨化花径,浙江省,衢州市,柯城区
丰庆路天悦时代展示中心附近陆家圩经济合作社商业综合用房0期,甘肃省,甘南藏族自治州,合作市
宁波鄞州区百梁南路000号万科金色水岸0期,浙江省,宁波市,鄞州区
浙江省温岭市横峰街道祝家洋0区,浙江省,台州市,温岭市
浙江湖州长兴县浙江省湖州市长兴县,浙江省,湖州市,长兴县
斗门镇_名城阳光园七栋一单元_,广东省,珠海市,斗门区
杭州江干区九堡镇汽车客运中心站厂大楼,浙江省,杭州市,江干区
浙江省温州市瑞安市浙江省新塍镇申嘉湖高速,浙江省,温州市,瑞安市
浙江省金华市武义县金东路000号,浙江省,金华市,武义县
金华金东区长春西路0000号,浙江省,金华市,金东区
广东省广州市番禺区请务必旺旺联系客服索要正确退货地址,广东省,广州市,番禺区
环城西路真和大酒店00楼,青海省,西宁市,城西区
浙江省温州市洞头县中心街创新巷00弄000号,浙江省,温州市,洞头县
灵官镇湖南省祁东县灵官镇石榴村0组00号,湖南省,衡阳市,祁东县
浙江省杭州市西湖区留下留和路九月森林别墅园林溪园,浙江省,杭州市,西湖区
浙江省温州市乐清市车站路0000号,浙江省,温州市,乐清市
平阳县昆阳镇银都花苑,浙江省,温州市,平阳县
浙江省义乌市后宅街道群英二区000栋00单元0楼,浙江省,金华市,义乌市
浙江省金华市义乌市福田一区00栋0楼,浙江省,金华市,义乌市
浙江省杭州市富阳区鹿山街道富星印刷有限公司,浙江省,杭州市,富阳区
重庆市江津市夏坝镇鸣江村0组000号,重庆市,重庆市,江津市
柯桥区国际物流,浙江省,绍兴市,柯桥区
浙江省温州市瑞安市瑞安市中南村中兴街000号,浙江省,温州市,瑞安市瑞安市
杭州市临安市昌化龙岗镇郡沃村000号,浙江省,杭州市,临安市
浙江杭州市富阳区富阳区富春街道复城国际小区0幢,浙江省,杭州市,富阳区富阳区
浙江省温州市饰品易碎勿摔,浙江省,温州市,
绍兴安昌镇二号桥电信局门口电联,浙江省,绍兴市,柯桥区
安桥港街000号新天地尚座东楼,浙江省,杭州市,上城区
浙江省杭州市古墩路城市心境00幢,浙江省,杭州市,西湖区
临安市万马路与新民街交叉口地上集团售楼中心处,浙江省,杭州市,临安区
闲林镇闲富北路0号赞成乐山红叶,浙江省,杭州市,余杭区
杭州天堂软件园A幢十二楼,浙江省,杭州市,
浙江省江干区简桥镇简丁路00-0号,浙江省,杭州市,上城区
温州市龙港镇大桥西路000号,浙江省,温州市,龙港市
浙江省乐青市石帆街道扑湖二村扑湖路00号,浙江省,温州市,乐清市
春晗四区,浙江省,金华市,义乌市
和睦新村,,,
锦绣路000号锦绣中城大厦,上海市,上海市,浦东新区
浙江省杭州市文三路0000号昌地火炬大厦0号楼00楼,浙江省,杭州市,西湖区
九山路00号农业局,,,
温金公路000弄000号云华鞋厂,,,
江苏省南通市海安县开发区康桥路0号南通市康桥油脂有限公司,上海市,上海市,浦东新区
径山镇龙皇路径山镇镇政府,浙江省,杭州市,余杭区
学林街浙江理工大学00号楼,浙江省,杭州市,钱塘区
木樨园珠江骏景中区0号楼,,,
下沙围垦街0000号汉安园区八楼玛速仓储,浙江省,杭州市,钱塘区
四川省宜宾市上江北酒圣路000号金州酒楼,四川省,宜宾市,叙州区
文晖路000号现代置业大厦东楼,浙江省,杭州市,拱墅区
镇温渎路000号宝汇商务大厦,,,
油车港经济开发区菱坊路0000号00号楼00楼旭创电子,浙江省,嘉兴市,秀洲区
集士港春华路_0幢南0楼_望春科创中心,浙江省,宁波市,海曙区
泰鑫路000号荣盛针织品厂,,,
嘉兴市洪合镇洪运路000号精英二手车,浙江省,嘉兴市,秀洲区
三墩镇吉鸿家园望昕苑三幢二单元,浙江省,杭州市,西湖区
金华孝顺镇车前街0号电联,浙江省,金华市,金东区
稠城街道大塘下新村二区0幢,浙江省,金华市,义乌市
拱宸桥街道杭行路000号,浙江省,杭州市,拱墅区
北白象镇塘下村交通北路000号,浙江省,温州市,乐清市
朗霞街道经00路000号,浙江省,宁波市,余姚市
天中名苑00号楼0单元0楼,浙江省,嘉兴市,南湖区
嘉兴市秀园路0000号00号楼,浙江省,嘉兴市,
华东汽配水暖城00幢华东汽配水暖城-00幢,,,
下里溪工业区牛筋岭,,,
宁波机场,浙江省,宁波市,
浙江省杭州市余杭经济开发区望梅路0000号,浙江省,杭州市,临平区
稠城街道荷叶塘镇金辉路000好,浙江省,金华市,义乌市
陶界岭小区000幢0单元00楼,浙江省,金华市,义乌市
下城区庆春路竹竿巷小区,浙江省,杭州市,上城区
石祥路杭州夹板市场0号门市场00楼启发部,浙江省,杭州市,拱墅区
大溪镇沈岙机电园区超晨泵业,江苏省,苏州市,吴中区
江干区九堡镇格畈南苑联通营业厅,浙江省,杭州市,上城区
前黄新路000号附近葡萄景苑,,,
稔洲区永茂路A号A栋0楼,,,稔洲区
文二西路000号南都银座公寓,,,
柳市镇黄华上岩前村大华路00号,浙江省,温州市,乐清市
嘉北街道金都景苑北景苑00幢,浙江省,嘉兴市,秀洲区
宁波通途路0000号华东物质城东外环市场,江苏省,南通市,崇川区
磐东街道蓝城区乔西村新阳路和泰公馆00楼_,,,蓝城区
宁波市中兴路0000号御珑车行,浙江省,绍兴市,越城区
长河街道秋溢路0000号西可科技园0号楼00楼,广东省,深圳市,南山区
格兰春天三期铂园000幢,浙江省,宁波市,鄞州区
江东街道宗塘二区00区0单元,浙江省,金华市,义乌市
华光路与高银街交叉口十三湾巷000幢,浙江省,杭州市,上城区
温州浙南鞋料市场A区,浙江省,温州市,
杭州市萧山经济技术开发区建设二路嘉利公寓00栋,浙江省,杭州市,萧山区
招商路000号浙江明泰标准件有限公司,浙江省,,
黑龙江大庆市乙烯兴华村0000楼0单元,黑龙江省,大庆市,龙凤区
许村镇沈士环镇路00号厂部0楼,浙江省,嘉兴市,海宁市
婺江路000号近江时代大厦,浙江省,杭州市,上城区
下沙启潮路000号百联奥特莱斯布克兄弟,浙江省,杭州市,钱塘区
湖州市织里镇大港北路000号,浙江省,湖州市,吴兴区
潮鸣街道建国北路华源发展大厦,浙江省,杭州市,拱墅区
浙江省宁波市新江北路,浙江省,宁波市,
莫干山路0000号佳源银座,浙江省,杭州市,拱墅区
江苏南通市百安谊家地板城圣达地板,江苏省,南通市,
江东街道下湾三栋四单元二楼,浙江省,金华市,义乌市
濮院镇创新园0幢0楼,浙江省,嘉兴市,桐乡市
浙江省台州市经济开发区滨海工业园区海昌路0000号,浙江省,台州市,椒江区
聚贤路0000弄00楼000层,浙江省,宁波市,鄞州区
采育镇科技园区中路0号世纪卡姿服饰有限公司,广东省,深圳市,南山区
礼物是南下朱A区000栋,浙江省,金华市,义乌市
浙江省奉化市萧王庙街道西江村,浙江省,宁波市,奉化区
螺洋街道火炬村0区,,,
塘南路000号名人居纺织有限公司,,,
杭州市下沙开发区松乔路00号,浙江省,杭州市,钱塘区
宁波下应紫郡小区紫城路000号,浙江省,宁波市,
浙江省杭州市经济开发区松乔街0号000栋,浙江省,杭州市,
良渚镇近山工业区杭州先创热熔设备厂,浙江省,杭州市,余杭区
罗星街道嘉华春晓00幢,,,
建国北路0000号,浙江省,杭州市,拱墅区
小榄镇北区喜来街一巷00号,广东省,中山市,
稠城街道兴中小区,浙江省,金华市,义乌市
靖城街道浦滨大道厂房A区,,,
进化镇墅上王天康空气滤网厂,,,
浙江省杭州市新文路000号0号楼,浙江省,杭州市,
工业东路000号皇尚旗舰店,,,
浙江省杭州市下沙多蓝水岸碧海苑,浙江省,杭州市,钱塘区
浙江省丽水水阁绿谷大道,浙江省,丽水市,莲都区
宁波地区阳明西路000号余姚科邦粉末冶金公司,浙江省,宁波市,
南阳街道横蓬村00组航华实业飞宇伞厂,浙江省,杭州市,萧山区
浙江省杭州市浙大紫金港月牙楼,浙江省,杭州市,西湖区
浙江省杭州市莫干山0000号,浙江省,湖州市,德清县
岐支路誉信达家电物流园0栋00层,,,
绍兴市城南街道九里老车管所对面,浙江省,绍兴市,越城区
江东区新天地东区九栋_,,,江东区
浙江杭州市星桥广厦天都城爵士花园,浙江省,杭州市,临平区
仙岩街道沈岙桥沈岙小学后门康丽鸟旗舰店,,,
惠风西路城南商务大厦A座,江苏省,苏州市,吴中区
庆春东路0号邵逸夫医院0号楼A层,浙江省,杭州市,上城区
好运路千年舟创业园00栋00楼,,,
大唐镇路西新村巨恒针织,上海市,上海市,浦东新区
爱路办事处和谐福园A栋0单元,,,
浙江省杭州市临平世纪大道良熟新苑,浙江省,杭州市,临平区
百姓家园00幢0单元,,,
古墩路同人广场A座00楼,浙江省,杭州市,西湖区
莫干山路0000号泰嘉园A座,浙江省,杭州市,拱墅区
温州市瓯北镇龙桥北街,浙江省,温州市,永嘉县
宁波市集士港镇郑家漕印刷厂,浙江省,宁波市,海曙区
杭州市杭州城北_石祥路0000号海外海酒店用品商城,浙江省,杭州市,拱墅区
杭州威仕顿环境设备有限公司,浙江省,杭州市,
金华宾虹路0000号福泰龙六楼报喜鸟专柜,浙江省,金华市,婺城区
杭州市留和路0000号浙江科技学院电气学院,浙江省,杭州市,西湖区
兴中小区00幢-,浙江省,金华市,义乌市
原野汽配城0幢关亨美学木作,,,
浙江省宁波市中山东路0000号银泰百货一楼AA专柜,浙江省,宁波市,
浙江温州娄桥上汇工业区集光路000号,浙江省,温州市,瓯海区
横店镇下莲塘工业区_红星二路000号,浙江省,金华市,东阳市
东孚山边中路000号一楼,,,
丽青路0000号浙西南农贸城00幢0楼,,,
浙江省温州鳌江镇柳下路,浙江省,温州市,平阳县
蟠洋山路000号_志红食品店,,,
温州郭溪镇凰桥村凰桥街,浙江省,温州市,瓯海区
湖州街0000号天邑国际0幢00楼,浙江省,湖州市,
银苑小区000幢0单元,,,
锦湖街道虹北小区0路公交车始发站,,,
娄桥街道娄桥村中院教工宿舍A栋,浙江省,温州市,瓯海区
街道辽洋村美多机车边上博泰伦自动化设备有限,,,
飞云镇南港工业区立林机械有限公司,浙江省,温州市,瑞安市
江干区山西路00号老东升小商品市场,浙江省,杭州市,上城区
深圳市人民医院外科大楼A区0楼肛肠外科00号床,广东省,深圳市,罗湖区
杭州市五星村泥河村0000号,浙江省,杭州市,
洋龙工业区半掘浦沿申花电器,,,
北白象镇赵家硐村深度连接,浙江省,温州市,乐清市
定山湖镇双马路九号普洛斯物流园A库唯品会华东物流中心,,,
浙江省绍兴市浙江省农业大学暨阳学院,浙江省,绍兴市,诸暨市
浙江汇凯园林市政有限公司,浙江省,,
中河中路0000号绿都大厦00楼,浙江省,杭州市,上城区
宁围镇通惠北路利华路往东000米中通云仓右栋四楼,,,
浙江省奉化市岳林街道舒前村00组000号,浙江省,宁波市,奉化区
稠州西路0000号-,浙江省,金华市,义乌市
新中路与新前路交叉口北000米怡君家园-西门,,,
镇北路00号冠元食品有限公司,,,
温州双屿双岙北头南路000号,浙江省,温州市,鹿城区
文化街道西园小区000号楼担保大厦,,,
浙江省杭州市延安路0000号,浙江省,杭州市,上城区
浙江省湖州市七里亭路,浙江省,湖州市,
柳青路0000号洋河超市后门00楼厂房,浙江省,金华市,义乌市
掌起镇工业园区北二环路000号格仕尼A店,江苏省,苏州市,吴中区
城南街道市场路绿源冷库00号楼00楼,浙江省,绍兴市,越城区
蒲州街道雁荡西路000号_金伦花园00幢,,,
浙江省绍兴市陶朱街道丰北路0号,浙江省,绍兴市,诸暨市
金世纪铭城000幢,,,
凯旋路000号四季青大酒店,浙江省,杭州市,上城区
丁桥镇建塘家苑0栋0单元,,,
南滨街道大池头村后屋路000号,,,
杭州市石桥街道永华街慈养医院,浙江省,杭州市,拱墅区
下沙街道下沙经济开发区0号大街000号路口,浙江省,杭州市,钱塘区
北苑春晗路00号芬莉集团00号楼00楼佑游泳装,浙江省,金华市,义乌市
中河中路000号绿都大厦0楼,浙江省,杭州市,上城区
宁夏吴忠市青铜峡镇解放路000号,浙江省,杭州市,上城区
金华万春东路00号永康报社电联,浙江省,金华市,
浙江省文一西路东海明仕家园,浙江省,杭州市,余杭区
下沙天城东路中沙时代银座00楼,浙江省,杭州市,钱塘区
山东腾远建材科技股份有限公司,山东省,临沂市,
钱湖北路0000号奥丽赛大厦,湖北省,,
文一西路湖畔花园龙珠苑,浙江省,杭州市,余杭区
江干区市民街000号航空大厦0幢,浙江省,杭州市,上城区
金柯大道0000号0栋,,,
镆剑山水沟头村0号梁周先旁河前面,,,
红十五线0000号传化物流公路港汽配区鑫鑫蓬布,,,
滨文路滨文苑,,,
人瑞路000号摩雅国际名店,,,
杭州凤起东路000号天星龙大厦-00楼,浙江省,杭州市,上城区
灵溪镇银泰步行街A0-000号,浙江省,温州市,苍南县
笛杨路昌隆大厦,,,
杭州学院路00号集锦饭店00号楼电联,浙江省,杭州市,西湖区
湖州市织里镇凯东二路南幢,浙江省,湖州市,吴兴区
万塘路000号计量大厦,浙江省,杭州市,西湖区
安徽合肥市新站综合开发实验区东方大道与铜陵北路交叉口合肥三利谱项目部,安徽省,合肥市,瑶海区
杭州杭海路000号植物保护站内,浙江省,杭州市,上城区
湖州市双林镇莫蓉毛纺二区,浙江省,湖州市,南浔区
转塘街道斗门路杭州转塘朗郡,浙江省,绍兴市,越城区
余姚市余姚泗门镇东蒲村村委附近,浙江省,宁波市,余姚市
国际商贸城,浙江省,金华市,义乌市
艮山支三路聚落0号创意产业园0号楼0楼森禾,浙江省,杭州市,上城区
黑龙江省大庆市新城枫景小区东大门南恻尚服楼,黑龙江省,大庆市,龙凤区
宁波钟公庙慧灯寺碧云天小区,浙江省,宁波市,
湖州武康镇英溪南路中利达花园000栋,浙江省,湖州市,德清县
国际商贸城四区,浙江省,金华市,义乌市
杭州大厦一楼AAAAA,浙江省,杭州市,
下沙开发区0号大街000号企业杭州市高科技企业孵化器有限公司,浙江省,杭州市,钱塘区
祥溪中心村城乡规划设计院,,,
高新区聚贤路000弄研发园A00栋000楼,浙江省,宁波市,鄞州区
麻步镇下泛村北路000号温平花边厂,,,
宁波宁波市奉化市体育场,浙江省,宁波市,奉化区
国际生产资料市场0区0街,浙江省,金华市,义乌市
新塘街道琴山下社区工业园0楼二楼,,,
江干区意法服饰城,浙江省,杭州市,上城区
辛庄镇杨园黄泥斌路幸福化工厂旁嘛先生电子商务公司,江苏省,南通市,崇川区
寮步镇嘉湖山庄,广东省,东莞市,
菀坪镇西路新湖工业区,江苏省,苏州市,吴江区
乔司镇方桥村孟沙路000号博卡工业园0幢0楼习小姐,浙江省,杭州市,临平区
临浦镇柏山陈村杭州发达电器配件厂,广东省,佛山市,顺德区
学院路00号德力西大厦0高楼0楼港贸宝,浙江省,杭州市,西湖区
浙江省玉环县清港镇宏苔路0000号,浙江省,台州市,玉环市
西兴街道寰宇天下A区00幢0单元,,,
皋埠镇皋北工业区振德三厂,浙江省,绍兴市,越城区
清江路000号中星外贸,浙江省,杭州市,上城区
玉环县清港浙江大风范家具有限公司,浙江省,台州市,玉环市
杨府山路000号温州市良荣汽车修理厂,浙江省,温州市,
江干区新塘路000号国美电器龙生冰箱,浙江省,杭州市,上城区
南洋新村-,,,
半山街道半山桥建工路0号,浙江省,杭州市,拱墅区
杭州转塘镇赞成岭上花苑,浙江省,杭州市,西湖区
浙江省佛堂镇五洲大道秋甜红糖厂,浙江省,金华市,义乌市
祥茂路华滋科欣设计创意园0号楼,浙江省,杭州市,拱墅区
温州市滨海园区八路钜裕机械,江苏省,苏州市,吴中区
中国浙江省湖州市吴兴区高新园区环渚路0000号沪升电器内,浙江省,湖州市,吴兴区
新浦镇荣誉村罗家丁000号,浙江省,温州市,泰顺县
天目山路000号聚丰公寓三号楼八单元,浙江省,杭州市,西湖区
四季青新中洲二楼,,,
周安路0000号中安市场000幢,浙江省,嘉兴市,秀洲区
花果园社区服务中心花果园A区000栋0单元,贵州省,贵阳市,南明区
华中南路汇丰里公交车站旁驰诺汽修,浙江省,杭州市,上城区
仙林苑000幢_,,,
园岭街道百花二路长城大厦二栋,广东省,深圳市,福田区
金地自在城0期000幢,,,
宁波群力紧固件制造有限公司宁波群力紧固件制造有限公司,浙江省,宁波市,
温州市水心隔岸路荣军公寓,浙江省,温州市,
恒业大厦00楼,,,
楚门镇小桥头0号白色别墅,浙江省,台州市,玉环市
古荡街道通普路中天AAA大厦0幢,,,
佛堂镇义南工业区达摩路000号,浙江省,金华市,义乌市
郭溪街道霞景小区00栋,浙江省,温州市,瓯海区
近江时代大厦A座00楼,浙江省,杭州市,上城区
车站大道0000号人事服务中心,,,
远洋乐堤港0A,,,
浙江省富阳市桂花路,浙江省,杭州市,富阳区
丹霞路银来大厦A栋,,,
浙江湖州菱湖思溪老街000号,浙江省,湖州市,南浔区
岩泉街道汇隆五金城八栋,浙江省,丽水市,莲都区
五星路000号瑞晶大厦,,,
麓谷街道高新区旺龙路000号辰泰科技园A栋0楼,湖南省,长沙市,岳麓区
永嘉县永嘉上塘镇永建路0000号小塘小区,浙江省,温州市,永嘉县
浙江省温州市请确认物品完好再行签收,浙江省,温州市,
西园0路0号奥强实业0幢0楼,,,
五乡镇五乡中路0000号建行五乡支行,,,
北城街道学苑北路恒大绿洲00号楼,,,
廿三里街道下娄新村000幢原野教育,浙江省,金华市,义乌市
后宅遗安二区000栋,,,
浙江余姚市城区经济开发区城东新区冶山路0000号五彩城八楼,江苏省,南通市,崇川区
稠江街道新屋新村新屋路00号,浙江省,金华市,义乌市
虎泉地铁站凯乐桂园00栋,,,
皋埠镇吼山村塔墩路东00号,浙江省,绍兴市,越城区
临安市大学路平山新村,浙江省,杭州市,上城区
新天地跨贸小镇00幢,,,
拱北街道拱北岭秀城摩尔广场0单元,,,
马桥经编总部大楼,上海市,上海市,闵行区
同协路000号00号楼0楼杭州环众电子设备有限公司,浙江省,杭州市,上城区
祥茂路00号威格科技园A座,浙江省,杭州市,拱墅区
宁围镇桥园路000号中铁九局,,,
杭大路00号嘉华国际商务中心,,,
九堡镇华贸鞋城,浙江省,杭州市,上城区
毛衫城工业园区恒居路000号,江苏省,苏州市,吴中区
莫干山路与花园岗街复地壹中心,浙江省,杭州市,拱墅区
浙江省温州市潘桥镇仙门村000号,浙江省,温州市,瓯海区
大沥镇雅瑶绿洲A00栋二楼,广东省,佛山市,南海区
延安路0000号武林银泰素然专柜,浙江省,杭州市,上城区
四季青常青八楼,,,
经十二路00号双伟电器0楼默希贸易,,,
宏业村街道天湖国际A区0号楼0单元,,,
闻堰镇湘湖人家中鼎苑000幢,,,
宏都小区000栋六单元,,,
浙江省湖州市环城东路0000号,江苏省,南通市,崇川区
湖州织里_永康路_,浙江省,湖州市,吴兴区
钱湖大道000-000号人民法院东钱湖人民法庭,浙江省,宁波市,鄞州区
朝晖路0000-00号青少年,浙江省,杭州市,拱墅区
宁波奉化高新技术园区汇潜路000号,江苏省,苏州市,吴中区
乔司街道艺尚小镇000号楼西,浙江省,杭州市,临平区
新疆乌鲁木齐市大湾北路0000号西域轻工基地酒店总台,新疆维吾尔自治区,乌鲁木齐市,
浙江省平湖市经济开发区昌盛路000号内0000厂房,浙江省,嘉兴市,平湖市
浙江衢州市下街00号农行衢州分行运营管理部,浙江省,衢州市,
浙江省金华市永康市经济开发区皇城北路0000号,浙江省,金华市,
梨洲街道新墅村奥胜电机,,,
嘉兴市王江泾镇国际商贸区,浙江省,嘉兴市,
浙江省杭州市杭海路0000号,浙江省,杭州市,上城区
横燕子弄,,,
浙江省湖州市红旗路0000号湖州市中心医院,浙江省,湖州市,吴兴区
瓜沥镇坎山群谊村000号,,,
燎原街道哈尔滨工程大学十一公寓,黑龙江省,哈尔滨市,南岗区
高新区翡翠湾0号楼,,,
建设三路中港电子商务园0号电梯,,,
杭州古墩路丹枫新村,浙江省,杭州市,西湖区
人民西路00号佳顺职业服,,,
上海市申富路0000号,上海市,上海市,闵行区
龙金大道温州礼品城家居礼品市场A区,浙江省,温州市,
坂田街道环城南路专职消防队,广东省,深圳市,龙岗区
奉化市西坞街道肖桥路000号,浙江省,宁波市,奉化区
温州市大南门龙泉公寓八幢,浙江省,温州市,
胶南市藏南镇曾家官庄000号,,,胶南市
绍兴袍江大润发乖乖狗童装店,浙江省,绍兴市,越城区
安徽省宿州市萧县经济开发区,安徽省,宿州市,
浙江省杭州市钱江农场富裕路伟丰机械,浙江省,杭州市,
古墩路新金都城市花园嘉南苑电联,浙江省,杭州市,西湖区
广东省中山市火炬开发区厨邦路0号广东美味鲜调味食品有限公司销售行政部,广东省,中山市,火炬开发区
西园路00号博科大厦A座,,,
西樵镇上金欧南乡村新街0号,广东省,佛山市,南海区
镇宁西路浙江纺织服装技术学院浙江纺织服装技术学院-时装学院,浙江省,,
濮院镇永越新村后门,浙江省,嘉兴市,桐乡市
宁波市北区大港中路000号八楼,浙江省,宁波市,
建国北路0000号宝善公寓0幢,浙江省,杭州市,拱墅区
稠州北路0000号金茂大厦二楼,浙江省,金华市,义乌市
下沙经济技术开发区0号大街与0号大街交叉口,浙江省,杭州市,钱塘区
范蠡路000号绍兴世茂假日酒店,浙江省,绍兴市,越城区
宁波市集士港万众村王家00号,浙江省,宁波市,海曙区
中韩街道桐岭路金岭花园A区北门00号楼,山东省,青岛市,崂山区
文一西路0000号杭师大科技园,浙江省,杭州市,余杭区
南环路0000号保亿创艺大厦,,,
泺源大街0号_新天地院内_龙虾第一店,,,
杭州南环路绿都嘉富广场,浙江省,杭州市,
下王三区000栋四单元,浙江省,金华市,义乌市
瓜沥镇八里桥村00组000号,,,
新南路000弄000号,,,
浙江省宁波市第二医院00号楼00楼,浙江省,宁波市,
艮山流水西苑00幢0单元,浙江省,杭州市,拱墅区
大成东路000号奉化市城投商务大厦,浙江省,宁波市,奉化区
三墩镇甲来路墩莳家园00栋,浙江省,杭州市,西湖区
杉杉科创园科创南路0000号0懂-0楼,,,
新开铺街道二豹子合公文站右面长运锦园,,,
嘉兴市中环西路0000号,浙江省,嘉兴市,秀洲区
大教场沿000号中国银行,,,
松门镇文化路00号波司登,,,
天宫院街道保利春天里00号楼0单元,北京市,北京市,大兴区
苏州工业园区苏州大道西00号,江苏省,苏州市,吴中区
浙江省舟山市体育路0000号000幢,浙江省,舟山市,
暨阳路0000号日森大厦000楼,浙江省,绍兴市,诸暨市
南白象金竹工业区霞金路000-00号,浙江省,温州市,瓯海区
新群路0000号承源云仓库六楼,,,
九堡镇德胜东路0000号四季青服装大市场,浙江省,杭州市,上城区
水阁工业区遂松路0000号,浙江省,丽水市,莲都区
文一西路0000号恒生科技园00号楼00楼财务室,浙江省,杭州市,余杭区
天城路范家苑小区00栋0单元0号门,浙江省,杭州市,上城区
九曲营路000号九曲营小区,,,
双井头新村-0000幢,,,
武康镇长虹东街0000号0幢0楼,浙江省,湖州市,德清县
江东街道青岩刘A区000栋0单元00楼,浙江省,金华市,义乌市
金华金华白龙桥金龙路000号,,金华市,
洞头县北岙镇海天佳境,浙江省,温州市,洞头区
浙江省绍兴市绍兴滨海新城渔舟路00号,浙江省,绍兴市,
巨坤工业品机电市场中,,,
山东省文登市侯家镇侯家村,山东省,威海市,文登区
国际商贸城00号门0楼00街,浙江省,金华市,义乌市
金华市工业园区甘溪路000号,江苏省,苏州市,吴中区
下沙路0000号邵逸夫医院下沙院区行政楼,浙江省,杭州市,上城区
后宅街道洪华小区000栋00单元,浙江省,金华市,义乌市
吴宁西路红椿广场本照古茶,,,
廿三里工业区思远路0000号赛日机电有限公司七楼深情喜铺,浙江省,金华市,义乌市
沿江镇亭山村大闸路00号朵纳卫浴有限公司,,,
彭埠镇备塘中路00号,浙江省,杭州市,上城区
五金城二期七街00-00号三和气动,,,
湖州市埭西镇上强工业区国道北路000号,浙江省,湖州市,南浔区
中春路0000号A栋,,,
宁波市婺州街000号新天地大厦A座00楼,浙江省,宁波市,
石桥路000号杭州联合银行,浙江省,杭州市,拱墅区
望到路倍力健身,,,
三里家园二小区,浙江省,杭州市,拱墅区
乔司镇石塘一路00号0幢0楼,浙江省,杭州市,临平区
穗达路000号浩闳玻璃制品有限公司,,,
浙江省上虞市东关街道凌江村移民新村,浙江省,绍兴市,上虞区
浙江省杭州市临安市工业园区,江苏省,苏州市,吴中区
杭州清江路000号清泰商务楼,浙江省,杭州市,上城区
乍浦天妃路,,,
浙江省嘉兴市青年路000号,浙江省,嘉兴市,
宁波环城西路南段白云山庄00号别墅,浙江省,宁波市,
翠苑东二区-,浙江省,杭州市,西湖区
双屿客运中心温州电子信息城00栋,浙江省,温州市,鹿城区
连园商铺杭州莱特单车,浙江省,杭州市,
柯北贸易中心南区,浙江省,绍兴市,柯桥区
江干区同协路龙湖名景台北苑,浙江省,杭州市,上城区
祥园路0000号浙大网新智慧立方A座,浙江省,杭州市,拱墅区
广厦街道汕头市金新北路嘉顿小镇东区0幢,广东省,汕头市,
丈八沟街道科技六路木塔寺公园旁边电动车修理部,,,
桥头镇烟墩村桥头路000弄000号对面,,,
浦沿街道东信大道0000号,,,
九堡镇乔下线000号杭现汽配仓库,浙江省,杭州市,钱塘区
江干区围垦街0000号百事快递分拨中心,浙江省,杭州市,钱塘区
笕桥镇大世界五金城000幢,浙江省,杭州市,上城区
学院路000号_宁波来福,浙江省,杭州市,西湖区
廿三里街道王店村殿口00号,浙江省,金华市,义乌市
北白象镇金炉铁皮市场00栋,浙江省,温州市,乐清市
漓渚镇中义村志根针织八楼,浙江省,绍兴市,柯桥区
藤桥镇岸村观蒲路000号,浙江省,温州市,鹿城区
南纬西路000号艾仕顿马丁,,,
四季青苏杭首站00A,,,
长河路0000号拓森科技园0号楼00楼A座,广东省,深圳市,南山区
华玉路0000号惠美旅游用品公司,,,
东信大道钱江湾花园000幢,,,
浙江省老浙大直路00号,浙江省,杭州市,上城区
凯旋街道景芳三区00幢0单元,浙江省,杭州市,上城区
文新街道文一西路0000号伊芙丽,浙江省,杭州市,余杭区
永中西路0000号,,,
南鉴大转盘向东000米南四幢0楼,,,
东渡路000号华联写字楼,浙江省,宁波市,江北区
万塘路古荡湾新村0幢0单元,浙江省,杭州市,西湖区
北苑街道春晗路00号新芬莉集团行政楼三楼,浙江省,金华市,义乌市
金石花苑000幢,,,
流亭街道国际机场东首创空港国际中心0号楼,山东省,青岛市,城阳区
城新小区A区0幢前门对面,,,
浙江省杭州市余杭镇溪塔村爱国组玉塘湾,浙江省,杭州市,余杭区
良渚街道行宫村00组庞家门,浙江省,杭州市,余杭区
浙江省宁波锦苑东巷民安商务大楼,浙江省,宁波市,
台州楚门镇胡新工业园区欧兴铜业有限公司,江苏省,苏州市,吴中区
康桥街道康中路000号0号楼0楼,上海市,上海市,浦东新区
戈雅公寓0栋0单元,,,
下沙电子商务园0号楼A区,浙江省,杭州市,钱塘区
袍江工业区中兴大道0000号,浙江省,绍兴市,越城区
下沙街道下沙开发区0号大街0000号,浙江省,杭州市,钱塘区
虞山镇黄河路老欧尚肯德基,,,
浙江省临安市太阳镇上庄村博远,浙江省,杭州市,临安区
稠江街道杨一村00栋0单元,浙江省,金华市,义乌市
西溪国际商务中心A幢00楼,浙江省,杭州市,西湖区
松岗红星格布商业大厦,广东省,深圳市,宝安区
浙江杭州萧山区开发区市心北路000号雷迪森财富中心,浙江省,杭州市,萧山区
银都路0000弄00号,,,
鸿达路0000号杭州造寸服饰,浙江省,杭州市,
温州市东门步行街000号,浙江省,温州市,
明显是宽容更新世纪会立即,浙江省,金华市,义乌市
中兴路华宏国际中心-,浙江省,绍兴市,越城区
壶厅西路000号楚楚调味粮油批发中心,,,
中瑞星河湾景园,,,
开元北街思源路0000号浩翔科技城,,,
北城街道长塘村大桥路0000号,,,
利尔达科技园,广东省,深圳市,南山区
东渡路00号世贸中心00楼A00宁波富岛贸易有限公司,浙江省,宁波市,江北区
温州商贸城粗纺街,浙江省,温州市,
下沙月雅路银沙商贸城00楼A区,浙江省,杭州市,钱塘区
娄桥社叶村振社东路000号,浙江省,温州市,瓯海区
永强大道0000号七三大楼,,,
浙江省湖州市飞英家园,浙江省,湖州市,吴兴区
杭州景芳六区,浙江省,杭州市,上城区
亚太路0000号A座00A,,,
台湾工业园区政通路000号锦成进出口有限公司,江苏省,苏州市,吴中区
江干区德胜东路0000号,浙江省,杭州市,上城区
锦城街道临天路0000号农工商超市,,,
东新路0000号中大银泰八层,浙江省,杭州市,拱墅区
瞿溪镇三溪工业区瞿任中路七楼路易克思,浙江省,温州市,瓯海区
紫藤别院00号楼0单元000室,上海市,上海市,闵行区
湖南省祁阳县羊角塘镇狮城一组,湖南省,永州市,祁阳县
高翔路0000号0楼,,,
梦想小镇良睦路0000号,浙江省,杭州市,余杭区
后珠辰秀嘉苑,,,
宁波余姚市经济开发区凤仪路000号浙江虹源公司,浙江省,宁波市,余姚市
湖州市织里镇长安西路0000号,浙江省,湖州市,吴兴区
南郊工业区洛河路00号浙江意迈达鞋业有限公司,浙江省,金华市,婺城区
秋滨街道八达中路000号,,,
温州市南浦二区书声,浙江省,温州市,鹿城区
下城区文晖路0000号紫庭花园,浙江省,杭州市,拱墅区
温州瞿溪镇巨溪大酒店电联,浙江省,温州市,瓯海区
海云路0号卡森卫星城王庭世家,,,
北京市博冠望远镜授权旗舰店,北京市,北京市,
桥下镇湾工业园区科普达教仪有限公司四楼铁件,江苏省,苏州市,吴中区
绍兴浙江省绍兴时代广场A座,浙江省,绍兴市,
绍兴袍江世纪广场凯旋路00号,浙江省,绍兴市,越城区
世纪汽车市场四楼,,,
和济街0000号交通大厦00楼,,,
塘栖南茗苑,浙江省,杭州市,临平区
白泉新港工业园区大成八路,浙江省,舟山市,定海区
笛扬路步行街0000号文革金店,浙江省,绍兴市,柯桥区
东大中路浙江荣鑫燃气表有限公司,浙江省,,
龙回三区00栋00单元,,,
金贤路000号格兰晴天00幢,,,
白雪路五金市场0楼,,,
红普路0000号汇禾禧福汇0幢,,,
大杨镇紫衫路000号万科森林城朗庭,浙江省,湖州市,长兴县
浙江省金华市其它区商城A区,浙江省,金华市,
杭海路0000号三堡互联网产业大厦A座,浙江省,杭州市,上城区
江干区下沙区保利江语海,浙江省,杭州市,钱塘区
凯旋路0000号奥嘉针织纺配,浙江省,杭州市,上城区
幸福东路0000号浙江浙南机车业有限公司,江苏省,南通市,崇川区
茶山街道采华路0号常州纺兴精密机械有限公司,江苏省,常州市,武进区
九江镇泉水园社区0组万百路,江西省,九江市,浔阳区
中国服装城A区0楼南,,,
赤岸镇毛店五指山路000号,浙江省,金华市,义乌市
江东街道塘溪东路00号,浙江省,金华市,义乌市
水头镇鸣溪村桥中一巷0号,浙江省,温州市,平阳县
重庆市县花桥镇师联村六组00号,重庆市,重庆市,
广东省东莞市东莞市东莞市大岭山镇大沙路000号,广东省,东莞市,
浙江省温州市龙湾区高薪技术旭视科技,浙江省,温州市,龙湾区
安徽省蚌埠固镇县全民创园润安服饰有限公司,安徽省,蚌埠市,
体育场路0000号_海王星辰,浙江省,杭州市,拱墅区
丽水龙泉宝剑园区南秦联建房,浙江省,丽水市,龙泉市
四季青常青八楼,,,
泰隆街0000弄0幢,,,
浙江省杭州市解放路000号星河商务大厦,浙江省,杭州市,上城区
草荡漾路000号浓浓新大楼五楼一丝牵售后部,,,
蓝天路000号丽园尚都A0座,,,
四川省成都市香年广场-00楼,四川省,成都市,
柳市镇车站路00-00号,浙江省,温州市,乐清市
杭州乔司三鑫工业园0栋0楼,浙江省,杭州市,临平区
绍兴市生态产业园铁弋钉业,浙江省,绍兴市,
凤桥镇凤篁路000号创杰电子科技有限公司,,,
浙江省江干区九堡格畈工业园0号楼,浙江省,杭州市,上城区
中河中路000号国际旅行卫生保健中心0楼,浙江省,杭州市,上城区
下城区凤起路0000号电联,浙江省,杭州市,拱墅区
杭海路新中洲服饰城富三楼,浙江省,杭州市,上城区
江干区富春路000号万象城0层,浙江省,杭州市,上城区
四季青常青服饰市场,,,
九堡圣奥领寓00幢0单元,浙江省,杭州市,上城区
温州大道000号浙江欧龙汽车有限公司,浙江省,温州市,
贵州盘县马场乡转山地村0组,贵州省,六盘市,盘州市
始丰街道溪林春天物业,,,
奉化市西坞街道白杜村街西河东,浙江省,宁波市,奉化区
蛇口工业八路0000号0栋,广东省,深圳市,南山区
药行街000号灵桥广场,,,
绍兴袍江工业区育贤路天一小区,浙江省,绍兴市,越城区
江干区建福路000号万科紫台,浙江省,杭州市,上城区
下城区凤起路00号中青旅会展中心,浙江省,杭州市,拱墅区
轻纺市场北五区五楼,浙江省,绍兴市,柯桥区
宁波东渡路000号世贸中心00楼,浙江省,宁波市,江北区
南马镇南田村马田路龙财管道,,,
象南东路00号北白象镇地税局,浙江省,温州市,乐清市
朝晖路0000号国都发展大厦0号楼,浙江省,杭州市,拱墅区
河海街道嘉汉江路0000号金城大厦,江苏省,常州市,新北区
衢州江东大道紫荆园,浙江省,衢州市,衢江区
织里镇阿祥路0000号0楼,浙江省,湖州市,吴兴区
掌起镇河南路向南到头左转过桥第二家仓库,浙江省,宁波市,慈溪市
杭州锦益生物科技有限公司,浙江省,杭州市,
江干区下沙0号大街0号路口物美超市半岛银饰电联,浙江省,杭州市,钱塘区
杭州市闻堰镇五_格力空调,浙江省,杭州市,
景宜路000号怡和园,,,
湘云雅苑,,,
宁波市鄞州经济开发区双辰北路0000号,浙江省,宁波市,鄞州区
盛世天城二期000幢,浙江省,宁波市,鄞州区
陵东街道鸭绿江街富丽阳光0期000号楼,辽宁省,沈阳市,皇姑区
协和西路000号莱菲特针织有限公司,,,
文三路0000号华星时代广场A座,浙江省,杭州市,西湖区
浙江省湖州市广场后路全民健身中心游泳馆三楼贝贝王国儿童生活馆,浙江省,湖州市,吴兴区
将军路000号浙江省电信有限公司,浙江省,,
当湖街道_顾家廊下东梯,浙江省,嘉兴市,平湖市
武康英溪南路营盘小区,浙江省,湖州市,德清县
朝晖路000国都发展大厦0号楼00楼,浙江省,杭州市,拱墅区
绍兴袍江开发区汤公路00号绍兴涂得隆化工有限公司,浙江省,绍兴市,越城区
浙江省宁波市环城北路00号金鹰驾校门卫,浙江省,宁波市,
朗霞街道天华工业小区河山伟业,浙江省,宁波市,余姚市
机场路里街00号紫薇公寓,广东省,广州市,白云区
浙江省绍兴市嵊州市三江园区,浙江省,绍兴市,嵊州市
新塘锦绣新天地00栋,,,
浙江省临安市河桥镇中鑫村,浙江省,杭州市,临安区
景山街道过境公路0000号,浙江省,温州市,瓯海区
瓜沥镇长巷村鱼港路00号,,,
大溪镇大溪北路000000号,浙江省,台州市,温岭市
江湾镇街道虹湾路00弄00号,,,
下沙经济开发区00号大街凌号路,浙江省,杭州市,钱塘区
市心中路0000号银隆百货A0AAA专柜,,,
蓝天市心广场五号楼,,,
纺织街道金色家园,,,
梧田工业小区金迪路一号00楼,浙江省,温州市,瓯海区
太古街道哈尔滨市北七道街太古地下商城A区,黑龙江省,哈尔滨市,道外区
河北省石家庄市建华南大街0000号国泰君安,河北省,石家庄市,
东新路0000号苏泊尔发展大厦0A楼,浙江省,杭州市,拱墅区
乌牛街道前池街000-0号,,,
汤坑镇千江花园A-0栋,广东省,梅州市,丰顺县
德胜东路0000号万品汽配城A区000幢,浙江省,杭州市,上城区
浙南鞋料市场,,,
万昌中路创业大厦,,,
廿三里街道下朱宅村中街,浙江省,金华市,义乌市
宁波高新区聚贤路0000号均胜集团有限公司,浙江省,宁波市,鄞州区
青春小区中0幢,,,
江藻镇渔江村皋埂露通机电有限公司,浙江省,绍兴市,诸暨市
家具工业园区,江苏省,苏州市,吴中区
皮革城A座二楼金港路00号,,,
欧海区娄桥镇继红路000号,浙江省,温州市,瓯海区
宣武商贸城四楼东门,,,
学府东路000号,,,
古山镇整雅村整方路0000号0弄,,,
笛扬路0000号昌隆大厦,浙江省,绍兴市,柯桥区
廿三里工业区开元北街花仙路000号浙江国田服饰有限公司,浙江省,金华市,义乌市
如城街道_金鼎名城000幢,江苏省,南通市,如皋市
江东区民安路0000号江东颐高九楼楼友会,,,江东区
绍兴柯桥北二区0楼,浙江省,绍兴市,柯桥区
杭州市诚悦商务咨询有限公司,浙江省,杭州市,
绍兴市迪万新城北层广场,浙江省,绍兴市,
白沙街道人民路0000弄,,,
江苏省南京市其它区南京市肿瘤医院百子亭00号消毒供应中心,江苏省,南京市,鼓楼区
浙江省临安市于潜镇百园村,浙江省,杭州市,临安区
石祥路000号00幢,浙江省,杭州市,拱墅区
下城区绍兴路000号浙金钢材市场A区,浙江省,杭州市,拱墅区
九堡镇宣家埠村三区东网电子九号楼,浙江省,杭州市,上城区
浙江省江干区新丰路000号红街公寓000栋0单元,浙江省,杭州市,上城区
寿昌经济开发区寿昌大道000号,,,
浙江省温州市娄桥镇社叶村新宁路00号,浙江省,温州市,瓯海区
杭州市中河中路000号,浙江省,杭州市,上城区
浙江省金华市西关街道林业局小区,浙江省,金华市,婺城区
马渚镇大施巷黄家村东000米,,,
四季青街道新业路华峰国际00A,浙江省,杭州市,上城区
北沙滩路0000号崇福镇游泳馆,浙江省,嘉兴市,桐乡市
西藏日喀则拉孜县拉孜镇萨龙村拉果自然村,西藏,,日喀则拉孜县
杭州市前进工业园区顾家家居,江苏省,苏州市,吴中区
浙江省富阳市富春街道江滨西大道00号明珠大厦0楼,浙江省,杭州市,富阳区
温州划龙桥路安泰大厦A栋,浙江省,温州市,
浙江省杭州市省府路00号省政府九号楼省妇联妇女研究室,浙江省,杭州市,
织里镇大河新村一区七幢,浙江省,湖州市,吴兴区
日丽中路0000号杉杉大厦000楼汇星十部,,,
江干区七堡六区宏祥服饰,浙江省,杭州市,上城区
虎跑路00号马儿山杭州虎跑山庄,浙江省,杭州市,西湖区
新街镇花木城000幢,上海市,上海市,浦东新区
浙江省临安市锦城街道钱王大街上西瓜村,浙江省,杭州市,临安区
杭州龙井路000号茅香茶居,浙江省,杭州市,西湖区
横岗前程路新塘坑工业0栋,广东省,深圳市,龙岗区
娄桥工业区南汇路000号00号楼00层,上海市,上海市,浦东新区
深南东路百货广场大厦,广东省,深圳市,罗湖区
绍兴市城南九里到车管所对面服装切条,江苏省,苏州市,吴中区
滨盛路寰宇路口寰宇天下,,,
葛沽物美超市八楼户外休闲,,,
惊驾路泰富广场A座00楼AAA,,,
双屿街道中强锦园0栋0单元,浙江省,温州市,鹿城区
四季青面料市场0区,,,
温州温州市洞头县望海路000号,浙江省,温州市,洞头区
温州市鹿城区工区环球路00号,浙江省,温州市,鹿城区
武林街道武林广场杭州大厦A座00楼AAAAAA,浙江省,杭州市,拱墅区
江省县寿阳街仃姓0幢0单无,,,江省县
学源街00号浙江财经大学会计学院西,浙江省,杭州市,钱塘区
四川省会理县建设路000号,四川省,凉山彝族自治州,会理县
盐盘工业区纬00路0000号一川电工有限公司,,,
石桥街道临丁路0000号,浙江省,杭州市,拱墅区
江东区建宁街00号逸东诺富特酒店0楼电联,,,江东区
创业大道0000号香飘飘食品股份有限公司,,,
绍兴夏履镇新民村大申纺织旁边关严车行电联,浙江省,绍兴市,柯桥区
富阳市富春街道小垄00单元,浙江省,杭州市,富阳区
山西省大同市武定北路翰林别院000号楼商铺,山西省,大同市,
九堡镇九环路00号新星光电0号楼AA小象,浙江省,杭州市,上城区
金华市江滨小区五幢一单元,浙江省,金华市,
潮鸣街道东清巷凤起商务大厦,浙江省,杭州市,拱墅区
瑞嘉庭院,,,
上塘镇阳光小区二区00栋,,,
红垦农场垦辉0路0000号,,,
杨大小区00栋八单元地下室,,,
良渚街道莫干山路0000号,浙江省,杭州市,拱墅区
淮川街道北正南路000号AAAA店,,,
金华市双龙南街0000号国土大楼农业局产业处,浙江省,金华市,婺城区
横溪镇环镇西路旁边加油站电联,,,
车站大道000号金润花苑0楼丽园装饰,,,
金华市永康街欧景名城小区00幢0单元,浙江省,金华市,婺城区
北苑街道世纪一区00栋七单元三楼这一个字,浙江省,金华市,义乌市
武康镇如意街一号暖玉生香,浙江省,湖州市,德清县
杭州市机场路000号生活馆,广东省,广州市,白云区
安北街道北部明珠A区二号楼七单元,,,
翠柏路00号0号楼杭州一唐财务信息咨询有限公司,浙江省,杭州市,
中街街道工贸大厦九楼西路000号,,,
紫霞街000号互联网园00号楼,浙江省,杭州市,西湖区
南门江西桥向南000米靓车族,江西省,南昌市,
良渚镇大陆村七贤桥村中步桥000号,浙江省,杭州市,余杭区
马园路000号富安娜家纺,,,
青口北区00栋0单元,浙江省,金华市,义乌市
泖港新五镇中库路000弄0000号,上海市,上海市,松江区
浙江省下城区中山北路仙林苑00幢电联,浙江省,杭州市,拱墅区
机电产业功能区盛园路0号,,,
宁波大榭开发区东港北路000号,浙江省,舟山市,普陀区
世茂世界湾花园000幢,,,
文三路和求智巷街口文锦大厦,浙江省,杭州市,西湖区
留和路浪漫和山云谷苑,浙江省,杭州市,西湖区
四季青老杭派0000档口,,,
金华江东街道下王三区,浙江省,金华市,义乌市
鳌江镇蓝湾小区A幢00单元,浙江省,温州市,平阳县
五里牌青青路0000号弘康环保科技有限公司,,,
南浦八区尊容00幢,,,
杭州市临平九曲营路000号华励花苑六单元,浙江省,杭州市,临平区
泽牧路000号附近浙诺尔大厦,,,
中国对外贸易运输公司浙江金华分公司,浙江省,金华市,
浙江省温州市瓯海电镀园区泰山路00号,江苏省,苏州市,吴中区
贵州省六盘水市发耳镇大唐贵州发耳发电有限公司,贵州省,六盘水市,
苏溪镇学苑小区,浙江省,金华市,义乌市
温州高新园区高一路000号保时捷汽车配件部,江苏省,苏州市,吴中区
鳌江镇鞋城工业园区A区0栋,江苏省,苏州市,吴中区
民安东路000号国际金融中心A座00楼,,,
江干区采荷街道杭海路000号,浙江省,杭州市,上城区
城店南路0000号新纪元电商元-00楼,,,
彩霞岭社区黄公厂弄00号,,,
三江街道李渔路000号,浙江省,金华市,婺城区
浙江省宁波市浒山街道嘉和名苑0号楼,浙江省,宁波市,
官扎营街道官扎营新区北区六号楼九单元,山东省,济南市,天桥区
练市镇,浙江省,湖州市,南浔区
莫干山路0000号浙江康众汽车有限公司,浙江省,杭州市,拱墅区
金华电子商务创业园,浙江省,金华市,
文三路000号天苑花园0幢00楼A座,浙江省,杭州市,西湖区
泽国镇西湾村鑫标轴承旁边三楼,浙江省,台州市,温岭市
江干区下沙龙湖滟澜山0期000栋恋家地毯,浙江省,杭州市,钱塘区
山下湖镇华东国际珠宝城,,,
古塘街道北二环中路000号,,,
崇福鹏辉大道0000号00区,浙江省,嘉兴市,桐乡市
浙江省湖州市妇幼保健院检验科,浙江省,湖州市,
越州工贸园区老综合楼,江苏省,苏州市,吴中区
武康镇武康镇东升街0000号蓝色港湾,浙江省,湖州市,德清县
万品汽配城A区000栋,,,
湖南永州市文明铺镇桃子园八栋一楼,湖南省,永州市,
浙江省绍兴县钱清镇联兴0于妥后000号,浙江省,绍兴市,柯桥区
浙江省金华市新农贸市场0楼,浙江省,金华市,
杭海路00号中洲精品女装,浙江省,杭州市,上城区
文三路康就花园A座,浙江省,杭州市,西湖区
娄桥街道秀浦路0000号现金,上海市,上海市,浦东新区
青口南区000幢0单元,浙江省,金华市,义乌市
方桥工业园六组迪卡轩,,,
湖州市菱湖镇振菱路00号,浙江省,湖州市,南浔区
浙江省嘉兴市秀洲工业园区运河路0000号,江苏省,苏州市,吴中区
清江路000号0单元,浙江省,杭州市,上城区
观澜镇福民冼屋第一工业区欣旭公司,广东省,深圳市,龙华区
筱村镇章前洋村村民委员会,浙江省,温州市,泰顺县
乔司街道南街紫晶时代00栋,浙江省,杭州市,临平区
东凤镇同乐工业园玉峰路000号,广东省,中山市,
日旺北路奥狮林纺织品有限公司,,,
庆春路000号浙江供销大楼0楼,浙江省,杭州市,上城区
浙江温州双堡西路,浙江省,温州市,
体育场路云裳公寓,浙江省,杭州市,拱墅区
文教街道北岸琴森水街0000号瀑布仙茗,,,
南环路杭州网投文化创意产业园,浙江省,杭州市,
凤起路国都商务大厦,浙江省,杭州市,拱墅区
段塘街道泛亚中心0幢,,,
滨康路0000号海威大厦,,,
青莲二区0栋0单元地下室,,,
花园岗街浙江金通汽配城000幢,浙江省,杭州市,拱墅区
丁桥观筑艺居00幢00单元,,,
天童北路0000号和邦大厦A座办公室,,,
浙江省临安市衣锦街000号浙江农林大学经济管理学院,浙江省,杭州市,临安区
蒲鞋市农贸市场菜市场,浙江省,温州市,鹿城区
玉海街道万瑞路机械厂,浙江省,温州市,瑞安市
鲲鹏路0000号绿城蓝色钱江000幢00单元,,,
春华路000号综合楼0单元,,,
大沙泥街中央商座,,,
蜀汉路营兴街0号0栋0单元,,,
虹桥镇嘉华大厦0单元,上海市,上海市,闵行区
水贝二路贝丽花园00栋,广东省,深圳市,罗湖区
相江公寓嘉木苑,,,
南下朱A区000栋0单元,浙江省,金华市,义乌市
柳市镇方斗岩工业区_我讨饶,浙江省,温州市,乐清市
梅秀路0000号浙江鼎美智装股份有限公司,浙江省,,
百丈路000号彩虹商厦彩虹服饰广场,浙江省,温州市,泰顺县
人和镇人和地铁A出口七天连锁酒店,广东省,广州市,白云区
四川省成都市高新区云华路000号司财务部,四川省,成都市,
新疆乌鲁木齐市民主路市京剧团,新疆维吾尔自治区,乌鲁木齐市,
文三路000号文三数码大厦,浙江省,杭州市,西湖区
骆驼街道永茂西路000社区,浙江省,宁波市镇海区,镇海区
学院西路0000号温州医科大学学院路校区,浙江省,杭州市,西湖区
浙江省金华市赤松路000号移动公司,浙江省,金华市,金东区
下沙路郡原相江公寓0幢0单元,浙江省,杭州市,钱塘区
下沙经济开发区0号大街0号路口数源科技园内创意人力三楼,浙江省,杭州市,钱塘区
丹桂街00号汉嘉国际,,,
濮院镇毛衫城,浙江省,嘉兴市,桐乡市
浙江省杭州市下沙00号大街000号杭州下沙精效家具有限公司,浙江省,杭州市,钱塘区
东环大道000-000号台州人力社保大楼00楼,浙江省,台州市,椒江区
浙江省温州市滨海工业园区,江苏省,苏州市,吴中区
常青路清华府邸-00号楼,,,
浙江省衢州市高塘路00号,浙江省,衢州市,柯城区
浙江省绍兴县钱清镇华星村000号,浙江省,绍兴市,柯桥区
展览路街道西直门外南街动物园世纪天乐批发市场,北京市,北京市,西城区
慈甬路000号东瑞大厦_,,,
滨盛路0000号汉氏大厦,,,
四川省达州市石梯镇桥湾乡陈余村四组00号,四川省,达州市,
台州市黄岩北城开发区惠民路00号,浙江省,台州市,黄岩区
中萃路000号中翠家园00幢,,,
浙江省台州市椒江区经济开发区中心大道0000号,浙江省,台州市,椒江区
沱江镇土桥路大转盘民族妇产医院,,,
高新南环路留学生创业大厦,广东省,深圳市,南山区
分水镇市达路000号吉易盛购物广场,浙江省,杭州市,桐庐县
云集路柯东仓储中心著明和谐家园,浙江省,绍兴市,柯桥区
厚富小区000栋0单元,,,
转塘镇富山市场A区,,,
秋实路梧桐街道城弘小区,,,
文三路000号0栋,浙江省,杭州市,西湖区
文一西路0000号西溪诚园正信苑,浙江省,杭州市,余杭区
金华市李渔东路0000号海关大楼,浙江省,金华市,婺城区
南白象金竹工业区霞竹路0号,浙江省,温州市,瓯海区
东方世纪中心东方世纪中心,海南省,,东方市
丁桥镇诸桥村冯家跳00号,,,
菜鸟金华电商产业园0栋,浙江省,金华市,
温州市万达广场0号写字楼,浙江省,温州市,
颐高旗舰创业大厦,,,
新桥镇新南路0000号南门地李商仓新蟠路上0幢-0仓,上海市,上海市,松江区
小榄绩东一永华大街000号,广东省,中山市,
斜桥镇前步桥工业园区油车港路0号天盛电子科技有限公司,浙江省,嘉兴市,秀洲区
塘下镇八水海滨路00弄00号天猫奥锐,浙江省,温州市,瑞安市
浙江省虹桥镇玉虹路00号,上海市,上海市,闵行区
杭州市下沙经济开发区城市果岭,浙江省,杭州市,钱塘区
清江路九天国际0楼,浙江省,杭州市,上城区
金堡街000号德信金泊林公寓,,,
银都路0000弄00号,,,
上塘街道上塘路通讯器材市场,,,
林城镇午山岗工业区,浙江省,湖州市,长兴县
江干区笕桥镇东宁路东港家苑0区,浙江省,杭州市,上城区
浙江省绍兴柯桥镇老市场,浙江省,绍兴市,柯桥区
浙江嘉兴嘉兴市浙江省嘉兴市平湖市经济开发区新凯路0000号,浙江省,嘉兴市,
江干区万象城0楼,浙江省,杭州市,上城区
津淮街东段千亿山庄世外园,,,
浙江省湖州宁馨花园,浙江省,湖州市,吴兴区
大滩路山水名家琉园,,,
马屿山后工业区浙江立祥00楼,浙江省,温州市,瑞安市
金桥国际面料市场八楼,上海市,上海市,浦东新区
小营街道中河中路平海国际,浙江省,杭州市,上城区
浙江省上虞市丰惠镇环城路新村,浙江省,绍兴市,上虞区
湖州市彩凤路000号华尔成药业,浙江省,湖州市,吴兴区
风华路000号宁波工程学院东校区,浙江省,宁波市,
新火车站旁边金典酒店前台,,,
衙前镇衙前路东南网架股份有限公司,,,
采荷街道香樟路泛海国际中心A座00楼,,,
百步镇百步大桥美克斯新厂门卫处电联,浙江省,嘉兴市,海盐县
宁波泗门镇夹塘村田?A北路0号电联,浙江省,宁波市,余姚市
浙江省宁波和义路000号,浙江省,宁波市,
杭州市森宇物流内昆山专线,浙江省,杭州市,
白楼下下坦路0弄000号电联,,,
沙田镇田头村碧桂园润杨溪谷综合楼,广东省,东莞市,
江干区德胜东路0000号金茂家具广场,浙江省,杭州市,上城区
和丰创意广场意庭楼,,,
江东区沧海路0号港隆广场潮流先生火锅,,,江东区
浙江省温州市AAAA温州市双屿街道郑桥路00-0号,浙江省,温州市,鹿城区
鸿宁路百富联合国际00幢,,,
江滨北路0000号,,,
嘉兴市东升西路0000号00楼,浙江省,嘉兴市,秀洲区
湖北省监利县工业园路00号,湖北省,荆州市,监利县
浣纱路000号_杭州市第一人民医院,浙江省,杭州市,上城区
下沙白杨街道六号大街0000号,浙江省,杭州市,钱塘区
爱山广场0-0号楼,浙江省,湖州市,吴兴区
佛山童装童装城新大楼二楼电梯口唐,广东省,佛山市,
浙江金华永康市经济开发区长城工业区长枝路0号,浙江省,金华市,永康市
拥军0区0幢0单元,,,
浙江省嘉兴昌盛南路嘉兴体育馆0号门电联,浙江省,嘉兴市,秀洲区
临山镇临浦闸东一区,,,
乌牛镇东蒙工业园区乌牛加油站对面东蒙集团有限公司,江苏省,苏州市,吴中区
宁穿路000号华东物资城0通道,,,
柳市镇长虹大厦A座,浙江省,温州市,乐清市
曹娥街道开发区锦华路000号一米云阁,浙江省,绍兴市,上虞区
宁波曙光一村,浙江省,宁波市,
沙城工业区宏瑞路000号,,,
金马西路0000号湖州汇冠亚麻纺织有限公司,浙江省,湖州市,
浙江省台州市开发区纬五路0000号,浙江省,台州市,
古荡街道紫荆花路联合大厦A座0单元00楼,浙江省,杭州市,西湖区
绵阳市剑南路东段0000号,四川省,绵阳市,
浙江省绍兴县齐贤镇丈午村,浙江省,绍兴市,柯桥区
广东省中山市沙溪镇大港区星云路00号,广东省,中山市,
浙江省高新区广贤路0000号00楼高新区开发投资有限公司,浙江省,,
祥园路智慧信息产业园A座00楼,浙江省,杭州市,拱墅区
南苑街道南苑街0000号麦道大厦,,,
东西大道绿城桃花源别墅区怡然村,浙江省,杭州市,余杭区
下沙浙江理工大学生活区0区,浙江省,杭州市,钱塘区
慈溪市逍林镇大道宋丁路000弄000号,浙江省,宁波市,慈溪市
下沙0号大街00号北房工业园,浙江省,杭州市,钱塘区
西丽社区西园弄00号0幢,,,
甘肃省陇南市十里乡页水村00号,甘肃省,陇南市,
沙坪街道小范街小范渭璜村0000号,,,
冷静街00号银亿时代广场,,,
浙江省绍兴市人民东路0000号00楼康驰,浙江省,绍兴市,越城区
保税大道圆通00号楼0楼电商,,,
保税区海滨九路森杨汽车城七楼,,,
转塘街道赞成岭上花苑,浙江省,杭州市,西湖区
滨文路0-0号富友科技大厦,,,
长江路0000号好时光大厦,,,
第二医院0号楼五楼口腔科门诊,,,
埔田镇铺田镇牌边村乐当家小商铺,,,
西溪路000号浙江省中药研究所,浙江省,杭州市,西湖区
浙江省绍兴市孙端镇小库村0000号,浙江省,绍兴市,越城区
金鸡路0000号盛元蓝爵国际,,,
店口中央路0000号办公室0楼销售部,浙江省,绍兴市,诸暨市
宁波市长春路00号银河大厦,浙江省,宁波市,
江东区中山东路000号新京大厦,,,江东区
泽国镇茶屿工业园区荣时路0号,江苏省,苏州市,吴中区
宁波东钱湖东湖观邸管理处,浙江省,宁波市,鄞州区
濮院镇联越路0000号意桥服饰00幢0楼,浙江省,嘉兴市,桐乡市
千岛湖镇珍珠半岛千岛湖一号,浙江省,杭州市,淳安县
苏溪镇华阳路四号拓凡服饰,浙江省,金华市,义乌市
大学北路000号聚仁堂大药房,,,
四季青街道新业路0000号,浙江省,杭州市,上城区
辽宁省大连市开发区湾里西街山河嘉园四号楼超市电联,辽宁省,大连市,
浙江绍兴县钱陶路0000号,浙江省,绍兴市,柯桥区
柳市镇西岸村西岸路000号,浙江省,温州市,乐清市
壶镇东南路00号太太橱柜,,,
浙江省乐青市南岳镇电厂十足超市,浙江省,温州市,乐清市
浙江省宁波市翠柏路三忠巷000号,浙江省,宁波市,
萍水西街000号三号楼,江西省,萍乡市,
大溪镇_潘郎兴潘西路000号,浙江省,台州市,温岭市
民治街道龙华新区民治天虹思楼思莱德,广东省,深圳市,龙华区
仓河下御跸苑,,,
浙江省杭州市乔司街道五星村,浙江省,杭州市,临平区
宁波市宗海西店镇望海工业园区,江苏省,苏州市,吴中区
桥下镇京岸村永临中学侧边温州美工教仪有限公司,浙江省,温州市,
丁桥长睦锦苑十栋八单元,,,
红墙下村平水镇红墙厦村0000号,,,
恒大建材市场石材区,,,
经济开发区经八路0000号,,,
朝晖九区,浙江省,杭州市,拱墅区
锦绣路0000号中医院水心院区门诊大厅,上海市,上海市,浦东新区
新村街道金桥路000弄000号,上海市,上海市,浦东新区
江干区万家花园万和苑,浙江省,杭州市,上城区
宁波航空路国际机场食品公司,浙江省,宁波市,
水晶路000号三楼禾信水晶,,,
崇福西门春雷大桥北新千禧时装,浙江省,嘉兴市,桐乡市
奉化市秀水家苑一楼西阳建设,浙江省,宁波市,奉化区
南方大厦数码广场,,,
丁兰街道沿山村鲍家渡000号杭州奥春茶叶有限公司,浙江省,杭州市,
群贤西路0000号0号楼0楼,,,
燕语林苑0栋0单元,,,
绍兴市颐高广场四幢,浙江省,绍兴市,
千岛湖镇秀水大道0000号,浙江省,杭州市,淳安县
浙江省杭州市学源街丽泽苑,浙江省,杭州市,钱塘区
南阳街道杭州回单组南阳阳城路00号,浙江省,杭州市,萧山区
下沙六号大街三号路瓯江大厦00栋,浙江省,杭州市,钱塘区
下城区岳家湾路000号金鹿雅园0栋,浙江省,杭州市,拱墅区
稠城街道盐埠头00幢,浙江省,金华市,义乌市
塘川南街塘下镇前丰工业区祥荣汽车配件有限公司,浙江省,温州市,瑞安市
湖田北弄00号杭州汽车东站小商品市场,浙江省,杭州市,
北干街道风情大道潮锦文化创意产业园,,,
有事下湾新村五区000栋,浙江省,金华市,义乌市
顾村镇顾北东路新顾村大家园A区000弄00号,上海市,上海市,宝山区
湖北省鄂州市长岭镇徐山村四队,湖北省,鄂州市,
洲心街道半环北路嘉馨商务名苑A梯,,,
杭州东站小商品市场,浙江省,杭州市,
山东省潍坊市健康街潍州路交叉口,上海市,上海市,浦东新区
宁沁路000号北城春色小区000幢,,,
一元街办事处一元路中城国际六号楼法儿诺,,,
硕放这是南星苑二区六0-0幢,江苏省,无锡市,新吴区
联合市场A去三楼,浙江省,绍兴市,柯桥区
泉园街道方佳栏御龙逸城,辽宁省,沈阳市,浑南区
宁围镇建设0路与三路中间金二村000号维修电动车店,,,
浙江省南浔镇东迁桢桢公寓,浙江省,湖州市,南浔区
嘉兴市沧盛路000号奔腾餐饮有限公司0楼人力资源部,浙江省,嘉兴市,
绍兴柯桥联合市场五楼A区,浙江省,绍兴市,柯桥区
柳市镇电子大厦,浙江省,温州市,乐清市
宁波高新区扬帆路0000弄研发园A0栋000楼,浙江省,宁波市,鄞州区
胜利西路00号第一国际城00楼,,,
小港姚墅村法欧帝森木业有限公司,,,
下沙开发区00号大街000号,浙江省,杭州市,钱塘区
北苑街道秋实路0000号智慧星九楼,浙江省,金华市,义乌市
罗东路000号丰利粉碎设备有限公司,,,
天成路000号天成佳苑,,,
浙江省嘉兴市城南路中环南路交叉口乐天玛特九楼,江苏省,苏州市,吴中区
杭州市下沙学林街0000号铭和社区居委会四楼下沙街道铭和社区小方之家志愿服务工作站志愿者,浙江省,杭州市,钱塘区
假山新村,,,
紫宇路000号新晟印花厂,,,
浙江省温州市龙港镇城东工业区,江苏省,南通市,崇川区
杭州市白马公寓,浙江省,杭州市,
黎明西路0000号国际贸易中心温州国际贸易中心,浙江省,温州市,
文二路浙江工程建设监理公司,浙江省,杭州市,西湖区
浙江省绍兴县华舍街荣鑫月淼,浙江省,绍兴市,柯桥区
三街道铁道南路万科金域中央四幢一单元,,,
南园路000号佳兆业中心A座,,,
吉祥半岛,,,
中心大道000号德智和大厦裙楼五-五层及北幢00-00层温州银行台州分行,浙江省,台州市,椒江区
温州龙港镇塑编工业区温州华夏塑业有限公司,浙江省,温州市,龙港市
万达广场一号门AA专柜,,,
杭州市望江东园000幢,浙江省,杭州市,上城区
台州市经济开发区海棠路,浙江省,台州市,椒江区
紫霞街000号西溪谷国际商务中心A座000A,浙江省,杭州市,西湖区
滨康路000号0幢,,,
浙江省杭州市丰潭路000号城西银泰城一楼阿玛施专柜,浙江省,杭州市,拱墅区
亚布力镇亚布力第一中学家属楼0单元,,,
滨港路000号舟山凯萨大酒店,浙江省,舟山市,定海区
横溪镇溪头村延岙口,,,
店口华东汽配水暖城000幢,浙江省,绍兴市,诸暨市
厚富小区000栋0单元,,,
绍兴柯桥轻纺市场东区九楼中,浙江省,绍兴市,柯桥区
长庆街道体育场路凯喜雅大厦三楼,浙江省,杭州市,拱墅区
天光桥00幢三单元,,,
清江路000号九天国际二楼,浙江省,杭州市,上城区
琴溪路000号金色蓝庭小区门口美之源培训中心,,,
浙江省义乌市中学东青岩付村,浙江省,金华市,义乌市
唐先镇金福路00号匡迪杯业,,,
宁波高新区杨木契路000号和美城00号楼,浙江省,宁波市,鄞州区
浙江省温州市瓯北镇繁华西路0-0号,浙江省,温州市,永嘉县
长河街道滨康路德邦电子园,,,
朗霞街道崇文路金色家园0幢,浙江省,宁波市,余姚市
江干区新风路红街公寓,浙江省,杭州市,上城区
河清北路0000号宁波中心兰园0号楼00楼,浙江省,宁波市,
开发大道000号台州华胜,浙江省,台州市,椒江区
清胜塘路伊德纺织品有限公司,,,
下沙街道00号大街鹭沙郡府,浙江省,杭州市,钱塘区
中国鞋都一期00号地块一楼,浙江省,温州市,鹿城区
浙江省临安市青山湖街道,江西省,南昌市,青山湖区
杭海路中州女装服装城0楼,浙江省,杭州市,上城区
浙江倍特储粮设备科技有限公司,浙江省,,
天目山路000号浙江大学西溪校区西三教学楼,浙江省,杭州市,西湖区
九和路00号0楼九车汽车租赁,浙江省,杭州市,上城区
宁波彩虹南路000号彩虹国际00号楼,浙江省,宁波市,
九堡镇三村村三区博杰手机精品店,浙江省,杭州市,上城区
长河街道科技馆街0000号,,,
武林广场杭州大厦购物城A座00楼AAAAA,浙江省,杭州市,拱墅区
宁围镇桥园路000号00楼温某,,,
上塘路0000号通信市场,,,
金鸡路嘉润公馆0幢0单元,,,
东新路0000号中大银泰城00号楼,浙江省,杭州市,拱墅区
灵桥路000号长春大厦000楼,吉林省,长春市,
龙翔路000号浙江易镭电子商务工业园A栋八楼圣诞仓库,浙江省,,
绍兴柯北大道恒美工业园区水洗厂电联,浙江省,绍兴市,柯桥区
东信大道000号0号楼欧文幼儿园,,,
河南省郑州市郑东新区马庄街北大花园00号楼0单元00楼,河南省,郑州市,
西关街道新青年公馆0幢0单元,浙江省,金华市,婺城区
佛堂镇大士路000号迪亚斯服饰,浙江省,金华市,义乌市
北苑街道丹溪北路0000号A电园电商大厦A区,浙江省,金华市,义乌市
越州工贸园区一区一幢,,,
凤起东路000号中豪凤起广场,,,
杭州临平望梅路0000号枉山路准则务楼0楼,浙江省,杭州市,余杭区
塘下镇鲍三东裕西路000号,浙江省,温州市,瑞安市
市心中路0000号开元名都大酒店五楼竞潮厅,,,
金华市浙江师范大学文学院研究生办公室,浙江省,金华市,婺城区
江干区庆春东路000号0栋0楼,,,江干区
蒋村街道文一西路0000号西溪诚园诚中心0号楼,,,
国际商贸城,浙江省,金华市,义乌市
温州横河南新村000栋,浙江省,温州市,
杭州市余杭经济开发区五洲路000号,浙江省,杭州市,余杭区
广宇锦园00幢AAAAAAAAAA,,,
八一南街百合嘉苑0幢,,,
财富大厦A座负三楼,,,
学院路000弄000号宁波柳青线,浙江省,宁波市,
玲珑街道玲珑工业园区庆仙路000号,,,
上江紧固件市场,,,
浙江省宁波市长宏村,浙江省,宁波市,
稠州北路0000号金福源商厦A座0楼,浙江省,金华市,义乌市
光裕路风景蝶院留园0幢0单元,,,
上海成都南路000弄0号后门,上海市,上海市,
镇明路000弄000号,,,
南洋路信德明大厦,,,
南路现代广场0幢,,,
玉环县芦浦镇道头村深埔二街00号,浙江省,台州市,玉环县
廿三里街道楼山塘村南000号,浙江省,金华市,义乌市
温州市虹桥镇镇晓路00号,浙江省,温州市,
华藏寺巷000幢0单元,,,
浙江省绍兴市浙江绍兴,浙江省,绍兴市,
嵇师鞋都二期00号地块-A0幢,,,
杭州杭州市江干区解放东路常青公寓0幢0单元,浙江省,杭州市,江干区
秋溢路0000号乐苏科技园0号楼00楼,,,
之江路与飞云江路交叉口赞成中心,,,
浙江省湖州市南浔镇适园路世纪名都00幢00单元,浙江省,湖州市,南浔区
大溪镇万开物流园00号楼0楼,浙江省,台州市,温岭市
浙江省金华经济开发区长城村寺塘下000号,浙江省,温州市,瑞安市
清江路AAAA爱儿坊悦庭幼儿园,,,
溪口大岙气动产业园和乐路00号,浙江省,宁波市,奉化区
龙源路000号化龙商业城,,,
东莞国际面料交易中心,广东省,东莞市,
北苑莲塘四区二栋九单元,浙江省,金华市,义乌市
八一南街保集半岛物业大厅,,,
过境路金泰皮革城A区,,,
廊下镇新风路0号童车仓库,,,
吉林镇陈模楼工业区A区A座,吉林省,吉林市,
莞城街道莞城区八达路聚丰市场,广东省,东莞市,莞城区
杭州市余杭区第一人民医院北门报刊亭,浙江省,杭州市,余杭区
韦曲街道神州六路航天城A区南门,浙江省,宁波市,海曙区
浙江大学明州医院-北0门,浙江省,宁波市,
春晓镇吉利汽车生活区三栋,浙江省,宁波市,北仑区
河庄街道创围线0-000号0楼,,,
温州仰义洞桥制革中路000号,浙江省,温州市,瓯海区
锦都嘉园南门营业房00幢,浙江省,宁波市,海曙区
宁波市高新区建兰路创客,浙江省,宁波市,
腊梅路0000号润和园0号楼,,,
石井镇大朗村商贸城自编-号安踏仓库,广东省,东莞市,
浙江省上虞市沥海镇城西村牛墩00号,浙江省,绍兴市,上虞区
朱家桥路00号联创工业自动化设备有限公司,,,
宁波彩虹南路000号彩虹大厦,浙江省,宁波市,
皇岗路口广大四楼,,,
浙江省杭州市杭州市余杭经济技术开发区宏达路000号,浙江省,杭州市,余杭区
文一路0000号实验楼00楼,,,
三墩镇西园路00号博科大厦,,,
东瓯街道东方工业区地方路000号,海南省,东方市,
通益路000号风景大院,,,
金汇路00号00栋,,,
宁围镇丰东花苑00号楼0单元,,,
诚信一区000栋0单元,浙江省,金华市,义乌市
绍兴市东浦镇耶溪路0000号飞杰纺织,浙江省,绍兴市,越城区
江东区新地板城四楼,浙江省,宁波市,鄞州区
延安路000号嘉里中心写字楼,陕西省,延安市,
巍星路00弄00号,,,
中兴路000号明晨大厦,,,
北下朱000栋五单元,浙江省,金华市,义乌市
贵州省印江县沙子坡镇竹元村,贵州省,铜仁市,印江土家族苗族自治县
上海市虹梅路0000号A区凯科国际大夏,上海市,上海市,
郭溪街道舟桥村_河滨路,浙江省,温州市,瓯海区
双屿街道中国鞋都二期十八号地块,浙江省,温州市,瓯海区
南京市广州路000号苏宁环球大厦南京杰澳贸易有限公司,江苏省,南京市,
九堡镇东方电子商务园,海南省,东方市,
温州瓯北镇五星路赫立特工业园00楼,浙江省,温州市,永嘉县
浙大路000号第五教学大楼,,,
中兴北路0000号0楼川味观,,,
九堡镇九堡东方电子商务园A000栋,海南省,东方市,
泽国镇茶屿村荣时大厦六楼琳峰鞋厂,浙江省,台州市,温岭市
鲁迅中路春波弄口00-0号,,,
浙江省临平东湖南路000号市政大楼北0楼,浙江省,杭州市,余杭区
钟埭街道花园小区,,,
文一西路0000号阿里巴巴0号楼,,,
金地自在城求学里00幢0单元,,,
浙江省杭州市文艺路000号金都城市芯宇八号楼,浙江省,杭州市,
羊毛衫市场二区精品街,,,
杭州浙江大学玉泉校区航空航天学院,浙江省,杭州市,
阳光花园幸福楼七楼,,,
江苏省苏州市园区苏蚀西路00号,江苏省,苏州市,
递铺街道雾山寺路0000号,浙江省,湖州市,安吉县
景德镇中华南路0000号电联,江西省,景德镇市,
江干区天城东路0000号永裕大厦0楼财务科电联,,,江干区
下城区东新路0000号蔚蓝国际000楼,,,下城区
宁波市亚洲区金达路0000号,浙江省,宁波市,
杭海路杭州四季青精品女装市场,浙江省,杭州市,上城区
百宁街火车立交桥南侧登科建材旁边电联,,,
盐仓经济开发区新一路00号,,,
翠苑街道古翠路康新花园A座,,,
贵州省毕节市海子街石牛口,贵州省,毕节市,
王江泾开发区欣悦路000号泰恩弹簧,浙江省,嘉兴市,秀洲区
江干区三里亭路00号杭州天恒投资建设管理有限公司0楼,浙江省,杭州市,江干区
莫干山路泰嘉园-A座000楼,浙江省,湖州市,德清县
浙江省杭州市南山路000号,浙江省,杭州市,西湖区
桥下兴桥路00号后面干货店,浙江省,温州市,永嘉县
联华小区四幢0单元,,,
海德一道000号万豪酒店00楼,,,
天马街道赵家坪花园,,,
东浦工业区郁溪路0000号,浙江省,绍兴市,越城区
丽岙街道泊岙石材市场广厦石材,浙江省,温州市,瓯海区
古墩路同人精华大厦0座,,,
嘉兴嘉兴市海盐塘路名湖人家小区,浙江省,嘉兴市,海盐县
莫干山路0000号中信摩配,浙江省,湖州市,德清县
浙江省温州市瓯北街道河田大厦温州次元数字科技有限公司,浙江省,温州市,永嘉县
学院中路000号置信原墅,,,
北苑望道路0000号净夫人,浙江省,金华市,义乌市
后宅街道金城高尔夫一区00幢,浙江省,金华市,义乌市
浙江宁波百丈路0000号世纪金贸,浙江省,宁波市,鄞州区
浙江省杭州市艮山西路,浙江省,杭州市,上城区
末央区丰产路六村堡村门楼往西000米艺鑫不锈钢铁艺,,,末央区
四季青街道清路0000号自由港000档疯子,,,
绍兴县柯桥金昌园国贸中心,浙江省,绍兴市,绍兴县柯桥
湖西路0000号越锋项目管理公司,,,
河南省淮阳县淮周路0000号,河南省,周口市,淮阳区
东新路0000号工业品市场0区,,,
下沙0号大街000号海达大厦,,,
塘下大道建行大楼七单元,浙江省,温州市,瑞安市
国际生产资料市场00楼00街,,,
东升广场老街地铁A口工人文化宫木屋烧烤,,,
香山西街波托菲诺纯水岸十四期0栋0单元,山西省,太原市,
湖州市浔东村一期三栋,浙江省,湖州市,
银湖街道富闲路00号银湖创新中心九层,,,
乔司镇三角村月牙三路0号院内右栋0楼,,,
杭州市天星龙,浙江省,杭州市,
四季青街道杭海路苏杭首站0楼,,,
明珠大厦0栋0单元,,,
塘栖镇钱江经济开发区南公河路0号,,,
杭州市黄龙路0号恒励大厦00楼中石油,浙江省,杭州市,
厚富小区00幢0单元,,,
新塘街道西许村东许000号,浙江省,嘉兴市,海宁市
清江路000号九天国际00楼,,,
云宇财富城,,,
上戍轻工业工业园盛丰路00号邮政存储,,,
艺城二路00号浙江欧帝亚环保材料有限公司,浙江省,杭州市,
东塍镇绚珠村0-000号,,,
杭行路0000号万达广场A座,,,
丽水水阁工业区兴业路00号电联,浙江省,丽水市,松阳县
金华国际商贸城0期0区00号门0楼000街,浙江省,金华市,义乌市
联合市场A区0楼,,,
万达广场00号写字楼,,,
西铭街道000小区底商火道佳火锅店,,,
江东区朝晖路000号电联,浙江省,宁波市,鄞州区
西塘桥街道杭州湾大桥,浙江省,宁波市,慈溪市
昙花庵路000号景芳二区000幢0单元,,,
浙江省杭州市下沙浙江理工大学生活二区00号楼,浙江省,杭州市,钱塘区
迎春路000号附近迎春小区000栋00单元,,,
本业大道佳惠批发市场路口印象餐厅,,,
安文镇云山旅游度假区仙霞路0号,,,
江东区永港北路怡景花园A幢000-A,浙江省,宁波市,鄞州区
绍兴市袍江工业区淘宝创业园00楼,浙江省,绍兴市,
贵州省遵义县泮水镇遵金村水银组,贵州省,遵义市,
学正街0000号祥平快捷酒店,,,
泗门镇小路下村共济路000号,浙江省,宁波市,余姚市
浙江绍兴市昌安东村000幢,浙江省,绍兴市,
浙江省湖州市经济开发区西凤路0000号,浙江省,湖州市,
荷花路闻宅公寓A栋人民中路中侨通信商场,,,
宁东路000号0号楼,,,
萍乡市萍安中大道雅典世纪花园,江西省,萍乡市,
省军区农副业基地中心路000号中通基地物流,,,
乔司南街000号交通银行背后0楼,,,
延安路0000号阿迪达斯三楼,陕西省,延安市,
雪峰西路0000号国际生产资料市场,浙江省,金华市,义乌市
杭州市濮家新村,浙江省,杭州市,上城区
九堡镇德胜东路0000号四季青服装大市场00楼,,,
京溪街道犀牛角村南街00号A楼,,,
春江花月映霞苑0幢四单元,,,
杭州下沙华景街_000号,浙江省,杭州市,钱塘区
西陈二区南景000幢,,,
宁波联大塑料管件有限公司,浙江省,宁波市,
枫桥街道怡馨花园,浙江省,绍兴市,诸暨市
新潮广场A座一号门旺盛达防盗门,,,
北苑街道青莲二区000幢00楼,浙江省,金华市,义乌市
元和街道安元路万科魅力花园0栋,,,
飞霞桥路000号国信大厦,,,
联合路与广顺路交叉口广顺里,,,
潘桥街道陈庄村后岸西路00号陈庄小学,浙江省,温州市,瓯海区
国泰科技大厦民和路0000号,,,
宁波江东南路000号金钟茶叶A区,浙江省,宁波市,
紫霞街000号西溪蝶园000幢0单元,,,
惊驾路银晨国际-0幢,,,
宁波市高新区研发园八楼,浙江省,宁波市,
盛世嘉园盛美苑00幢,,,
钱陶公路0000号人利工业园0号楼0楼,,,
石桥街道华丰路怡乐银座,,,
绍兴县柯桥安昌创业园西区,浙江省,绍兴市,绍兴县
国际商贸城00号门二楼八街,浙江省,金华市,义乌市
江干区彭埠镇新月广场0楼,,,江干区
浙江省杭州下沙经济开发区北银公寓-,浙江省,杭州市,钱塘区
小南门虞师里小区0幢,浙江省,宁波市,海曙区
集士港工业小区工贸三路,浙江省,宁波市,海曙区
花园大道000号,,,
方桥工业园美域高十五楼,,,
三宝新村000幢0单元,,,
天目上路龙都大厦主楼,,,
新嘉街道东方路东方新家园南区0幢,海南省,东方市,
浙江省宁波市宁波市望春工业区云林中路000号A0座00楼质检部,浙江省,宁波市,海曙区
党湾镇爱华路000号乐普光电,,,
将军大道0000号中国兵器南门,浙江省,宁波市,海曙区
龙洲街道北门旌忠坊老太婆饭店,,,
南村镇圆岗村员岗中路00号,,,
绍兴城南华通花园,浙江省,绍兴市,
浙江省杭州市振宁路000号,浙江省,杭州市,萧山区
益乐新村南一区,,,
浙江省金华市宾虹路000号,浙江省,金华市,婺城区
虎门镇银龙路隆商场0楼,广东省,东莞市,
八方众盛苑青翠苑00幢六单元,,,
四川省资阳市皇龙新城A座00号楼,四川省,资阳市,
德胜东路0000号杭州万品汽配城A区,浙江省,杭州市,
牛山北路德政冶炼职工住宅楼,,,
古墩路000号同人精华大厦0座00楼,,,
洛社镇张镇开发区新特热能帕沃福有限公司,,,
温州龙港镇西城路百一超市0楼电联,浙江省,温州市,龙港市
上塘路0000号通信市场,,,
深圳民治创业花园000栋00楼,广东省,深圳市,
东瓯街道园区大道康王鞋业00号楼00楼,,,
灵溪卤制品工业园区00幢浙江乡下香食品有限公司,浙江省,温州市,苍南县
安徽省宿州市祁县镇中心街路口,安徽省,宿州市,
宁围街道传化科创大厦00幢,,,
人民东路000号中侨大楼,,,
秦山工业园区金城一路嘉兴迈斯特管件有限公司,浙江省,嘉兴市,
嘉兴环城西路000号五金宿舍,浙江省,嘉兴市,
天水家园000幢,甘肃省,天水市,
浙江省绍兴市绍兴高新区东山路龙山科技园,浙江省,绍兴市,
绍兴路0000号三立时代广场,浙江省,绍兴市,
江干区太平门直街000号0楼,,,江干区
四季青街道杭海路新杭派,,,
双屿街道牌楼中强锦园0幢五单元,浙江省,温州市,瓯海区
江东区宁徐路000弄00号,浙江省,宁波市,鄞州区
新电器城A区0楼门市部,,,
江东区民安东路0000号南天房产电联,浙江省,宁波市,鄞州区
下城区石桥路000号经纬创意园-0楼,,,下城区
港西街阳光小区00号楼0单元,,,
彭埠镇明月嘉苑0区000幢00单元,,,
杭海路000号常青,,,
登云路000号时代电子市场,,,
浙江省嘉兴市_二环北路0000号,浙江省,嘉兴市,
篁园路000号篁园香江公寓,浙江省,金华市,义乌市
浙江省金华市永康市经济开发区哈尔斯路0号AAAAA,浙江省,金华市,永康市
松岗深莞新电子城一楼,,,
宾虹路AAAA授权体验店,浙江省,金华市,婺城区
环桥路0000弄000号,,,
采荷街道庆春东路00号汽轮国际大厦00A,,,
西安市东新街000号工商银行大院,陕西省,西安市,
浙江省绍兴市袍江新区三江路000号,浙江省,金华市,婺城区
浙江湖州市烈士镇南陌路000号茅台箱百年盛世,浙江省,湖州市,
车轿街00号宁波医药股份有限公司,浙江省,宁波市,
国贸中心中区0幢,,,
虎鹿镇厦程里村虎鹿缝配城,,,
秀山岛常石集团中涂办公室,,,
葭A街道金茂中心,,,
长庆街道柳营巷00幢0单元,,,
绍兴市平水镇车站路000号,浙江省,绍兴市,柯桥区
德胜路长木新村,,,
下沙区和达创意园电联,,,
百丈小区000幢0单元,浙江省,宁波市,鄞州区
玉环县香港路广源小商品市场老夜市A区电联,浙江省,台州市,玉环县
金华市白龙桥镇金龙路00号,浙江省,金华市,婺城区
奉化市奉化大成路锦山明珠,浙江省,宁波市,奉化区
盐官镇桃园村李家角000号,浙江省,嘉兴市,海宁市
沙洲街道雨润大街和府奥园00栋0单元,,,
新前七里王工业区开拓路00号宏诺模塑,,,
教工路000号世贸丽晶城欧美中心A区,,,
石桥街道华西路000创意园,,,
西塘镇大舜钮扣南路000号,浙江省,嘉兴市,嘉善县
绍兴滨海工业区北十路滨康印,浙江省,绍兴市,
浙江省下城区文晖路000号清园小区,浙江省,下城区,
绍兴延安东路0000号凌盛大厦00楼,浙江省,延安市,
新塘路浙江匹配城,浙江省,杭州市,
溪坦街溪坦村溪南,,,
虹桥镇南阳北村邦通电器有限公,河南省,南阳市,
浙江省江干区丁桥镇紫冰香街000号新城广城,浙江省,嘉兴市,海宁市
大朗西牛坡美景西路000号,广东省,东莞市,
嘉绿名苑000幢0单元,,,
杭州杭州湖墅南路0000号_单位中国建设银行股份有限公司杭州文晖支行,浙江省,杭州市,拱墅区
温州龙港镇金龙大厦000楼,浙江省,温州市,龙港市
湖州中心医院住院部000层呼吸科,浙江省,湖州市,
杭州湾新区滨海大道000号,浙江省,宁波市,杭州湾新区
杭州富春路0000号万象城AAAA男装,浙江省,杭州市,
江干区九堡镇乔下线0000号电联,,,江干区
温州市方正大厦00栋,浙江省,温州市,
绍兴路0号捷盛行平行进口车销售部,浙江省,绍兴市,
洪合镇泰石新家园,浙江省,嘉兴市,秀洲区
国际商贸城五区三楼00号门0街,浙江省,金华市,义乌市
文三路000号东软科技大厦,,,
国际商贸城一期四楼A区000街,浙江省,金华市,义乌市
欧海区香滨左岸,浙江省,温州市,欧海区
延安路000号绍兴市立医院行政楼一楼设备科,陕西省,延安市,
小越镇越兴东路000-0000号,浙江省,绍兴市,上虞区
金华稠州西路000号手机店,浙江省,金华市,义乌市
延安路000号标力大厦_A座00楼,陕西省,延安市,
二期00号地块0栋亿尔,,,
三塘高层公寓,,,
城南街道清远路新世纪花园丹桂0幢,广东省,清远市,
江晖路00号华光皮具0号楼00楼,,,
五星路000号瑞晶国际,,,
泾干镇泾干大街西段交通局对面李军羊肉泡,陕西省,咸阳市,泾阳县
闲林街道闲林山水紫薇苑00幢,,,
丹溪北路000-0号A电园电商大厦A区A电园A区,,,
苏孟乡苏孟村苏孟乡安置小区,,,
浙江省临安市玲珑街道化岭脚村,浙江省,临安市,
南环路0000号元光德大厦,,,
绍兴市袍江小小名谭兴塘街000号、00号二楼,浙江省,绍兴市,
浙江传媒学院继续教育学院,浙江省,杭州市,
杭州市佐圣观路000号金隆花园金梅轩,浙江省,杭州市,
庄市街道庄渝路0号世创电商园区A座,浙江省,宁波市,镇海区
浙江省嘉兴市王江泾镇南方纺织城00栋,浙江省,嘉兴市,秀洲区
柳庄巷000号城市广场-A座,,,
梧田街道蛟凤北路华山车行,,,
莫城王家浜路00号通亚物资内五号楼四楼,,,
下沙东大街000号,,,
大麻杭州湾轻纺城顺丰快递,浙江省,宁波市,慈溪市
江干区九润公寓,,,江干区
八一路祥瑞小区低联00栋,,,
强荣东工业区A00栋北侧,,,
下沙00号大街多蓝水岸听涛苑,,,
江干区丁桥镇嘉德威,浙江省,嘉兴市,江干区
望海路浙江绿宇环保有限公司,浙江省,杭州市,
下沙00号大街00号路口野风海天城,,,
松鹤社区松合里,,,
华浙广场国税大厦,,,
崇福镇经济开发区茅桥埭,浙江省,嘉兴市,桐乡市
柳市镇捷达西路0号00楼,浙江省,温州市,乐清市
浙江省温州龙港镇龙州二街000号电联,浙江省,温州市,龙港市
浙江省温州市其它区此地址不处理退货_请联系客服处理,浙江省,温州市,
钱湖北路0000号奥丽赛大厦00楼,湖北省,宜昌市,
宁波市杭州湾新区滨海四路000号,浙江省,宁波市,慈溪市
罗城头街道河北省邯郸市河北工程大学科信学院崇礼楼,河北省,哈尔滨市,
簧园市场0楼00街000号,,,
上虞市百官镇文化南区000幢电联,浙江省,绍兴市,上虞市
飞云宋家埭工业区爱箱随箱包,,,
银杏路杭州大宏农业开发公司,浙江省,杭州市,
宗汉街道三北西大街0000号,,,
湖墅南路000-000号文晖路与湖墅路交叉口西北角星河明苑0栋,,,
飞云江路00号赞成中心西楼00A、00A汉帛国际,,,
杭州市延安路000号四楼,浙江省,延安市,
杭州市江东工业园_江东三路0000号,浙江省,杭州市,钱塘区
莫干山路0000-000号五楼杭州智诺科技股份有限公司,浙江省,湖州市,德清县
杭州市登云路000号文化商城0楼,浙江省,杭州市,拱墅区
桥头胡街道桥井西路00号,浙江省,宁波市,慈溪市
坂田雅园路口东南教育,,,
春晖组团00栋0单元,,,
北山工业园区合力橡塑六楼,,,
嘉兴市吉杨路吉杨里小区,浙江省,嘉兴市,
九环路000-00号利华科技,,,
濮院镇_鑫湖家园0楼,浙江省,嘉兴市,桐乡市
金帆街0000号国家级科技企业孵化器金帆基地,,,
华侨路000-000号鱼鲜多海鲜,,,
周巷镇下吴家路村鑫益路0000号,,,
丰产路街道郑州市红专路政七街财源大厦A座,河南省,郑州市,
黑龙江省哈尔滨市嵩山路000号龙建路桥股份有限公司,黑龙江省,哈尔滨市,
螺洋街道上保菜市场对面理圣理发店,,,
下吕浦二区冬宁,,,
广东深圳,广东省,深圳市,
上虞市高峰家园,浙江省,绍兴市,上虞市
万达小区00幢0单元,,,
温州市双屿鞋都三期上叶村,浙江省,温州市,瓯海区
绍兴绿色清洁用品有限公司,浙江省,绍兴市,
文三路0000号钱江科技大厦,,,
壶镇镇上王工业区至尊工具,浙江省,丽水市,缙云县
台州院桥镇下山头村甬台温高速出口以东0公里处半山一号,浙江省,台州市,
浙江安吉杭垓跃潭家居用品有限公司,浙江省,湖州市,安吉县
浦沿街道新生路观邸国际0幢,,,
航海路中洲,,,
新塘街道董家埭社区顶上功夫,,,
柳市镇新光大道000号,浙江省,温州市,乐清市
浙江绍兴勇大针纺工艺有限公司,浙江省,绍兴市,
闲林街道西郊监狱武警中队,,,
浙江省湖州市红旗路0000号湖州中心医院电联,浙江省,湖州市,
濮院镇永越大道0000幢0单元00楼,浙江省,嘉兴市,桐乡市
递铺镇城南社区下郎中新村好又多超市,浙江省,湖州市,安吉县
下沙00号大街与00号大街交叉口和达自由港,,,
浙江省杭州市登云路0000号西城时代00号楼,浙江省,杭州市,拱墅区
柳汀街000号第一医院行政部财务科,,,
下沙区四号大街东海未名园,,,下沙区
中国服装城0号门口南,,,
大塘新村00幢0单元,,,
明楼南区华中街00弄00号,浙江省,宁波市,鄞州区
黎明中路星河大楼A幢,,,
拱宸桥街道丽水路0000号,浙江省,丽水市,
桐庐市青山工业园区尖端路三亚宿舍,,,桐庐市
中市街道人民中路000号三福百货,,,
化工路000巷00号,,,
前西洋西兴路0000号后栋,,,
汉中路街道西大街明主巷汉宇领峰0号楼,陕西省,汉中市,
海军广场街道长江东路000号凯丹天地A00座,,,
深圳西乡盐田新0村,广东省,深圳市,
鹿峰街道百花园小区对面,,,
常秀街000号华尔街大厦,,,
杭州伟轩装饰材料有限公司,浙江省,杭州市,
绍兴绍兴市柯桥东交易区0楼,浙江省,绍兴市,柯桥区
北联市场一区一楼,,,
四季青老市场六楼,,,
桃花源小区000幢00单元,浙江省,舟山市,普陀区
花园岗街000号金通汽配城00幢,,,
固北路00号宁波冠天下家庭用品有限公司,浙江省,宁波市,
马王堆街道晚报北街00号东000栋,,,
城南街道宁康西路0000号温州海远船舶服务有限公司,浙江省,温州市,
苏溪镇000栋00单元东陶购物中心地下室000000,浙江省,金华市,义乌市
浙江省杭州市下沙学林街德信早城00幢0单元,浙江省,杭州市,钱塘区
温州市塘下鲍田豪力公司,浙江省,温州市,瑞安市
建塘家苑000幢0单元,,,
江干区运河东路与航海路交叉口万科大都会电联,,,江干区
东莞市清溪镇厦坭村金星工业区南区江背路00号,广东省,东莞市,
杭州下沙0号大街0号路口必胜客,浙江省,杭州市,钱塘区
浔南新村二期二区000号楼,,,
舒波路00号00幢,,,
多湖街道泉源社区西0幢,,,
杭州市双浦镇下洋村克拉汽车美容,浙江省,杭州市,西湖区
宁围镇市心北路都市阳光广场0幢0单元,,,
富春路与市民街交叉口钱江国际时代广场0号楼,,,
汇丰源市场中通快递营业部转纯源服饰,,,
中心大道0000号德智和大厦00楼,,,
长通街道中环十一区十栋0门,,,
王江泾镇南方纺织城00幢,浙江省,嘉兴市,秀洲区
江东街道宗塘二区000栋七单元,浙江省,金华市,义乌市
佛堂镇义南工业区大士路0号华鸿控股集团,浙江省,金华市,义乌市
浙江省嘉兴市中楠穆溪左岸000栋,浙江省,嘉兴市,
双堆集镇双堆镇陈桥村大王庄,,,
浙江省嘉兴市粮油批发市场A区,浙江省,嘉兴市,
深圳彩田路星河世纪A栋,广东省,深圳市,
大山坪街道长江现代城九栋五单元,,,
国贸中心中区00幢,,,
越东南路0000号绍兴港结算中心,浙江省,绍兴市,
江星商业厂0号楼,,,
经济开发区新群路0000号,,,
乔司镇和睦桥村九组00号,,,
钱湖人家-000单元,,,
杭州东站西广厂负七楼谢阿姨奶茶店,浙江省,杭州市,
浙江省衢州市清明一弄00号,浙江省,衢州市,
南塔国际皮具城八楼花花公子,,,
湖北省天门市张港镇茶店村五组,湖北省,天门市,
秋涛南路橡胶厂的南面南落马营00号,,,
江干区浙江理工大学建工学院,,,江干区
转塘街道000国道金家岭村爱丝艺美发学校,,,
新时代商业港七楼,,,
翡翠湾花园,,,
白马湖文创园陈家村000号,,,
人民大道0000号迈特尔宝欣机械工业公司,,,
南官大道,,,
嘉兴洪合镇白天鹅旅馆北,浙江省,嘉兴市,秀洲区
浙江省杭州市00号大街风帆路口天明环保,浙江省,杭州市,
稠江街道文华路0号综合楼00楼,浙江省,金华市,义乌市
瀛洲区长寿南路000弄000号0楼弘高装修公司,,,瀛洲区
二环东路金河小区00幢0单元,,,
古墩路浙江交通职业技术学院向西北000米上实海上海白洋港城,上海市,上海市,
浙江省宁波市东钱湖高钱工业区,浙江省,宁波市,鄞州区
江干区下沙学林街0000号电联,,,江干区
浙江省温州市滨海园区00路金海二道0000号,浙江省,温州市,
掌起镇五姓点村吴家新西村000号,,,
括苍西路000号国际花园,,,
新创宜家商贸城,,,
浦阳路浙江农林大学暨阳学院,浙江省,绍兴市,嵊州市
东岭镇农村信用社对面青春绿卡美容院,,,
国际商贸城0区0楼链接体七街,浙江省,金华市,义乌市
上海市金钟路0000号凌空AAA000楼00楼,上海市,上海市,
浙江省丽水市水阁工业区,浙江省,丽水市,松阳县
三墩镇西园0路九鼎集团00楼真智电商,,,
武康经济开发区长虹东街0000号浙江云峰莫干山家居用品有限公司,浙江省,湖州市,德清县
航海路0000号森禾广场A座,,,
东关人民东路0000号外运仓库内左边第五栋五楼,,,
观澜牛湖观天路000号大中华红木广场,广东省,惠州市,
濮院镇永乐新村母婴店,浙江省,嘉兴市,桐乡市
浙江省金华市,浙江省,金华市,婺城区
衢州沈家信安大道0000号,浙江省,衢州市,
周浦线周家埭村杭州钱江热能设备公司,浙江省,杭州市,
转塘街道赞成岭上花苑,,,
洪合镇国贸中心广场00号楼,浙江省,嘉兴市,秀洲区
经济开发区名园北大道00号,,,
松石西路0000弄00幢,,,
高新区聚贤路0000号00楼,浙江省,宁波市,高新区
浙大网新软件园浙大网新软件园,,,
广东省东莞市虎门镇富民布料市场料区A000档,广东省,东莞市,
新气象路0号与会展交汇绿溪玫瑰园,,,
国际商贸城三期,浙江省,金华市,义乌市
丽水丽水紫荆路与庆春街交口往北体育场电联,浙江省,丽水市,
浙江省嘉兴市王店镇南舍木桥,浙江省,嘉兴市,
嘉兴嘉兴洪口镇兴旺路兴达机械厂里面00秋边上,浙江省,嘉兴市,
浙江省嘉兴市中山西路0000号嘉兴市人民检察院,浙江省,中山市,
东滨路000号联动A谷,,,
虹北锦园,,,
海洲路000号希尔顿酒店,,,
城南路0000号附近金穗月亮湾,,,
唐家墩街办事处汉口唐家墩香港路浅水湾小区A栋,,,汉口
松元路芜湖大地农副产品批发市场西北大地农副产品批发市场-精品水果交易区,安徽省,芜湖市,
下沙世茂江滨花园-峻景湾00幢0单元,,,
花园岗街易构大厦,,,
宁波市聚贤路0000号,浙江省,宁波市,
江干区下沙宝龙城市广场澳门街,,,江干区
人民路000号银亿外滩大厦,浙江省,宁波市,江北区
下城区长浜路万家新城,,,下城区
杏林镇中铁一局集团中心医院,,,
店口海亮水暖城000栋,浙江省,绍兴市,诸暨市
浙江省绍兴县铁清镇三西村湖西000号,浙江省,绍兴市,柯桥区
和义路000号汇金大厦,,,
文一西路0000号绿岸科苑,,,
新青年广场A座谢某某,,,
西子公寓二期0栋00单元,,,
新桥街道高翔工业区高迎路000号,,,
文三路0000号文三数码大厦,,,
萧江镇直浃河村萧江镇直浃河村村民委员会,,,
灵溪镇时代御园00栋海西电商科技园A区,浙江省,温州市,苍南县
陈店镇文光陈仙路东侧后面,,,
樟木头樟洋村富竹一街公主梦鞋业,广东省,东莞市,
濮院镇宏苑南路000号0幢华西公司,浙江省,嘉兴市,桐乡市
浙江省绍兴县湖塘街道鉴湖村上鉴湖000号,浙江省,绍兴市,越城区
江东商苑000栋0单元,,,
浙江省湖州市织里镇康泰西路00号,浙江省,湖州市,吴兴区
浙江省杭州市萧山区大江东前进街道三丰路0000号杭州统一企业有限公司,浙江省,杭州市,萧山区
下城区华西街000号浙江移动公司电联,,,下城区
天汇窗帘市场A区,,,
江干区下沙街道金隅观澜时代云邸,广东省,惠州市,江干区
浙江余姚开发区振兴南路00号,浙江省,宁波市,余姚市
绍兴越西路0000号中国人保,浙江省,绍兴市,
萧江镇华东农贸市场,,,
塘下镇镇政府门卫室,浙江省,温州市,瑞安市
楠溪江路000号宏泰大楼0楼,,,
山东省潍坊市青年路茶叶市场南区群峰茗茶行,山东省,潍坊市,
五四路000号置地广场,,,
文二路求智巷00号00单元,,,
三墩镇留祥路港湾家园000幢,,,
徐二路0000号香港普瑞,,,
浙江省江干区丁桥镇北城铭苑,浙江省,嘉兴市,海宁市
松门镇东南工业园区松门东南工业区,浙江省,台州市,温岭市
浙江省杭州市下沙0号大街0000号国家高科技孵化园A区,浙江省,杭州市,钱塘区
浙江嘉兴嘉兴市钟埭经济开发区,浙江省,嘉兴市,
上海人才创业园A0幢0A,上海市,上海市,
温州大道000号温州织南针针织,浙江省,温州市,
浙江杭州市文三西路康乐新村,浙江省,杭州市,
玉环县大麦屿新园工业区固士力,浙江省,台州市,玉环县
翠竹街道田贝一路华丽园北座大堂,,,
通达路0000号宁波元通元瑞汽车有限公司,浙江省,宁波市,
石板巷新村,,,
绍兴市国商大厦六楼宗洋专柜,浙江省,绍兴市,
箬横镇汽摩配园区东环路西侧,浙江省,台州市,温岭市
绍兴柯桥镇笛扬路广厦工艺00号楼电联,浙江省,绍兴市,柯桥区
浙江省湖州市味央现代农业产业园,浙江省,湖州市,
武原街道新桥北路嘉凯城物美超市,浙江省,嘉兴市,海盐县
穗达路000号海格锁闭系统公司,,,
金恒路金恒德汽配城A区,,,
兰江街道谭家岭村路横桥00号,,,
良渚街道莫干山路0000号0号楼00楼,浙江省,湖州市,德清县
江滨西路0000号华中大厦,,,
学院东路0000号嘉和花园,,,
通园北路000号于奇螺丝公司,,,
濮家新村000幢0单元,,,
苏溪镇兰畈A区000栋0单元后门上二楼,浙江省,金华市,义乌市
范市人民北路00号淘天下,浙江省,宁波市,慈溪市
联合市场七楼A区,,,
西周镇机电工业园区朝晖路0号宁波天弘电力器具有限公司,浙江省,宁波市,象山县
西溪路000号西,,,
紫荆花路望月公寓樱花苑0栋00单元,,,
斜桥镇卡森卫星城名庭园营销中心,浙江省,嘉兴市,海宁市
马市街00号楼0单元,,,
东信大道0000号喜来登酒店00楼,,,
古墩路0000号同人精华,,,
南街镇畔河湾市场创盈通信,,,
市府大道0000号民泰商业银行00楼,,,
逍林镇机电市场北大门,浙江省,宁波市,慈溪市
浙江省宁波市雅戈尔大道000号_生鲜食品节假日正常派送,浙江省,宁波市,
重庆市重庆市渝北区龙溪街道中渝都会首站0栋,重庆市,重庆市,渝北区
浙江省嘉兴市新塍镇胜利路0000号,浙江省,嘉兴市,秀洲区
东街0000号金丰大厦写字楼0楼大统会计师事务所公司,,,
中洲精品女装九楼,,,
五马街道欧洲城A区00楼健林画室,,,
东新路东文路万家星城二期,,,
杭州市中河中路000号新工商银行,浙江省,宁波市,鄞州区
东方数码广场AAAA成就店,海南省,东方市,
得胜中路四楼灵接触广告,,,
滨盛路0000号银丰央座,,,
市心北路诺德财富中心A座00楼,,,
雁荡西路鸿基花苑00栋,,,
浙江省湖州市经济开发区西凤路0000号,浙江省,湖州市,
新街镇000国道与文明路交叉口宇隆纺织厂00楼,,,
茶山街道迎宾路00号蚂蚁数码,,,
相南街道步行街东头融华仕家对面一号铺网吧旁边,,,
芦浦社区鉴后村汇源路000号,浙江省,台州市,玉环市
温州钱库镇括山乡下汤村东路00号,浙江省,温州市,
国际商贸城二区00门六楼00街,浙江省,金华市,义乌市
石桥路杨家芯宛,,,
石岩街道塘头社区天宝路000号美华大厦皇轩假日商务会所四楼前台,,,
金华北苑街道棉塘市区,浙江省,金华市,义乌市
鸿达路0000号杭州惠康服饰有限公司,浙江省,杭州市,
教工路000号百脑汇负九,,,
广东省深圳市东岗区人民法院平湖法庭平湖街道高原路000号,广东省,深圳市,
巾石乡巾石乡竹坪村朱氏井,,,
深圳西丽牛成村万家福超市门口电联,广东省,深圳市,
江门市高沙三街银行会员清分中心00号楼,广东省,江门市,
新大路000号烟草公司隔壁,,,
温州中国鞋都二期戴宅路000号,浙江省,温州市,
温州康乐坊00号电热器材电联,浙江省,温州市,
延安路0000号银泰武林店,陕西省,延安市,
袍江工业区江东路0000号,,,
惠兴路00-0号聚文魁石雕艺术工作室旁边,,,
秋溢路000路0号楼0楼,,,
骆驼工业区永茂西路000号,浙江省,宁波市,镇海区
浙江省宁波市宁波市望春工业园区云林中路0000号A座0楼质检部,浙江省,宁波市,海曙区
东亭蔚蓝都市,,,
下沙文渊路0000号0楼共海服饰,,,
浙江省宁波市俞范东路000号宁波海达塑料机械有限公司,浙江省,宁波市,
宁波市澄海路飞宇液压有限公司,浙江省,宁波市,
中恒世纪科技园00A,,,
青芝坞石虎山00号浙报理想文创园A区,,,
江干区老中洲女装,,,江干区
迎宾路与临东路交叉口华元尚峰0幢0单元,,,
北白象镇旺林村旺林大道000号,浙江省,温州市,乐清市
南汇景园六幢七单元,,,
登良路公园道大厦-A座,,,
东关春江花园,,,
国贸名品港西北厅七楼,,,
衙前镇明华原料市场0栋幢,,,
浙江省杭州市闻堰黄山桥南路,浙江省,杭州市,滨江区
童店一区000栋00单元,浙江省,金华市,义乌市
越州轻纺工贸园区一区0幢,,,越州
湖州市三洋海岸,浙江省,湖州市,
米市巷街道密度桥路白马公寓0幢0单元,,,
国际商贸城四区00号门00楼0街,浙江省,金华市,义乌市
义务市义南工业区葛仙路00号偌轩服饰电联,浙江省,金华市,义务市
杭州市临平镇东湖小区,浙江省,杭州市,余杭区
濮院镇大道0000号00单元00楼,浙江省,嘉兴市,桐乡市
温州欧左岸,浙江省,温州市,
浙江省绍兴市灵芝镇大善村桥北,浙江省,绍兴市,越城区
金华市宾虹路0000号四季瑞丽酒店,浙江省,金华市,婺城区
宁波高新区聚贤路0000号,浙江省,宁波市,
杭州文二西路桂花城栖霞苑,浙江省,杭州市,
莞城街道莞城区八达路聚丰市场,广东省,东莞市,莞城区
沙平北路0000号义兴综合楼,,,
沙井街道新桥社区洋下大道00号凯悦大厦,,,
塘河新村0弄00幢-0单元-,,,
大洋镇商住楼加良粮油店,,,
浙江省绍兴县柯桥街道柯华路大坂风情,浙江省,绍兴市,柯桥区
诚信路0000号紫郡小区000幢000栋,浙江省,金华市,义乌市
万达金街00栋傲娇娘娘,,,
梅湖新村00栋朵多百货,,,
浙江省绍兴市新三路浙江德普电器有限公司,浙江省,绍兴市,
湖北省武汉市华中师范大学外国语学校,湖北省,武汉市,
四川省成都市高新区天府二街天府鹭洲,四川省,成都市,
禾兴北路0000号穆湖花园,,,
双屿中国鞋都产业园区帝邦工业园,浙江省,温州市,瓯海区
国际商贸城A区00楼,浙江省,金华市,义乌市
瓜沥镇杭州瓜沥仓储配送仓库,浙江省,杭州市,萧山区
南苑街道翁梅社区保亿风景晨园0栋,,,
浙江省富阳市富春街道大桥北路0000号,浙江省,富阳市,
汀田街道寨下公园西路0000号后面新西大楼,,,
舟山市沈家门长兴弄五号楼,浙江省,湖州市,长兴县
长安镇农发区启潮路0000号杭州百联奥特莱斯广场五楼,浙江省,嘉兴市,农发区
吉林省长春市净月开发区净月旅游开发区福祉大路长春工业大学人文信息学院,吉林省,长春市,
宁波市轻纺城副食品九楼,浙江省,宁波市,
塘坪路0000号_东方府邸00栋,海南省,东方市,
仙湖路0000号森都电器,,,
长河街道江二路0000号0幢00层,浙江省,宁波市,慈溪市
沁园新村,,,
江干区下沙经济开发区00号大街0000号,,,江干区
文三路0000号华星时代广场A座000层吾诺瀚卓,,,
浙江省绍兴县富盛镇义峰村北山,浙江省,绍兴市,柯桥区
公望街000号财富中心A座,,,
海洲街道温州大厦东二门,浙江省,温州市,
江干区笕桥镇永墩北路0号00幢蓝创园,,,江干区
许巷路0号浙江华德利纺织印染公司,浙江省,嘉兴市,海宁市
浙江省杭州市良渚镇勾运路000号杭州佳友汽车服务有限公司,浙江省,杭州市,余杭区
浙江省金华经济开发区长城村寺塘下000号,浙江省,温州市,瑞安市
温州市飞霞南路0000号温州市交通运输局,浙江省,温州市,
江苏省盐城市射阳县经济开发区,江苏省,盐城市,射阳县
小龙马乡韩英快递转后北廓村,,,
灵溪镇上庄小区,浙江省,温州市,苍南县
浙江省温州市温州一玻钢化玻璃有限公司,浙江省,温州市,
东信大道000号君景庭小区00幢,,,
下城区潮王路000号浙江工业大学东配楼,,,下城区
黔灵镇天誉城00栋四单元,,,
中国皮革城A座一楼浙江路00号,浙江省,海宁市,
沈家门鲁家峙000号扬帆集团股份有限公司供应处报关组,浙江省,舟山市,普陀区
壶镇工业区兴工路0000号,浙江省,丽水市,缙云县
宁波盐仓街道兴舟大道000号服装店,浙江省,宁波市,
宁波中山东路0000号银太天一店0楼办公室,浙江省,中山市,
浙江省温州市淡溪镇繁华路七幢,浙江省,温州市,
绍兴柯北轻纺贸易中心南区,浙江省,绍兴市,
经济开发区雄鹰模具城0幢,,,
廿三里街道后义村宝商路00号工业园0号楼0层,浙江省,金华市,义乌市
浙江省金华金华宾虹路000号滨江好望角门卫室,浙江省,金华市,婺城区
柳市镇柳乐路000-00号,浙江省,温州市,乐清市
航海路000号中州0楼,,,
浙江省温州市北白象镇赵家洞,浙江省,温州市,乐清市
于城镇庄家村小竹林字卡厂,,,
杭州无常街道西溪花城000幢,浙江省,杭州市,西湖区
台州市台州湾经济开发区滨海工业区海丰路000号,浙江省,台州市,温岭市
大庆北路0000弄东鹰花园,黑龙江省,大庆市,
贵州省黔西县连城街道里沙大道中心医院住院部九楼,贵州省,毕节市,黔西市
柳市镇智广工业区百奥气动,浙江省,温州市,乐清市
骆驼街道汇湖路000号一楼,浙江省,宁波市,镇海区
四季青面料市场二区创新布行,,,
青街乡,,,
高桥镇秀丰村秀水路000号,浙江省,宁波市,海曙区
下城区凤起路0000号天安假日公寓0号楼,,,下城区
浙江省宁波市望春工业园区云林中路0000号A0座00楼质检部,浙江省,宁波市,海曙区
宁波石湫工业区天宁路000号0幢,浙江省,宁波市,
保集蓝郡000号楼保集蓝郡-000号楼,,,
江晖路0000号苏泊尔大厦000楼,,,
世贸大道0000号沃德商务中心A座,,,
梧田街道南村幸福路000号,,,
江干区丹桂街000号迪凯国际中心00楼电联,,,江干区
陆埠镇水暖城舜孙南路000号,浙江省,宁波市,余姚市
杭州市下沙东部国际商务中心00栋,浙江省,杭州市,钱塘区
洪合镇嘉洪大道0000号洪合国贸中心0号楼00楼,浙江省,嘉兴市,秀洲区
长弄堂越王街红越火锅,,,
下王一区000栋00单元,浙江省,金华市,义乌市
开发区赵湾一路杨家部社区卫生服务中心,,,
皮都路000号00幢派弟服饰有限公司,,,
江干区九堡镇圣奥领域,,,江干区
清泰街华东医药股份有限公司南六楼民营医药销售部,,,
湖州市双林镇懂双林大桥北,浙江省,湖州市,南浔区
民安东路书香景苑一期南区00幢,,,
东冠路0000号杭州高新金盛科技园,浙江省,杭州市,
人民路谢池地下市场,,,
中国轻纺城毛纺面料市场A区九楼,,,
临城新区海宇道000号弘禄国际大厦000A,浙江省,舟山市,临城新区
武林街道延安路0000号国信大厦,陕西省,延安市,
温州柳市长虹工业区长征路0000号,浙江省,温州市,乐清市
包头市其它区稀土高新区劳动路东站前路高新区特色产业基地办公楼0楼,内蒙古自治区,包头市,
鱼沙坦蓝屋一街000号,,,
浙江省衢州市巨化望江花苑,浙江省,衢州市,
温州瓯北三桥工业区温州宏泉气动,浙江省,温州市,永嘉县
联合市场A区0楼,,,
康济北街0000号亿丰印业有限公司,,,
黑龙江省大庆市龙凤区开发区黎明街道柏林春天,黑龙江省,大庆市,
南星街道飞云江路赞成中心东楼,,,
新疆乌鲁木齐市乌昌公路0000号乌鲁木齐粮食储备库,新疆维吾尔自治区,乌鲁木齐市,
鳌江镇鸽巢路兴鳌工业园区,浙江省,温州市,平阳县
新农都二区,,,
下城区朝晖五区000栋0单元,,,下城区
浙江省嘉兴市平湖市经济开发区,浙江省,嘉兴市,平湖市
马渚镇兴马大道,浙江省,宁波市,余姚市
石契街道后仓村欣捷混凝士公司,,,
万里学院回龙校区菜鸟驿站,,,
国际商贸城一期A区,浙江省,金华市,义乌市
马渚镇文昌名苑00幢,海南省,宁波市,余姚市
八一南街0000号保集广场,,,
其他地区碧山镇碧山镇幼儿园旁,,,
定沈路0000号舟山医院住院部四楼磁共振,浙江省,舟山市,
永傅路000号华业电力工程公司,,,
塘栖康庭和苑00幢0单元,,,
永中街道度山工业区纪风路0000号温州奥洋科技有限公司,浙江省,温州市,龙湾区
东经二路00号国通电器,,,
滨康路000号储仓快捷,,,
浙江嘉兴市王店镇花园路0号,浙江省,嘉兴市,
老军营街道河畔明珠小区六单元,,,
凤鸣街道高新东苑,浙江省,嘉兴市,桐乡市
小港街道文仕光学后,浙江省,宁波市,北仑区
采荷街道新塘路采荷嘉业大厦0幢,,,
塘下镇鲍田鲍四村北新街0巷0号,浙江省,温州市,瑞安市
国际商贸城三期四区0楼00街,浙江省,金华市,义乌市
保利湾天地二期00幢,,,
温州龙湾镇蒲州街道上江新江路电联,浙江省,温州市,龙湾区
广东广州市石滩镇立新中路000号创美窗帘店,广东省,广州市,
北白象镇白鹭屿村通公路,浙江省,温州市,乐清市
浙江省奉化市锦屏街道山林村后岭00号,浙江省,宁波市,奉化区
景宜路格林小镇,,,
水头镇丹华北路,,,
经中路0000号明远大厦五栋九楼冷运部,,,
秣陵镇天正天御溪岸-龙眠大道000号A区0栋对面中厦建设项目部,,,
内湖区民权东路六段000巷00号00楼之,,,内湖区
黑龙江省双鸭山市矿区社保局七星社保分局,黑龙江省,双鸭山市,
贵州省沿河县塘坝乡金竹村场上,贵州省,铜仁市,沿河县
浙江省嵊州市经济开发区上宕头村000号,浙江省,绍兴市,嵊州市
绍兴市_袍江工业区_荷湖路0号十幢,浙江省,绍兴市,
中兴路东方名庭,海南省,东方市,
王充路0000号亚厦阳光假日00栋0单元,,,
滨康路000号中控大厦A座,,,
杭州余杭塘路0000号紫金文苑紫金文苑,浙江省,杭州市,余杭区
厚富小区00幢厚富小区-000幢,,,
浙江省湖州织里镇康泰路000号,浙江省,湖州市,吴兴区
大南街办事处观音庙东门禅意会馆,,,
御景华庭南区00幢,,,
湖北省武汉市东湖路翠柳街0号书法报硬笔书法编辑部,湖北省,武汉市,
宁波古林镇俞家村桂林小区,浙江省,宁波市,海曙区
武康镇兴康南路民心小区00幢,浙江省,湖州市,德清县
南苑街道河南埭路0000号000号楼唛歌0楼,河南省,郑州市,
阡陌路0000号中国银行物联网产业园支行,,,
上金线000号星星冷链采购中心,,,
北苑街道厚富小区000栋0单元,浙江省,金华市,义乌市
东塍镇三佳东路0-00号,,,
山东省苍山县芦柞镇大吴皇路村中心小学,山东省,临沂市,兰陵县
杭州奥特莱斯,浙江省,杭州市,
虎山路00号豪爵伶木原厂配件,,,
大庆北路000弄00号0000幢宁波众邦汽车维修服务有限公司,黑龙江省,大庆市,
杭州市西溪印象城山姆会员店,浙江省,杭州市,西湖区
浙江省嘉兴市濮院镇上上城小区,浙江省,嘉兴市,桐乡市
浙江省金华市罗埠镇九皇圣康,浙江省,金华市,婺城区
安徽省合肥市阜阳北路0000号,安徽省,合肥市,
温州银泰百货五楼思莱德专柜,浙江省,温州市,
临丁路与华鹤路交叉口西北侧000米卓越蔚蓝领秀,,,
冷静街00号银亿时代0楼,,,
江东区中兴路0000号天润商座A座,浙江省,宁波市,鄞州区
神丽路0000号浙江派尼尔科技股份有限公司,浙江省,金华市,
真如镇街道真北路0000弄000号,,,
广东省深圳市西乡街道河西一坊,广东省,深圳市,
濮院镇工贸大道0000号五栋七楼,浙江省,嘉兴市,桐乡市
湖东二里桥路金洲集团宿舍,,,
马渚镇四联村下坝金舜机械厂,浙江省,宁波市,余姚市
郭溪镇任桥街0000号新,浙江省,温州市,瓯海区
丹光西路000-000号,,,
秋溢路000号东冠高新科技园高新汇猿人公社,,,
崇安县千岛湖镇新安东路000号,,,崇安县
春晓镇大世万嘉汽车零部件有限公司,浙江省,宁波市,北仑区
上海外冈五金城,上海市,上海市,
下傅小区00栋0楼仓库,浙江省,金华市,义乌市
上塘路000号整形医院口腔科,,,
双屿街道前陈村前浦巷000号,浙江省,温州市,瓯海区
下城区中山北路浙江医保,广东省,中山市,下城区
新桥街000号中国人民财产保险分公司,,,
经济开发区新埠路0000号,,,
塘下塘梅路官渎路口巴黎婚纱00楼,浙江省,温州市,瑞安市
火花街道矿山医院0楼AAA,,,
浙江省绍兴县安昌镇爱利斯染整有限公司,浙江省,绍兴市,柯桥区
横店镇合欢谷酒店,浙江省,金华市,东阳市
禾兴南路000号戴梦得购物中心六楼化妆品AAAA专柜,,,
湖州龙溪北路0000号湖州银玲针织有限公司电联,浙江省,湖州市,
梧田街000弄0栋,,,
浙江省宁波市解放南路000号建设大厦-000楼,浙江省,宁波市,
濮院镇恒居路0000号南门羽格服饰,浙江省,嘉兴市,桐乡市
泽国镇牧西村育英西路000号,浙江省,台州市,温岭市
四季青街道碑亭路新九新九天女装大厦,,,
舟山市菜园镇海滨中路,浙江省,舟山市,嵊泗县
八卦四路先科大院七栋六楼,,,
稠城街道下骆宅新塘下幼儿园,浙江省,温州市,瑞安市
附海镇花塘村西店陆000号,浙江省,宁波市,慈溪市
良渚街道金德路000号赞成美树-,,,
金华市将军路,浙江省,金华市,婺城区
江干区万科草庄西岸,,,江干区
天童北路与鄞县大道交界东北侧南苑国际,浙江省,宁波市,鄞州区
三江国际花园北面商A0-,浙江省,金华市,婺城区
浙江省杭州市省府00号省发改委,浙江省,杭州市,
闲林街道闲兴路000号00号楼,,,
武林广场杭州大厦A座四楼后厅和音专柜,浙江省,杭州市,拱墅区
北六区一楼,,,
江干区九堡镇三村三区,,,江干区
江干区五福新村,,,江干区
杭州经济技术开发区下沙街道盛安路00号00楼财务电联,浙江省,杭州市,钱塘区
国际商贸城二区,浙江省,金华市,义乌市
温州市高新园区高一路000号,浙江省,温州市,
兰江街道万达豪庭,,,
扬帆路0000弄研发园A区0号楼,浙江省,宁波市,
杭州市九和路000号0号楼,浙江省,杭州市,
奉化市西坞街道肖桥路00号,浙江省,宁波市,奉化市
德胜路金茂广场00楼驿淘,,,
峰江街道桥洋工业区奥博管业,,,
国际生产资料市场A0区00街,,,
中河街道格兰云天二期000幢,浙江省,宁波市,鄞州区
崧厦伞城大道0号科创中心,浙江省,绍兴市,上虞区
海游街道广场路00号0楼,,,
仓前镇连具塘村闻泰,,,
江晖路0000号苏泊尔大厦00楼AAA,,,
牛山街道钢铁路玻东巷,,,
宁波宗汉街道潮塘工业区嘉利路四号先科净水机,浙江省,宁波市,
邱隘镇盛莫路0000弄000号,浙江省,宁波市,鄞州区
半山金隅田员外,,,
文三路华远大厦西单元,,,
郭溪街道梅屿村梅屿路00弄000号对面,浙江省,温州市,瓯海区
二环路东一段新怡路000号浅水半岛00俊一期,,,
温州水心街道樟组团,浙江省,温州市,
天童北路城市广场八楼人人公寓,,,
金华市鞋塘镇荣联工艺品厂,浙江省,金华市,婺城区
王充路0000号亚厦阳光假日00幢0单元,,,
崇福镇皮草大世界0楼,浙江省,嘉兴市,桐乡市
深圳春风路0000号广西外贸大厦00栋,广东省,深圳市,
长治路000号柳市虹艺幼儿园,山西省,长治市,
丹东街道塔山路00-0号,辽宁省,丹东市,
良渚街道文化村阳光天际,,,
经济技术开发区洋埠镇湖前村000号,,,
马屿山后工业区浙江立祥00楼,浙江省,温州市,
萍水街与益乐路交叉口方家花苑00幢0单元,,,
拱北街道拱北义福新村000栋小王商店,,,
廿三里街道后乐村000幢0单元五楼,浙江省,金华市,义乌市
锦兰公寓,,,
盈丰路与鸿宁路交叉口望京空间艺术中心,,,
鄞卅区盛世天诚00幢000单元,浙江省,宁波市,鄞州区
低昂海区小洋岱工业园区-,,,
九堡家苑二区0排,,,
浙江省嘉兴市天凝镇杨庙东信路00号,浙江省,嘉兴市,嘉善县
幸福镇翔凤路二点五环民主A0一号院四栋一单元四楼,,,
瑞福家园A区以勒焊接,,,
人民西路洪源商住楼,,,
紫来办事处二马路艺格美发,,,
大沥镇黄岐白沙隆三工业楼白沙么寓隔壁中通快递0楼,浙江省,宁波市,江北区
东新路西文南苑0幢00单元,,,
杭州市武林广场杭州大厦购物中心A座二楼,浙江省,杭州市,拱墅区
金城路太古广场0号楼,黑龙江省,哈尔滨市,
上梅八中对面中通快递自取,,,
浙江省古墩路紫金港商务大厦,浙江省,杭州市,
南街000号藤桥镇人民政府,浙江省,温州市,瓯海区
国际商贸城四区七楼连接体,浙江省,金华市,义乌市
宜家时代大厦六幢,,,
江干区下沙00号大街东芝公寓0栋,,,江干区
浙江省莘塍民莘中路滨海嘉园A幢0单元,浙江省,温州市,瑞安市
濮院中国毛衫城,浙江省,嘉兴市,桐乡市
金色西溪商务中心A座00层,,,
皮都路000号000幢二楼_玖冬服饰,,,
下城区河东路00号黎明园,,,下城区
塘下镇环城大道亿嘉国际广场A座0层亿嘉国际影城,浙江省,温州市,瑞安市
金城路000号商会大厦A座000楼,,,
西苑街道人民西路0000号,,,
富春街道象牙浦弄000号,,,
青口新光南路000-00号,浙江省,金华市,义乌市
浙江省富阳市文教北路0000号文莱雅苑,浙江省,宁波市,江北区
上厂街0000号龙港镇第三幼儿园,浙江省,温州市,龙港镇
江滨西路000弄市司法局宿舍,,,
江苏省淮安市其它区漕运西路大河新城爱家布艺,江苏省,淮安市,
上海市曹安路轻纺市场一区三楼,上海市,上海市,
浙江省绍兴市辕门北区000栋门卫,浙江省,绍兴市,越城区
乔司街道乔司三鑫工业园,,,
许村镇七号桥布艺一条街00幢,浙江省,嘉兴市,海宁市
湖景家园0栋0单元,,,
浙江省宁波市宁波,浙江省,宁波市,
温州黎明工业区旁超市前台,浙江省,温州市,
青松社区青松村小区收发点,,,
杭州阜阳灵桥镇董家桥村000号,浙江省,杭州市,
古荡街道塘苗路华星现代产业园A幢,,,
回龙路0000号枫丹苑00幢,,,
香樟街0号泛海国际中心A座泛海国际中心-A座,,,
新永楠大酒店院内A幢0楼,,,
坦头镇金恒德汽车坐垫城,浙江省,台州市,天台县
下城区环城东路000号红会医院爱玛客办公室电联,,,下城区
鑫晟实业股份有限公司三分厂,,,
东关街道胜利东街阳光一百城市广场六号楼,,,
浙江省宁波市兰江街道北工业区,浙江省,宁波市,
北京市东长安街00号东方广场东方经贸城东三办公楼00层,北京市,北京市,东城区
温州市新城大道晚报大厦000楼,浙江省,温州市,
宁波市国家高新区东部新城海宁街锦绣东城,浙江省,嘉兴市,海宁市
浙江省杭州戴村镇河杨湖村河上桥纸箱厂内,浙江省,杭州市,萧山区
皮都路00号国富大厦0楼西欧丰利服饰,,,
宁波宁波市江东区百丈东路0000号东胜烟酒商行电联,浙江省,宁波市,鄞州区
花样年美年广场0栋,,,
浙江省杭州市新青年广场A座,浙江省,杭州市,
天津市空港经济区汽车园中路000号天津保时捷中心,天津市,天津市,
凤起东路0000号中豪五福天地0幢,,,
东沟镇润东花园,,,
新塘路000号三新大厦00楼浙江君安世纪律师事务所,浙江省,杭州市,
温州滨海十路二道000-0号,浙江省,温州市,
南京路与飞机场路路口红杉家乐家具广场三楼汉舍卫浴,江苏省,南京市,
浙江省杭州市莫干山路0000号广厦锐明大厦0楼,浙江省,湖州市,德清县
掌起镇环城南路0000号,,,
望春工业园杉杉路楼仓库AAA号00号楼楼仓库,浙江省,宁波市,海曙区
闻堰街道万达北路000号,,,
杭州湾新区三洋村对面挖机修厂,浙江省,宁波市,慈溪市
宁波上海浦东机场空港宾馆北楼,上海市,上海市,
青口北区000栋0单元0楼,浙江省,金华市,义乌市
嘉兴市嘉杭路0000号顺丰仓,浙江省,嘉兴市,
杭州文三路000号华星时代广场A座,浙江省,杭州市,西湖区
宁波首南街道泰安中路000号盈升大厦,浙江省,宁波市,鄞州区
红鲍村绍兴县孙端镇红鲍村民委员会,浙江省,绍兴市,绍兴县
高新技术产业园区念化路000号,,,
富阳市春秋北路0000号鹏程汽车,,,富阳市
延安路000000楼AAAAAA专柜,陕西省,延安市,
四季青面料市场一区,,,
飞云街道林泗洋村00省道旁,,,
虞山镇高新技术产业园深圳路000号中能石化,广东省,深圳市,
浙江省富阳市恩波大道0000号巨大批发瓷,浙江省,富阳市,
日月潭花园明秀苑,,,
经济技术开发区0号大街000号0号楼,,,
宁波宁波市江东区百丈东路现代大酒店,浙江省,宁波市,鄞州区
花园岗街000号浙江金通汽配城000幢,浙江省,杭州市,拱墅区
周巷镇湖塘新村后池头000号,浙江省,绍兴市,柯桥区
浙江省杭州市谷镇及村大坂,浙江省,杭州市,
梨洲街道明伟工业区荣创路00号,,,
白杨街道白杨街道经济技术开发区00号大街00号,新疆维吾尔自治区,白杨市,
水木灵州一期00号楼四单元,,,
浙江省温州市惠民路0000号职业中专,浙江省,温州市,
杭集镇琼花大道扬州天能科技有限公司,江苏省,扬州市,
听涛路源隆大厦0幢,,,
东新街道世嘉君座00幢,,,
清林闲庭000幢000单元,,,
九堡乔下线0000号锦恒物流0号货梯三楼嘉利汽配,,,
下沙幸福桥七格工业区,,,
嘉兴洪合镇洪汇路000号赛落飞,浙江省,嘉兴市,秀洲区
天童南路000号,,,
浙江省温州市浙江省温州市环河桥北侧,浙江省,温州市,
浙江省宁波市海晏南路曙光建设工地,浙江省,宁波市,
凤岗镇雁田村水贝工业区A栋七楼第一间房,广东省,东莞市,
江干区笕桥镇机场路000号七小营门电联,,,江干区
笕桥镇横塘村笕丁路000号,,,
温州市龙港镇龙美路000号,浙江省,温州市,龙港市
江干区庆春东路000-00号,,,江干区
春晗路000号00号楼0单元00楼,,,
龙华新区大浪街道富隆特工业园00栋七楼0号门,广东省,深圳市,龙华新区
宁波市契阐街000号都市仁和000楼,浙江省,宁波市,
鄞奉路000弄00号星河湾,浙江省,宁波市,鄞州区
沧海路0000弄上东商务中心0号楼,,,
百丈东路0000号包商大厦,浙江省,宁波市,鄞州区
浙江省金华市环城西路000号,浙江省,金华市,婺城区
嘉兴嘉兴市新城镇凤舞路000号,浙江省,嘉兴市,
永金路浙江卓诗琳服饰有限公司,浙江省,金华市,
浙江省嘉兴市土店镇塘桥街000号,浙江省,嘉兴市,
下沙海天城,,,
上虞市新上海花园大拇指网吧门口,上海市,上海市,上虞市
潘阳县珠湖乡镇政府一盒瘦包,,,潘阳县
国际商贸城00号门0楼0街,浙江省,金华市,义乌市
新浦镇八塘桥往下000米百世云仓,浙江省,宁波市,慈溪市
华景名苑,,,
大湖头000栋00单元地下室,,,
北白象双庙村科思达电子有限公司,浙江省,温州市,乐清市
新风路000号红街天城0幢,,,
广东省深圳市艾玛琳商贸有限公司,广东省,深圳市,
三市路000弄00号,,,
奉化市尚田镇上一村奉化力拓机电有限公司,浙江省,宁波市,奉化区
钢花村街道钢花新村000街00门,,,
沈阳市经济技术开发区管理委员会台商工业园浑河十一街,辽宁省,沈阳市,
江干区宋都晨光国际花园00幢00单元,,,江干区
过境路附近双屿二组团住宅区小区保安室正对面金立客服中心,浙江省,温州市,瓯海区
浙江省杭州市金城路0000号浦发0楼,浙江省,杭州市,萧山区
高新开发区街道松柏工业园区0号厂房好利来,,,
潘桥街道办事处隔壁建设集团工地,浙江省,温州市,瓯海区
暨阳路艮塔路000号雄风百货广场,浙江省,绍兴市,嵊州市
浙江省大溪中岙张村0000号,浙江省,台州市,温岭市
九堡四季青服装大市场00楼,,,
西樟路00栋A单元,,,
浙江省嘉兴市禾兴北路清河西区00栋,浙江省,嘉兴市,
清泰街000号富春大厦00楼,,,
岳峰镇岳峰台中对面岳峰小区A0栋,,,
浙江省杭州市凯旋路凯林巷,浙江省,杭州市,上城区
万达广场A座一楼,,,
祥中路湖畔居珠宝茶艺社,,,
厚街镇东逸翠苑,广东省,东莞市,
四季青街道五星路0000号,,,
师桥镇东南路000-0号,,,
新疆石河子市老街道老街000栋,新疆维吾尔自治区,石河子市,
浙江省金华市宾虹路0000号新世纪花园东,浙江省,金华市,婺城区
温州滨海园区三道十一路0000号,浙江省,温州市,
杭州湾经济技术开发区聚贤一路浙江品得模具有限公司,浙江省,宁波市,慈溪市
学院路000号五金城内,,,
浙江省金华市付村镇初中,浙江省,金华市,婺城区
宁波市骆驼机镇胜光路000号,浙江省,宁波市,镇海区
昆阳镇大自然00栋,,,
江虹南路000号金源生物,,,
滨盛路0000号天恒大厦,,,
递铺镇万庄山自然村000号,浙江省,湖州市,安吉县
临安市青山湖街道科技大道颐和山庄,,,临安市
良渚文化村白鹭路良渚文化村柳映坊,,,
玉环县坎门科技工业园区普天单向器公司,浙江省,台州市,玉环县
宁波彩虹北路000号波特漫大厦,浙江省,宁波市,
大洋路大洋河二区00幢0单元,,,
台州市箭马缝纫机有限公司,浙江省,台州市,
江苏省苏州市新区通安镇华通花园一区000幢,江苏省,苏州市,
慈湖十里河灯具城内河边,,,
慈龙东路0000号上官实业,,,
沁园路与益乐北路交岔口丰登街西铭苑00幢,,,
柳市镇后街工业区开拓路A0号七楼,浙江省,温州市,乐清市
青龙街道荆竹东路0000号东林城市花园,,,
宽带路000号中国移动通信葡萄棚营业厅,,,
庆春路凯旋门商业中心000层A座胜辉纺织品有限公司,,,
浙江省温州市塘下镇_解放中路00号,浙江省,温州市,瑞安市
大自然家园0期0A幢000A楼,,,
浙江省下城区庆春路000号世纪联华超市电联,浙江省,下城区,
蛇口工业七路四海公寓A座大堂速递易或A栈,广东省,深圳市,
湖墅南路000号中环大厦诺文斯特有限公司,,,
青蟹批发交易中心A区,,,
浙江省杭州市下沙世茂广场0栋0单元,浙江省,杭州市,钱塘区
温州市金泰皮革市场金泰路0000号,浙江省,温州市,
碑亭路000号新九天,,,
保A路00号杭州银行八楼零售部,浙江省,杭州市,
金华千鸿路000号古越龙山酒店,浙江省,金华市,婺城区
义务江南四区000栋0单元00楼,,,义务
绍兴路0000号浙江三立时代广场,浙江省,绍兴市,
柳市湖横张瞿村张瞿大道0000号,浙江省,温州市,乐清市
下昆溪A区0幢-,,,
金华市蒋堂工业区八栋金华市捷特包装有限公司,浙江省,金华市,婺城区
台州经济开发区亿嘉路华中大厦0楼,浙江省,台州市,椒江区
东莞市塘厦镇振兴园振兴商业城振民楼,广东省,东莞市,
新仓镇仓前路000--000号,,,
李桑园蔬菜市场000号楼水产大厅南门对过国冰百货,浙江省,宁波市,海曙区
笕桥镇石桥路0000号农科院质标所,,,
扬帆路000弄00号宁波研发园A区0幢-00A浙江前程石化股份有限公司,浙江省,宁波市,
良渚街道良渚大学科技园区00号楼五楼,,,
宁波市高桥镇江南工业区金丰公司,浙江省,宁波市,海曙区
杭州市凤起东路000号,浙江省,杭州市,
三里亭路与池塘庙路交界往北000米水岸雅苑,,,
杭州北景园月桂苑,浙江省,杭州市,余杭区
沙城八甲工业区章家桥路00号,浙江省,温州市,龙湾区
江晖路0000号苏泊尔大厦,,,
康桥街道康桥工业园区康惠路00号A座七楼东,,,
浙江省江干区钱江新城五星路000号瑞金国际大厦电联,浙江省,江干区,
三墩镇振华路乾成园,,,
湖南省芷江县土桥乡草鞋坳村新塘坪组,湖南省,怀化市,芷江侗族自治县
文晖路000号华信设计大楼,,,
上华街道彭村行政村村民委员会,,,
杭海路三角村圣丹集团A幢00楼,,,
浙南鞋料市场A区众信超纤皮,,,
庄市街道芳辰丽阳南园00幢六单元,浙江省,宁波市,镇海区
下城区延安路0000号浙江移动电联,陕西省,延安市,下城区
江干区彭埔镇普福家园北区,,,江干区
清花西路000号花岙村委会,,,
杭钢北苑00栋00单元,浙江省,金华市,义乌市
浙江温州娄桥街道旗秆巷00号,浙江省,温州市,瓯海区
杭大路000号嘉华国际商务中心,,,
京都酒厂路静电设备厂金星大院,,,
柳市镇新光工业区张瞿路00号,浙江省,温州市,乐清市
国贸中心南区00幢,,,
明阳街道玉立路00号宁波舜广,浙江省,宁波市,
嘉兴昌盛南路与华严路交叉口,浙江省,嘉兴市,
蕙北支路0号广大融城印象,,,
四季青新中洲郡熙国际,,,
四季青街道杭海路采荷人家0幢,,,
浙江省江干区秋涛北路000号天运花园,浙江省,江干区,
后宅街道杜元小区00幢00单元,浙江省,金华市,义乌市
浙江省吴宁街道兴宁路0000号,浙江省,金华市,
九堡镇蓝桥景苑,,,
丽水丽水城北东区,浙江省,丽水市,
浙江省临安市太湖源镇杨桥村,浙江省,临安市,
温州学院中路0000号出入境检验局门口,浙江省,温州市,
龙洞街道旅游路00000号世家山水庭院00号楼00单元,,,
锦湖街道虹北锦园A幢一单元,,,
杭州市莫干山路00号0幢0单元,浙江省,湖州市,德清县
杭州大厦A座三楼香堂专柜,浙江省,杭州市,
黑龙江省大庆市百言触酉委浔小区三区,黑龙江省,大庆市,
王店镇天天快递站点收,,,
贵州省遵义县新蒲新区永乐镇爱国村宋家湾,贵州省,遵义市,
温州沙城镇五甲五一怡心路00号,浙江省,温州市,龙湾区
杭州丝绸市场,浙江省,杭州市,
江虹路0000号上峰0栋,,,
世贸大道沃德商务中心A座00楼,,,
利济西路湖州小霸王制衣有限公司,浙江省,湖州市,
温州龙港镇礼品城浙江美森子业,浙江省,温州市,龙港市
川浦路000号宁波远成设备制造有限公司,浙江省,宁波市,
桂溪街道天韵路0000号中航城市广场,,,
宁波杭州湾新区庵东工业区纬二路0000号,浙江省,宁波市,慈溪市
三墩镇三墩街0000号0单元00楼,,,
东环大道辅路附近开元银河名苑-北门,,,
乍浦镇嘉电新村单身公寓0栋0单元,浙江省,嘉兴市,平湖市
浙江省嘉兴市光明街000号0弄0栋,浙江省,嘉兴市,
弥阳镇九号路中段小花园旁鑫康大药房,,,
齐贤齐泱公路金碧园小区侧门,浙江省,绍兴市,柯桥区
浙江省温州市温州医学院附属第一医院南白象院区,浙江省,温州市,
城南街000号三栋八单元,,,
沪闵路0000弄000号,,,
广东省东莞市东莞市虎门镇太宝路电商产业园0栋0楼,广东省,东莞市,
大其里00栋四楼_中通楼上,,,
杭海路常青精品服装批发市场,,,
德胜东路0000号万品汽配城A区00栋,,,
温州新桥金蟾大道,浙江省,温州市,
小港四方家园00幢,浙江省,宁波市,北仑区
河南省郑州市陇海路文化宫路中原新城新天地0号楼00单元,河南省,郑州市,
江滨西路东都大厦A幢,,,
北市场一区七楼金百贝纺织,,,
潮鸣街道东园街东园00幢,,,
银湖街道高尔夫路000-0号,,,
广州大道北000号豪景商贸中心0楼,广东省,广州市,
浙江省象山县经济开发区城南高新创业园,浙江省,宁波市,象山县
江东街道下湾六区00幢,浙江省,金华市,义乌市
深圳体工大队训练馆0楼,广东省,深圳市,
君悦国际花园000幢,,,
双宏路00号浙江雪豹服饰有限公司,浙江省,海宁市,
湖州经济技术开发区梦溪路000号,浙江省,湖州市,
浙江省杭州市庆春苑,浙江省,杭州市,
乾潭镇居民区碧塘00号,,,
中浙阳光花园华溪北路000号花园别墅,,,
湖州市八里店前村天力项目部,浙江省,湖州市,吴兴区
宁波洪塘姚江花园,浙江省,宁波市,江北区
三里家一小区000栋00单元,,,
创景路与文一西路交叉口北000米海创科技中心00号楼,,,
温州温州大南路世贸中心八楼珂尼蒂思专柜,浙江省,温州市,
金华三江街道东莱路000号,浙江省,金华市,婺城区
杭州湾新区_九塘路000号,浙江省,宁波市,慈溪市
池尾街道池尾科技园水玲珑酒店停车场直入00米,,,
嘉善区晋阳东路000-000号苗方轻颜,浙江省,嘉兴市,嘉善区
产业园路0号开元电气有限公司,,,
望湖路000号大艺树大厦,,,
朝晖街道文晖路朝晖二小区0幢0单元,,,
景芳路景芳一区000幢00单元,,,
丽水市开发北路00号南栋六单元四楼,浙江省,丽水市,
郭溪街道塘下村霞叶路0000号,浙江省,温州市,瑞安市
湖州织里大港路0000号,浙江省,湖州市,吴兴区
新桥镇广厦天都城天星苑,,,
萧绍东路000号上海大众0A店对面,上海市,上海市,
昌盛南路000号智慧大厦A座,,,
杭海路000号中洲精品女装,,,
家景花园汇景0幢,,,
杭州市政苑小区,浙江省,杭州市,
市场路00号卓越年华布业有限公司,,,
后滨路00号之一新景禾祥高峰会,,,
玉环县芦浦镇漩门工业城谢公路0号,浙江省,台州市,玉环县
乔司镇三鑫工业园区鑫园路000号00号楼A楼曦彩服饰,,,
宾王路0000号通信市场明达数码,浙江省,金华市,义乌市
西门街道翠柏路,浙江省,宁波市,海曙区
祥茂路000号A栋二楼联科生物,,,
杭州市大关南一苑,浙江省,杭州市,拱墅区
凤鸣街道同福东路000号中驿超市,浙江省,嘉兴市,桐乡市
杭州四季青面料市场二区,浙江省,杭州市,上城区
石化新村小区0号楼0单元,,,
浙江宁波高新区研发园扬帆路000弄A0座,浙江省,宁波市,
集士港镇秋实路0000号华润万家,浙江省,宁波市,海曙区
翠苑街道古翠路康新花园A座,,,
温州市江滨西路0000号,浙江省,温州市,
温州市瓯北镇_华达大厦A幢,浙江省,温州市,永嘉县
明怡花苑,,,
宁波环城西路南段0000号太平鸟集团乐町,浙江省,宁波市,海曙区
国贸路000号嘉兴市毛衫业科技服务大楼,浙江省,嘉兴市,
环渚街道金龙家苑00幢,浙江省,湖州市,吴兴区
浙江省温州市仙岩镇岩二工业区,浙江省,温州市,瓯海区
经济技术开发区00号大街000号,,,
后宅街道洪华小区000幢0单元,浙江省,金华市,义乌市
杭州乔司镇三角村月牙三路00号,浙江省,杭州市,余杭区
天目山路0000号中元溪谷0幢,,,
上陡门00幢,,,
钱江开发区塘南名苑00栋,,,
西兴风情苑00幢0单元,,,
宁波市城市先锋,浙江省,宁波市,
濮院镇二区大庆街0000号,黑龙江省,大庆市,
浙江省杭州市庆春路000号东清大厦,浙江省,杭州市,
火车站旧家属区石转单身宿舍对面,,,
安宜镇白田路百合家园000栋,江苏省,扬州市,宝应县
浙江省温州市龙港镇兴安街000号,浙江省,温州市,龙港市
清远路0000-00号,广东省,清远市,清城区
当湖街道金色港湾0幢,浙江省,嘉兴市,平湖市
振港路华莱士斜对面,,,
回溪街0000号东方巴黎一,浙江省,金华市,婺城区
汽车东站小商品市场,,,
后城里曙光路000号-饿了么,浙江省,金华市,婺城区
东环街迎新商场新动力动漫,,,
北兰江路00号市政府接待办000办公室,,,
篁园市场0楼00街000号,浙江省,金华市,义乌市
新疆阿拉尔市城区公安局刑事侦查大队,新疆维吾尔自治区,阿拉尔市,阿拉尔市
临半路000号00号楼南0楼,,,
杭州市下沙0号大街中国农业银行杭州下沙支行,浙江省,杭州市,钱塘区
文三路0000号颐高数码00楼,浙江省,杭州市,西湖区
柳青二区00栋00单元三楼,浙江省,金华市,义乌市
浙江省杭州市余杭镇中泰工业园仙桥路0号,浙江省,杭州市,余杭区
杭州市黄姑山路00号天科大厦浙江省科技开发中心,浙江省,杭州市,西湖区
杭州市莫干山路0000号明智测绘,浙江省,湖州市,拱墅区
上溪金塘路0000号楼0楼一层,浙江省,金华市,义乌市
泽雅镇泽南小区00栋0楼,浙江省,温州市,瓯海区
山口新村,,,
浙江省杭州市余杭经济开发区兴中路000号,浙江省,金华市,余杭区
金浦路000弄九号杠_,,,
浙江省舟山市沈家门,浙江省,舟山市,普陀区
杭州市体育场路000号六楼,浙江省,杭州市,拱墅区
九堡商贸中心,浙江省,杭州市,上城区
魏塘街道环北西路长城苏旺你手套厂,浙江省,嘉兴市,嘉善县
高新九路0000号0号楼西厂房,,,
杭州市杭州市大学路000号0单元,浙江省,杭州市,上城区
璜土镇融城苑00栋,江苏省,无锡市,江阴市
福全镇中心商贸区无名大厦000楼,浙江省,绍兴市,柯桥区
信河街华侨饭店名品广场0AAAAAAAA,浙江省,温州市,鹿城区
江东区江东北路0000号运鑫公寓电联,浙江省,宁波市,鄞州区
洋河工业区新发自动化公司,,,
北苑街道季宅一区000栋一单元,浙江省,金华市,义乌市
盛世天城二期00幢000单元,,,
浙江省绍兴市山水名家璞园0幢,浙江省,绍兴市,越城区
金家新村000幢金家新村00幢,,,
大街八狮中巷0号院,,,
湖塘镇西屋工业园0区0楼,江苏省,绍兴市,武进区
建丰村建河路00弄0-0号,,,
浙江省嘉兴市晴湾一期,浙江省,嘉兴市,南湖区
江苏省盐城市人民北路北闸0组孙家巷000号,江苏省,盐城市,亭湖区
大学路新村00栋,,,
绍兴市漓渚镇六峰村兴力特陶瓷厂,浙江省,绍兴市,柯桥区
四川省宜宾县观音镇龙驼村,四川省,宜宾市,叙州区
付村镇清坊南街000号联创箱包厂,浙江省,金华市,义乌市
灵溪镇新世纪,浙江省,温州市,苍南县
国际商贸城四区九楼000街,浙江省,金华市,义乌市
东阳市东阳白云街道甑山路永金路0号,浙江省,金华市,东阳市
杜元小区000栋杜元小区-00栋,,,
芯坛高赞高桂南0路00号文三,,,
金华高山头小区000幢0号楼店面,浙江省,金华市,婺城区
东街街道荼亭路000号领海天城,,,
浙江省杭州市杭州市绪塘镇,浙江省,杭州市,建德市
塘下镇北工业区凤都一路000号八栋五楼,浙江省,温州市,瑞安市
和睦街道萍水街0000号口腔医院,浙江省,杭州市,拱墅区
浙江省绍兴市袍江财富中心步行街000号,浙江省,绍兴市,越城区
浙江省绍兴震元路电联,浙江省,绍兴市,越城区
浙江省宁波市俞范东路000号海达塑机有限公司,浙江省,宁波市,镇海区
绍兴县联吉市场七楼,浙江省,绍兴市,柯桥区
杭州文华路南都花园三区,浙江省,杭州市,西湖区
宁波余姚北工业区汝霖路000号法思德五金,浙江省,宁波市,余姚市
台州经济开发区东环大道0000号东风日产台州森元专营店,浙江省,台州市,椒江区
九华路0号薪禾联创公园,,,
屠甸工业园区同丰路000号法拉狄奥00楼,浙江省,嘉兴市,桐乡市
浙江省嘉兴市平湖市经济开发区,浙江省,嘉兴市,平湖市
北京市东方广场西三办公楼,北京市,北京市,东城区
江滨西路0000号万家花苑00幢0单元,,,
故县街道王庄鑫春家园小区,,,
鞋都三期丰叶路000号潘岙经济园A区0栋,浙江省,温州市,鹿城区
南宁市亭洪南建路西二里小卖部附近,广西壮族自治区,南宁市,江南区
上虞市松下镇会源路000号00楼,浙江省,绍兴市,上虞区
掌起镇叶东公路神乐科教器材有限公司,浙江省,宁波市,慈溪市
新街镇同兴村海塘路0000号A座七楼,浙江省,杭州市,萧山区
掌起镇工业园区工业路0号舜业医疗器材有限公司,浙江省,宁波市,慈溪市
高校园区科技孵化园A栋00楼,,,
莘塍镇周田人民路000号,浙江省,温州市,瑞安市
温州市下吕浦安泰大厦A栋,浙江省,温州市,鹿城区
薛家南路与联丰中路交叉口集成广场品尚国际健身00楼电联,浙江省,宁波市,海曙区
国际生产资料市场0层0区0街,浙江省,金华市,义乌市
闻涛路与水印路交叉口水印城,浙江省,杭州市,滨江区
航海路0000号世纪联华超市总台,浙江省,杭州市,上城区
嵩山路0000号王科金花茶会所,,,
春江路00号电子商务园区,,,
工业路0000号,,,
台州路桥路桥街道银商路000号,浙江省,台州市,路桥区
深圳梅陇路南贤商业广场A栋九鑫商贸城,广东省,深圳市,龙华区
长水街道府南花园0000幢,浙江省,嘉兴市,南湖区
四季青中星外贸,浙江省,杭州市,上城区
稠城街道国际商贸城四区六楼0街,浙江省,金华市,义乌市
东渡路000号世贸中心00楼,浙江省,宁波市,江北区
创业大道000号湖州众腾0A店,浙江省,湖州市,吴兴区
文明路与雅新中街交叉口西原毛毛饭店,,,
童店三区,浙江省,金华市,义乌市
经发大道000号家饰会大楼五楼,浙江省,金华市,义乌市
濮院镇宏苑南路000号-000楼,浙江省,嘉兴市,桐乡市