address,aa,bb,cc,label
重庆市万州区高笋塘街道太白路12号,50,01,01,完整
重庆万州牌楼街道沙龙路一段88号,50,01,01,完整
万州区双河口街道龙都大道5号,50,01,01,截断
万州陈家坝街道江南大道3号,50,01,01,截断
万州五桥街道上海大道20号,50,01,01,省略省
高笋塘街道太白路12号,50,01,01,省略省市
重庆万州太白街道,50,01,01,省略市+简称
万州高笋塘太白路12号,50,01,01,同音错误
渐庆万州牌楼街道沙龙路88号,50,01,01,编辑距离错误
高笋塘街道万州区重庆市太白路12号,50,01,01,顺序混乱
重庆市涪陵区敦仁街道中山路9号,50,01,02,完整
涪陵荔枝街道兴华中路31号,50,01,02,完整
涪陵区江北街道滨江路4号,50,01,02,截断
涪陵马鞍街道聚龙大道16号,50,01,02,截断
涪陵李渡街道太白大道8号,50,01,02,省略省
敦仁街道中山路9号,50,01,02,省略省市
重庆涪陵崇义街道,50,01,02,省略市+简称
涪陵敦人街道中山路9号,50,01,02,同音错误
渐庆涪陵荔枝街道兴华路31号,50,01,02,编辑距离错误
荔枝街道涪陵区重庆市兴华中路31号,50,01,02,顺序混乱
重庆市渝中区解放碑街道民权路28号,50,01,03,完整
渝中朝天门街道新华路1号,50,01,03,完整
渝中区七星岗街道中山一路6号,50,01,03,截断
渝中大坪街道长江二路10号,50,01,03,截断
渝中石油路街道经纬大道20号,50,01,03,省略省
解放碑街道民权路28号,50,01,03,省略省市
重庆渝中两路口街道,50,01,03,省略市+简称
渝中解防碑街道民权路28号,50,01,03,同音错误
渐庆渝中朝天门街道新华路1号,50,01,03,编辑距离错误
朝天门街道渝中区重庆市新华路1号,50,01,03,顺序混乱
重庆市大渡口区新山村街道钢花路7号,50,01,04,完整
大渡口九宫庙街道文体路3号,50,01,04,完整
大渡口区春晖路街道松青路15号,50,01,04,截断
大渡口茄子溪街道建桥大道9号,50,01,04,截断
大渡口跃进村街道共建路2号,50,01,04,省略省
新山村街道钢花路7号,50,01,04,省略省市
重庆大渡口八桥街道,50,01,04,省略市+简称
大度口新山村街道钢花路7号,50,01,04,同音错误
渐庆大渡口九宫庙街道文体路3号,50,01,04,编辑距离错误
九宫庙街道大渡口区重庆市文体路3号,50,01,04,顺序混乱
重庆市江北区观音桥街道建新北路18号,50,01,05,完整
江北石马河街道盘溪路22号,50,01,05,完整
江北区五里店街道五红路6号,50,01,05,截断
江北寸滩街道海尔路11号,50,01,05,截断
江北观音桥街道建新南路18号,50,01,05,省略省
石马河街道盘溪路22号,50,01,05,省略省市
重庆江北铁山坪街道,50,01,05,省略市+简称
江北观音乐桥街道建新北路18号,50,01,05,同音错误
渐庆江北五里店街道五红路6号,50,01,05,编辑距离错误
观音桥街道江北区重庆市建新北路18号,50,01,05,顺序混乱
重庆市沙坪坝区沙坪坝街道沙正街15号,50,01,06,完整
沙坪坝小龙坎街道小龙坎新街8号,50,01,06,完整
沙坪坝区磁器口街道金蓉巷3号,50,01,06,截断
沙坪坝陈家桥街道大学城北路20号,50,01,06,截断
沙坪坝渝碚路街道渝碚路66号,50,01,06,省略省
小龙坎街道小龙坎新街8号,50,01,06,省略省市
重庆沙坪坝歌乐山街道,50,01,06,省略市+简称
沙坪坝小拢坎街道小龙坎新街8号,50,01,06,同音错误
渐庆沙坪坝磁器口街道金蓉巷3号,50,01,06,编辑距离错误
小龙坎街道沙坪坝区重庆市小龙坎新街8号,50,01,06,顺序混乱
重庆市九龙坡区杨家坪街道杨正街10号,50,01,07,完整
九龙坡石桥铺街道石杨路32号,50,01,07,完整
九龙坡区谢家湾街道谢家湾正街5号,50,01,07,截断
九龙坡黄桷坪街道黄桷坪正街12号,50,01,07,截断
九龙坡中梁山街道华玉路8号,50,01,07,省略省
杨家坪街道杨正街10号,50,01,07,省略省市
重庆九龙坡西彭镇,50,01,07,省略市+简称
九龙坡杨家具坪街道杨正街10号,50,01,07,同音错误
渐庆九龙坡石桥铺街道石杨路32号,50,01,07,编辑距离错误
石桥铺街道九龙坡区重庆市石杨路32号,50,01,07,顺序混乱
重庆市南岸区南坪街道南坪西路14号,50,01,08,完整
南岸弹子石街道卫国路6号,50,01,08,完整
南岸区铜元局街道风临路3号,50,01,08,截断
南岸海棠溪街道南兴路9号,50,01,08,截断
南岸花园路街道金山路21号,50,01,08,省略省
南坪街道南坪西路14号,50,01,08,省略省市
重庆南岸南山街道,50,01,08,省略市+简称
南岸弹子市街道卫国路6号,50,01,08,同音错误
渐庆南岸铜元局街道风临路3号,50,01,08,编辑距离错误
弹子石街道南岸区重庆市卫国路6号,50,01,08,顺序混乱
重庆市北碚区天生街道中山路18号,50,01,09,完整
北碚朝阳街道碚峡西路7号,50,01,09,完整
北碚区歇马街道冯时行路5号,50,01,09,截断
北碚蔡家岗街道同熙路12号,50,01,09,截断
北碚水土街道云汉大道3号,50,01,09,省略省
天生街道中山路18号,50,01,09,省略省市
重庆北碚东阳街道,50,01,09,省略市+简称
北陪天生街道中山路18号,50,01,09,同音错误
渐庆北碚朝阳街道碚峡西路7号,50,01,09,编辑距离错误
天生街道北碚区重庆市中山路18号,50,01,09,顺序混乱
重庆市綦江区古南街道交通路9号,50,01,10,完整
綦江文龙街道九龙大道16号,50,01,10,完整
綦江区三江街道雷园路4号,50,01,10,截断
綦江通惠街道惠滨二路8号,50,01,10,截断
綦江古南街道交通路9号,50,01,10,省略省
文龙街道九龙大道16号,50,01,10,省略省市
重庆綦江三角镇,50,01,10,省略市+简称
綦江股南街道交通路9号,50,01,10,同音错误
渐庆綦江文龙街道九龙大道16号,50,01,10,编辑距离错误
古南街道綦江区重庆市交通路9号,50,01,10,顺序混乱
重庆市大足区棠香街道二环南路18号,50,01,11,完整
大足龙岗街道北山路6号,50,01,11,完整
大足区龙水镇花市街12号,50,01,11,截断
大足智凤街道清明桥路5号,50,01,11,截断
大足棠香街道二环南路18号,50,01,11,省略省
龙岗街道北山路6号,50,01,11,省略省市
重庆大足三驱镇,50,01,11,省略市+简称
大足堂香街道二环南路18号,50,01,11,同音错误
渐庆大足龙水镇花市街12号,50,01,11,编辑距离错误
龙岗街道大足区重庆市北山路6号,50,01,11,顺序混乱
重庆市渝北区龙溪街道红锦大道10号,50,01,12,完整
渝北龙山街道松石北路22号,50,01,12,完整
渝北区两路街道义学路6号,50,01,12,截断
渝北回兴街道服装城大道8号,50,01,12,截断
渝北龙塔街道紫荆路15号,50,01,12,省略省
龙溪街道红锦大道10号,50,01,12,省略省市
重庆渝北仙桃街道,50,01,12,省略市+简称
渝北龙西街道红锦大道10号,50,01,12,同音错误
渐庆渝北回兴街道服装城大道8号,50,01,12,编辑距离错误
龙溪街道渝北区重庆市红锦大道10号,50,01,12,顺序混乱
重庆市巴南区龙洲湾街道龙海大道9号,50,01,13,完整
巴南鱼洞街道新市街18号,50,01,13,完整
巴南区李家沱街道马王坪正街6号,50,01,13,截断
巴南花溪街道红光大道12号,50,01,13,截断
巴南龙洲湾街道龙海大道9号,50,01,13,省略省
鱼洞街道新市街18号,50,01,13,省略省市
重庆巴南一品街道,50,01,13,省略市+简称
巴南龙州湾街道龙海大道9号,50,01,13,同音错误
渐庆巴南李家沱街道马王坪正街6号,50,01,13,编辑距离错误
鱼洞街道巴南区重庆市新市街18号,50,01,13,顺序混乱
重庆市黔江区城西街道新华大道西路7号,50,01,14,完整
黔江城东街道民主街12号,50,01,14,完整
黔江区城南街道河滨南路5号,50,01,14,截断
黔江正阳街道正阳大道18号,50,01,14,截断
黔江城西街道新华大道西路7号,50,01,14,省略省
城东街道民主街12号,50,01,14,省略省市
重庆黔江舟白街道,50,01,14,省略市+简称
黔江城西街导新华大道西路7号,50,01,14,同音错误
渐庆黔江正阳街道正阳大道18号,50,01,14,编辑距离错误
城西街道黔江区重庆市新华大道西路7号,50,01,14,顺序混乱
重庆市长寿区凤城街道三峡路16号,50,01,15,完整
长寿菩提街道桃源大道9号,50,01,15,完整
长寿区晏家街道晏中路5号,50,01,15,截断
长寿江南街道江南大道12号,50,01,15,截断
长寿凤城街道三峡路16号,50,01,15,省略省
菩提街道桃源大道9号,50,01,15,省略省市
重庆长寿八颗街道,50,01,15,省略市+简称
长寿凤成街道三峡路16号,50,01,15,同音错误
渐庆长寿晏家街道晏中路5号,50,01,15,编辑距离错误
凤城街道长寿区重庆市三峡路16号,50,01,15,顺序混乱
重庆市江津区几江街道大同路20号,50,01,16,完整
江津鼎山街道江州大道8号,50,01,16,完整
江津区德感街道德感正街6号,50,01,16,截断
江津双福街道双福新区大道15号,50,01,16,截断
江津几江街道大同路20号,50,01,16,省略省
鼎山街道江州大道8号,50,01,16,省略省市
重庆江津白沙镇,50,01,16,省略市+简称
江津几工街道大同路20号,50,01,16,同音错误
渐庆江津德感街道德感正街6号,50,01,16,编辑距离错误
几江街道江津区重庆市大同路20号,50,01,16,顺序混乱
重庆市合川区合阳城街道瑞山路11号,50,01,17,完整
合川南津街街道南津路18号,50,01,17,完整
合川区钓鱼城街道嘉滨路6号,50,01,17,截断
合川大石街道长安路9号,50,01,17,截断
合川合阳城街道瑞山路11号,50,01,17,省略省
南津街街道南津路18号,50,01,17,省略省市
重庆合川云门街道,50,01,17,省略市+简称
合川合阴城街道瑞山路11号,50,01,17,同音错误
渐庆合川钓鱼城街道嘉滨路6号,50,01,17,编辑距离错误
合阳城街道合川区重庆市瑞山路11号,50,01,17,顺序混乱
重庆市永川区中山路街道红河大道12号,50,01,18,完整
永川胜利路街道胜利路9号,50,01,18,完整
永川区南大街街道南大街20号,50,01,18,截断
永川茶山竹海街道昌州大道5号,50,01,18,截断
永川中山路街道红河大道12号,50,01,18,省略省
胜利路街道胜利路9号,50,01,18,省略省市
重庆永川朱沱镇,50,01,18,省略市+简称
永川中山路街导红河大道12号,50,01,18,同音错误
渐庆永川南大街街道南大街20号,50,01,18,编辑距离错误
中山路街道永川区重庆市红河大道12号,50,01,18,顺序混乱
重庆市南川区东城街道金佛山大道16号,50,01,19,完整
南川西城街道金山大道8号,50,01,19,完整
南川区南城街道钟楼街6号,50,01,19,截断
南川大观街道中心路12号,50,01,19,截断
南川东城街道金佛山大道16号,50,01,19,省略省
西城街道金山大道8号,50,01,19,省略省市
重庆南川三泉镇,50,01,19,省略市+简称
南川东成街道金佛山大道16号,50,01,19,同音错误
渐庆南川南城街道钟楼街6号,50,01,19,编辑距离错误
东城街道南川区重庆市金佛山大道16号,50,01,19,顺序混乱
重庆市璧山区璧城街道中山北路10号,50,01,20,完整
璧山璧泉街道金剑路18号,50,01,20,完整
璧山区青杠街道白云大道6号,50,01,20,截断
璧山来凤街道来凤路12号,50,01,20,截断
璧山璧城街道中山北路10号,50,01,20,省略省
璧泉街道金剑路18号,50,01,20,省略省市
重庆璧山大路街道,50,01,20,省略市+简称
璧山壁城街道中山北路10号,50,01,20,同音错误
渐庆璧山青杠街道白云大道6号,50,01,20,编辑距离错误
璧城街道璧山区重庆市中山北路10号,50,01,20,顺序混乱
重庆市铜梁区巴川街道中兴路14号,50,01,51,完整
铜梁东城街道金龙大道9号,50,01,51,完整
铜梁区南城街道白龙大道6号,50,01,51,截断
铜梁蒲吕街道金地大道12号,50,01,51,截断
铜梁巴川街道中兴路14号,50,01,51,省略省
东城街道金龙大道9号,50,01,51,省略省市
重庆铜梁安居镇,50,01,51,省略市+简称
铜梁巴州街道中兴路14号,50,01,51,同音错误
渐庆铜梁南城街道白龙大道6号,50,01,51,编辑距离错误
巴川街道铜梁区重庆市中兴路14号,50,01,51,顺序混乱
重庆市潼南区梓潼街道正兴街11号,50,01,52,完整
潼南桂林街道巴渝大道8号,50,01,52,完整
潼南区大佛街道大同街6号,50,01,52,截断
潼南凉风垭街道凉风路12号,50,01,52,截断
潼南梓潼街道正兴街11号,50,01,52,省略省
桂林街道巴渝大道8号,50,01,52,省略省市
重庆潼南双江镇,50,01,52,省略市+简称
潼南梓同街道正兴街11号,50,01,52,同音错误
渐庆潼南大佛街道大同街6号,50,01,52,编辑距离错误
梓潼街道潼南区重庆市正兴街11号,50,01,52,顺序混乱
重庆市荣昌区昌元街道人民路13号,50,01,53,完整
荣昌昌州街道向阳路9号,50,01,53,完整
荣昌区广顺街道顺城街6号,50,01,53,截断
荣昌峰高街道峰高大道12号,50,01,53,截断
荣昌昌元街道人民路13号,50,01,53,省略省
昌州街道向阳路9号,50,01,53,省略省市
重庆荣昌安富街道,50,01,53,省略市+简称
荣昌昌原街道人民路13号,50,01,53,同音错误
渐庆荣昌广顺街道顺城街6号,50,01,53,编辑距离错误
昌元街道荣昌区重庆市人民路13号,50,01,53,顺序混乱
重庆市开州区汉丰街道开州大道18号,50,01,54,完整
开州文峰街道南山中路9号,50,01,54,完整
开州区云枫街道平桥街6号,50,01,54,截断
开州镇东街道滨湖路12号,50,01,54,截断
开州汉丰街道开州大道18号,50,01,54,省略省
文峰街道南山中路9号,50,01,54,省略省市
重庆开州临江镇,50,01,54,省略市+简称
开洲汉丰街道开州大道18号,50,01,54,同音错误
渐庆开州云枫街道平桥街6号,50,01,54,编辑距离错误
汉丰街道开州区重庆市开州大道18号,50,01,54,顺序混乱
重庆市梁平区梁山街道人民东路16号,50,01,55,完整
梁平双桂街道桂西路8号,50,01,55,完整
梁平区合兴街道合兴路6号,50,01,55,截断
梁平仁贤街道仁贤大道12号,50,01,55,截断
梁平梁山街道人民东路16号,50,01,55,省略省
双桂街道桂西路8号,50,01,55,省略省市
重庆梁平礼让镇,50,01,55,省略市+简称
梁平梁出街道人民东路16号,50,01,55,同音错误
渐庆梁平合兴街道合兴路6号,50,01,55,编辑距离错误
梁山街道梁平区重庆市人民东路16号,50,01,55,顺序混乱
重庆市武隆区巷口街道芙蓉中路10号,50,01,56,完整
武隆仙女山街道香叶路6号,50,01,56,完整
武隆区羊角街道烈女西路4号,50,01,56,截断
武隆凤山街道建设东路12号,50,01,56,截断
武隆巷口街道芙蓉中路10号,50,01,56,省略省
仙女山街道香叶路6号,50,01,56,省略省市
重庆武隆江口镇,50,01,56,省略市+简称
武隆巷口街导芙蓉中路10号,50,01,56,同音错误
渐庆武隆羊角街道烈女西路4号,50,01,56,编辑距离错误
巷口街道武隆区重庆市芙蓉中路10号,50,01,56,顺序混乱
重庆市城口县葛城街道北大街12号,50,02,29,完整
城口复兴街道和平路6号,50,02,29,完整
城口县修齐镇仁和路8号,50,02,29,截断
城口高观镇高观大道15号,50,02,29,截断
城口葛城街道北大街12号,50,02,29,省略省
复兴街道和平路6号,50,02,29,省略省市
重庆城口庙坝镇,50,02,29,省略市+简称
城口葛成街道北大街12号,50,02,29,同音错误
渐庆城口修齐镇仁和路8号,50,02,29,编辑距离错误
葛城街道城口县重庆市北大街12号,50,02,29,顺序混乱
重庆市丰都县三合街道平都大道18号,50,02,30,完整
丰都名山街道名山大道9号,50,02,30,完整
丰都县虎威镇虎威路6号,50,02,30,截断
丰都高家镇高家路12号,50,02,30,截断
丰都三合街道平都大道18号,50,02,30,省略省
名山街道名山大道9号,50,02,30,省略省市
重庆丰都社坛镇,50,02,30,省略市+简称
丰都三和街道平都大道18号,50,02,30,同音错误
渐庆丰都虎威镇虎威路6号,50,02,30,编辑距离错误
三合街道丰都县重庆市平都大道18号,50,02,30,顺序混乱
重庆市垫江县桂溪街道桂西大道16号,50,02,31,完整
垫江桂阳街道牡丹大道8号,50,02,31,完整
垫江县澄溪镇澄溪路6号,50,02,31,截断
垫江高安镇高安大道12号,50,02,31,截断
垫江桂溪街道桂西大道16号,50,02,31,省略省
桂阳街道牡丹大道8号,50,02,31,省略省市
重庆垫江周嘉镇,50,02,31,省略市+简称
垫江桂西街道桂西大道16号,50,02,31,同音错误
渐庆垫江澄溪镇澄溪路6号,50,02,31,编辑距离错误
桂溪街道垫江县重庆市桂西大道16号,50,02,31,顺序混乱
重庆市忠县忠州街道巴王路14号,50,02,33,完整
忠县白公街道白公路9号,50,02,33,完整
忠县县乌杨街道乌杨路6号,50,02,33,截断
忠县新生街道新生大道12号,50,02,33,截断
忠县忠州街道巴王路14号,50,02,33,省略省
白公街道白公路9号,50,02,33,省略省市
重庆忠县石宝镇,50,02,33,省略市+简称
忠县忠洲街道巴王路14号,50,02,33,同音错误
渐庆忠县乌杨街道乌杨路6号,50,02,33,编辑距离错误
忠州街道忠县重庆市巴王路14号,50,02,33,顺序混乱
重庆市云阳县青龙街道云江大道18号,50,02,35,完整
云阳双江街道望江大道9号,50,02,35,完整
云阳县人和街道人和路6号,50,02,35,截断
云阳盘龙街道盘石路12号,50,02,35,截断
云阳青龙街道云江大道18号,50,02,35,省略省
双江街道望江大道9号,50,02,35,省略省市
重庆云阳江口镇,50,02,35,省略市+简称
云阳青拢街道云江大道18号,50,02,35,同音错误
渐庆云阳人和街道人和路6号,50,02,35,编辑距离错误
青龙街道云阳县重庆市云江大道18号,50,02,35,顺序混乱
重庆市奉节县永安街道少陵路16号,50,02,36,完整
奉节夔州街道夔府大道9号,50,02,36,完整
奉节县朱衣街道朱衣路6号,50,02,36,截断
奉节鱼复街道诗城路12号,50,02,36,截断
奉节永安街道少陵路16号,50,02,36,省略省
夔州街道夔府大道9号,50,02,36,省略省市
重庆奉节白帝镇,50,02,36,省略市+简称
奉节永完街道少陵路16号,50,02,36,同音错误
渐庆奉节朱衣街道朱衣路6号,50,02,36,编辑距离错误
永安街道奉节县重庆市少陵路16号,50,02,36,顺序混乱
重庆市巫山县巫峡街道广东中路14号,50,02,37,完整
巫山高唐街道平湖西路8号,50,02,37,完整
巫山县庙宇镇庙宇路6号,50,02,37,截断
巫山大昌镇大昌大道12号,50,02,37,截断
巫山巫峡街道广东中路14号,50,02,37,省略省
高唐街道平湖西路8号,50,02,37,省略省市
重庆巫山福田镇,50,02,37,省略市+简称
巫山巫霞街道广东中路14号,50,02,37,同音错误
渐庆巫山庙宇镇庙宇路6号,50,02,37,编辑距离错误
巫峡街道巫山县重庆市广东中路14号,50,02,37,顺序混乱
重庆市巫溪县柏杨街道先锋路12号,50,02,38,完整
巫溪城厢镇西来湾路6号,50,02,38,完整
巫溪县凤凰镇凤凰路8号,50,02,38,截断
巫溪上磺镇上磺大道15号,50,02,38,截断
巫溪柏杨街道先锋路12号,50,02,38,省略省
城厢镇西来湾路6号,50,02,38,省略省市
重庆巫溪文峰镇,50,02,38,省略市+简称
巫溪白杨街道先锋路12号,50,02,38,同音错误
渐庆巫溪凤凰镇凤凰路8号,50,02,38,编辑距离错误
柏杨街道巫溪县重庆市先锋路12号,50,02,38,顺序混乱
重庆市石柱土家族自治县南宾街道万寿大道16号,50,02,40,完整
石柱万安街道都督大道9号,50,02,40,完整
石柱县下路街道下路路6号,50,02,40,截断
石柱黄水镇黄水大道12号,50,02,40,截断
石柱南宾街道万寿大道16号,50,02,40,省略省
万安街道都督大道9号,50,02,40,省略省市
重庆石柱西沱镇,50,02,40,省略市+简称
石柱南滨街道万寿大道16号,50,02,40,同音错误
渐庆石柱下路街道下路路6号,50,02,40,编辑距离错误
南宾街道石柱县重庆市万寿大道16号,50,02,40,顺序混乱
重庆市秀山土家族苗族自治县中和街道黄杨大道18号,50,02,41,完整
秀山乌杨街道朝阳大道9号,50,02,41,完整
秀山县平凯街道平凯路6号,50,02,41,截断
秀山官庄街道官庄大道12号,50,02,41,截断
秀山中和街道黄杨大道18号,50,02,41,省略省
乌杨街道朝阳大道9号,50,02,41,省略省市
重庆秀山洪安镇,50,02,41,省略市+简称
秀山中合街道黄杨大道18号,50,02,41,同音错误
渐庆秀山平凯街道平凯路6号,50,02,41,编辑距离错误
中和街道秀山县重庆市黄杨大道18号,50,02,41,顺序混乱
重庆市酉阳土家族苗族自治县钟多街道桃花源大道16号,50,02,42,完整
酉阳桃花源街道金银山大道9号,50,02,42,完整
酉阳县龙潭镇龙潭路6号,50,02,42,截断
酉阳麻旺镇麻旺大道12号,50,02,42,截断
酉阳钟多街道桃花源大道16号,50,02,42,省略省
桃花源街道金银山大道9号,50,02,42,省略省市
重庆酉阳龚滩镇,50,02,42,省略市+简称
酉阳钟多街导桃花源大道16号,50,02,42,同音错误
渐庆酉阳龙潭镇龙潭路6号,50,02,42,编辑距离错误
钟多街道酉阳县重庆市桃花源大道16号,50,02,42,顺序混乱
重庆市彭水苗族土家族自治县汉葭街道乌江路14号,50,02,43,完整
彭水绍庆街道滨江路9号,50,02,43,完整
彭水县靛水街道靛水大道6号,50,02,43,截断
彭水保家镇保家路12号,50,02,43,截断
彭水汉葭街道乌江路14号,50,02,43,省略省
绍庆街道滨江路9号,50,02,43,省略省市
重庆彭水郁山镇,50,02,43,省略市+简称
彭水汉茄街道乌江路14号,50,02,43,同音错误
渐庆彭水靛水街道靛水大道6号,50,02,43,编辑距离错误
汉葭街道彭水县重庆市乌江路14号,50,02,43,顺序混乱
朝天门街道新华路1号,,,03,歧义
解放碑街道民权路28号,,,03,歧义
中山路街道红河大道12号,,,18,歧义
江北街道北滨路8号,,,05,歧义
上海市黄浦区南京东路街道均乐居委会新昌路87弄,31,01,01,完整
黄浦区外滩街道宝兴居委会金陵东路428号,31,01,01,完整
上海黄浦半淞园路街道西凌家宅路会客室,31,01,01,完整
黄浦区豫园街道旧校场路社区事务受理中心,31,01,01,完整
黄浦区瑞金二路街道复兴公园门侧,31,01,01,截断
上海市黄浦区,31,01,01,截断
南京东路街道均乐社区新昌路87弄,31,01,01,省略省
外滩街道宝兴居委会金陵东路428号,31,01,01,省略省市
黄浦南京东路均乐新昌路87弄,31,01,01,省略市+简称
黄莆区南京东路街道均乐居委会新昌路87弄,31,01,01,同音错误
上诲黄浦外滩宝兴金陵东路428号,31,01,01,编辑距离错误
南京东路街道黄浦区上海市均乐新昌路87弄,31,01,01,顺序混乱
黄莆外滩宝兴金陵东路黄浦上海,31,01,01,同音+顺序混乱
上海市徐汇区天平路街道陕西居委会乌鲁木齐南路,31,01,04,完整
徐汇区徐家汇街道乐山居委会虹桥路188号,31,01,04,完整
上海徐汇漕河泾街道园区企业服务中心,31,01,04,完整
徐汇区湖南路街道武康大楼片区,31,01,04,完整
徐汇区华泾镇社区事务受理中心,31,01,04,截断
上海市徐汇区,31,01,04,截断
天平路街道陕西居委会乌鲁木齐南路,31,01,04,省略省
徐家汇街道乐山居委会虹桥路188号,31,01,04,省略省市
徐汇天平路陕西乌鲁木齐南路,31,01,04,省略市+简称
徐荟区徐家汇街道乐山居委会虹桥路188号,31,01,04,同音错误
徐汇区天评路街道陕西居委会乌鲁木齐南路,31,01,04,编辑距离错误
漕河泾街道徐汇区上海市园区中心,31,01,04,顺序混乱
徐荟漕河泾园区上海徐汇区,31,01,04,同音+顺序混乱
上海市长宁区华阳路街道姚家角居委会安化路,31,01,05,完整
长宁区江苏路街道岐山居委会愚园路1088号,31,01,05,完整
上海长宁新泾镇绿园新村社区福泉路,31,01,05,完整
长宁区仙霞新村街道虹仙居委会茅台路,31,01,05,完整
长宁区周家桥街道中山公园商圈服务点,31,01,05,截断
上海市长宁区,31,01,05,截断
华阳路街道姚家角居委会安化路,31,01,05,省略省
江苏路街道岐山居委会愚园路1088号,31,01,05,省略省市
长宁华阳姚家角安化路,31,01,05,省略市+简称
常宁区仙霞新村街道虹仙居委会茅台路,31,01,05,同音错误
长守区新泾镇绿园新村福泉路,31,01,05,编辑距离错误
仙霞新村街道长宁区上海市虹仙茅台路,31,01,05,顺序混乱
常宁新泾绿园长宁上海福泉路,31,01,05,同音+顺序混乱
上海市静安区南京西路街道陕北居委会茂名北路,31,01,06,完整
静安区静安寺街道侨园居委会常德路800号,31,01,06,完整
上海静安彭浦新村街道艺康苑居委会保德路,31,01,06,完整
静安区大宁路街道慧芝湖花园居委会平型关路,31,01,06,完整
静安区曹家渡街道高荣小区事务站,31,01,06,截断
上海市静安区,31,01,06,截断
南京西路街道陕北居委会茂名北路,31,01,06,省略省
静安寺街道侨园居委会常德路800号,31,01,06,省略省市
静安南京西路陕北茂名北路,31,01,06,省略市+简称
净安区大宁路街道慧芝湖花园平型关路,31,01,06,同音错误
静案区彭浦新村艺康苑保德路,31,01,06,编辑距离错误
曹家渡街道静安区上海市高荣小区,31,01,06,顺序混乱
净安彭浦保德路静安上海艺康苑,31,01,06,同音+顺序混乱
上海市普陀区曹杨新村街道花溪居委会兰溪路,31,01,07,完整
普陀区真如镇街道清涧新村居委会铜川路,31,01,07,完整
上海普陀长征镇象源丽都居委会祁连山南路,31,01,07,完整
普陀区长寿路街道长鸿居委会西康路,31,01,07,完整
普陀区桃浦镇未来岛园区服务中心,31,01,07,截断
上海市普陀区,31,01,07,截断
曹杨新村街道花溪居委会兰溪路,31,01,07,省略省
真如镇街道清涧新村铜川路,31,01,07,省略省市
普陀曹杨花溪兰溪路,31,01,07,省略市+简称
莆陀区长征镇象源丽都祁连山南路,31,01,07,同音错误
普院区桃浦镇未来岛服务中心,31,01,07,编辑距离错误
真如镇街道普陀区上海市清涧铜川路,31,01,07,顺序混乱
莆陀长征祁连山普陀上海象源丽都,31,01,07,同音+顺序混乱
上海市虹口区北外滩街道白玉兰党群服务中心,31,01,09,完整
虹口区欧阳路街道蒋家桥居委会天宝西路,31,01,09,完整
上海虹口曲阳路街道玉一居委会玉田路,31,01,09,完整
虹口区嘉兴路街道瑞虹新城居委会临平路,31,01,09,完整
虹口区四川北路街道社区事务受理中心,31,01,09,截断
上海市虹口区,31,01,09,截断
北外滩街道白玉兰党群中心,31,01,09,省略省
欧阳路街道蒋家桥天宝西路,31,01,09,省略省市
虹口北外滩白玉兰临平路口,31,01,09,省略市+简称
红口区曲阳路街道玉一居委会玉田路,31,01,09,同音错误
虹囗区嘉兴瑞虹临平路,31,01,09,编辑距离错误
曲阳路街道虹口区上海市玉一玉田路,31,01,09,顺序混乱
红口嘉兴瑞虹虹口上海临平路,31,01,09,同音+顺序混乱
上海市杨浦区五角场街道复旦居委会政通路,31,01,10,完整
杨浦区江浦路街道辽源西路居委会辽源西路,31,01,10,完整
上海杨浦新江湾城街道雍景苑居委会国浩路,31,01,10,完整
杨浦区控江路街道凤城巷居委会凤城路,31,01,10,完整
杨浦区平凉路街道社区事务受理中心,31,01,10,截断
上海市杨浦区,31,01,10,截断
五角场街道复旦居委会政通路,31,01,10,省略省
江浦路街道辽源西路居委会辽源西路,31,01,10,省略省市
杨浦五角场复旦政通路,31,01,10,省略市+简称
扬浦区新江湾城雍景苑国浩路,31,01,10,同音错误
杨甫区控江凤城路,31,01,10,编辑距离错误
控江路街道杨浦区上海市凤城居委会,31,01,10,顺序混乱
扬浦新江湾国浩路杨浦上海雍景苑,31,01,10,同音+顺序混乱
上海市闵行区莘庄镇康城居委会莘松路,31,01,12,完整
闵行区江川路街道汽轮机新村居委会兰坪路,31,01,12,完整
上海闵行七宝镇万科城市花园居委会漕宝路,31,01,12,完整
闵行区古美路街道平吉三村居委会顾戴路,31,01,12,完整
闵行区浦江镇社区事务受理服务中心,31,01,12,截断
上海市闵行区,31,01,12,截断
莘庄镇康城居委会莘松路,31,01,12,省略省
江川路街道汽轮机新村兰坪路,31,01,12,省略省市
闵行莘庄康城莘松路,31,01,12,省略市+简称
敏行区七宝万科漕宝路,31,01,12,同音错误
闵行区古美平吉顾裁路,31,01,12,编辑距离错误
七宝镇闵行区上海市万科漕宝路,31,01,12,顺序混乱
敏行古美顾戴路闵行上海平吉三村,31,01,12,同音+顺序混乱
上海市宝山区友谊路街道宝钢一村居委会团结路,31,01,13,完整
宝山区吴淞街道海滨新村居委会淞滨路,31,01,13,完整
上海宝山大场镇大华一村居委会华灵路,31,01,13,完整
宝山区顾村镇菊泉新城居委会沪太路,31,01,13,完整
宝山区罗店镇社区事务受理中心,31,01,13,截断
上海市宝山区,31,01,13,截断
友谊路街道宝钢一村团结路,31,01,13,省略省
吴淞街道海滨新村淞滨路,31,01,13,省略省市
宝山友谊宝钢一村团结路,31,01,13,省略市+简称
保山区大场镇大华一村华灵路,31,01,13,同音错误
宝山区顾村萄泉沪太路,31,01,13,编辑距离错误
大场镇宝山区上海市华灵路大华一村,31,01,13,顺序混乱
保山顾村沪太路宝山上海菊泉新城,31,01,13,同音+顺序混乱
上海市嘉定区嘉定镇街道李园一村居委会金沙路,31,01,14,完整
嘉定区安亭镇汽车城核心区米泉路,31,01,14,完整
上海嘉定马陆镇希望社区宝安公路,31,01,14,完整
嘉定区新成路街道新成村居委会迎园路,31,01,14,完整
嘉定区南翔镇社区事务受理中心,31,01,14,截断
上海市嘉定区,31,01,14,截断
嘉定镇街道李园一村金沙路,31,01,14,省略省
安亭镇汽车城米泉路,31,01,14,省略省市
嘉定马陆希望宝安公路,31,01,14,省略市+简称
加定区新成路新成村迎园路,31,01,14,同音错误
嘉定区南翔填受理中心,31,01,14,编辑距离错误
马陆镇嘉定区上海市希望宝安公路,31,01,14,顺序混乱
加定安亭米泉路嘉定上海汽车城,31,01,14,同音+顺序混乱
上海市浦东新区陆家嘴街道市新居委会浦东南路,31,01,15,完整
浦东新区张江镇碧波路科创社区祖冲之路,31,01,15,完整
上海浦东花木街道由由新村居委会锦绣路,31,01,15,完整
浦东新区川沙新镇侨光居委会新川路,31,01,15,完整
浦东新区惠南镇社区事务受理服务中心,31,01,15,截断
上海市浦东新区,31,01,15,截断
陆家嘴街道市新居委会浦东南路,31,01,15,省略省
张江镇碧波路祖冲之路,31,01,15,省略省市
浦东花木由由锦绣路,31,01,15,省略市+简称
蒲东新区花木由由锦绣路,31,01,15,同音错误
浦东区张江碧波祖冲之洛,31,01,15,编辑距离错误
花木街道浦东新区上海市由由锦绣路,31,01,15,顺序混乱
蒲东张江祖冲之路浦东上海碧波路,31,01,15,同音+顺序混乱
上海市金山区石化街道石化一村居委会卫零路,31,01,16,完整
金山区朱泾镇临源一村居委会临源街,31,01,16,完整
上海金山枫泾镇友好居委会枫丽路,31,01,16,完整
金山区山阳镇蓝色收获居委会龙航路,31,01,16,完整
金山区亭林镇社区事务受理中心,31,01,16,截断
上海市金山区,31,01,16,截断
石化街道石化一村卫零路,31,01,16,省略省
朱泾镇临源一村临源街,31,01,16,省略省市
金山石化一村卫零路,31,01,16,省略市+简称
今山区枫泾友好枫丽路,31,01,16,同音错误
金山区山阳兰色收获龙航路,31,01,16,编辑距离错误
朱泾镇金山区上海市临源街一村,31,01,16,顺序混乱
今山石化卫零路金山上海一村,31,01,16,同音+顺序混乱
上海市松江区岳阳街道人乐居委会乐都路,31,01,17,完整
松江区方松街道江虹居委会思贤路,31,01,17,完整
上海松江泗泾镇新凯家园居委会古楼公路,31,01,17,完整
松江区广富林街道三湘四季居委会文翔路,31,01,17,完整
松江区佘山镇社区事务受理中心,31,01,17,截断
上海市松江区,31,01,17,截断
岳阳街道人乐居委会乐都路,31,01,17,省略省
方松街道江虹居委会思贤路,31,01,17,省略省市
松江岳阳人乐乐都路,31,01,17,省略市+简称
淞江区泗泾新凯古楼公路,31,01,17,同音错误
松江区广富林三湘文翔路,31,01,17,编辑距离错误
方松街道松江区上海市江虹思贤路,31,01,17,顺序混乱
淞江泗泾古楼松江上海新凯家园,31,01,17,同音+顺序混乱
上海市青浦区夏阳街道青松居委会公园路,31,01,18,完整
青浦区徐泾镇蟠龙天地居委会崧泽大道,31,01,18,完整
上海青浦朱家角镇北大街社区课植园路,31,01,18,完整
青浦区盈浦街道西部花苑居委会城中西路,31,01,18,完整
青浦区赵巷镇社区事务受理中心,31,01,18,截断
上海市青浦区,31,01,18,截断
夏阳街道青松居委会公园路,31,01,18,省略省
徐泾镇蟠龙天地崧泽大道,31,01,18,省略省市
青浦夏阳青松公园路,31,01,18,省略市+简称
清浦区朱家角北大街课植园路,31,01,18,同音错误
青浦区盈浦西花苑城中西路,31,01,18,编辑距离错误
徐泾镇青浦区上海市蟠龙崧泽大道,31,01,18,顺序混乱
清浦夏阳公园路青浦上海青松,31,01,18,同音+顺序混乱
上海市奉贤区南桥镇贝港新村居委会新建西路,31,01,20,完整
奉贤区西渡街道水岸家苑居委会西闸公路,31,01,20,完整
上海奉贤奉城镇洪庙社区通城路,31,01,20,完整
奉贤区金汇镇金碧居委会金钱公路,31,01,20,完整
奉贤区青村镇社区事务受理中心,31,01,20,截断
上海市奉贤区,31,01,20,截断
南桥镇贝港新村新建西路,31,01,20,省略省
西渡街道水岸家苑西闸公路,31,01,20,省略省市
奉贤南桥贝港新建西路,31,01,20,省略市+简称
凤贤区奉城洪庙通城路,31,01,20,同音错误
奉贤区金汇金壁金钱公路,31,01,20,编辑距离错误
西渡街道奉贤区上海市水岸西闸公路,31,01,20,顺序混乱
凤贤南桥新建路奉贤上海贝港新村,31,01,20,同音+顺序混乱
上海市崇明区城桥镇江山居委会人民路,31,01,51,完整
崇明区陈家镇裕鸿佳苑居委会北沿公路,31,01,51,完整
上海崇明长兴镇凤凰佳苑居委会凤蓉路,31,01,51,完整
崇明区堡镇正大街社区事务受理点,31,01,51,完整
崇明区新河镇社区事务受理中心,31,01,51,截断
上海市崇明区,31,01,51,截断
城桥镇江山居委会人民路,31,01,51,省略省
陈家镇裕鸿佳苑北沿公路,31,01,51,省略省市
崇明城桥江山人民路,31,01,51,省略市+简称
丛明区长兴凤凰佳苑凤蓉路,31,01,51,同音错误
崇明区堡镇正大结受理点,31,01,51,编辑距离错误
陈家镇崇明区上海市裕鸿北沿公路,31,01,51,顺序混乱
丛明城桥人民路崇明上海江山,31,01,51,同音+顺序混乱
中山街道社区事务受理中心,新城路街道综合服务大厅,建设路社区便民中心,城东街道综治中心,天津市和平区五大道街道成都道80号,12,01,01,完整
和平区新兴街道卫津路,12,01,01,截断
和平南市街道新文化花园,12,01,01,省略省
南营门街道世昌里社区,12,01,01,省略省市
天津和平小白楼街道解放北路,12,01,01,省略市+简称
五大道街道云南路,12,01,01,同音错误
天津市河东区大王庄街道六纬路100号,12,01,02,完整
河东区大直沽街道直沽路,12,01,02,截断
河东中山门街道和睦西里,12,01,02,省略省
大直沽街道文华里社区,12,01,02,省略省市
天津河东唐家口街道卫国道,12,01,02,省略市+简称
大王庄街道六纬路,12,01,02,同音错误
天津市河西区柳林街道微山东里,12,01,03,完整
河西区天塔街道气象南里,12,01,03,截断
河西挂甲寺街道景兴西里,12,01,03,省略省
挂甲寺街道景兴西里,12,01,03,省略省市
天津河西陈塘庄街道怒江道,12,01,03,省略市+简称
柳林街道微山东西里,12,01,03,编辑距离错误
天津南开区鼓楼街道城厢西路,12,01,04,完整
南开区学府街道天大六村,12,01,04,截断
南开王顶堤街道迎风里,12,01,04,省略省
水上公园街道水上公寓,12,01,04,省略省市
天津南开嘉陵道街道宜宾西里,12,01,04,省略市+简称
学府街道天大六村,12,01,04,同音错误
天津市河北区望海楼街道狮子林大街,12,01,05,完整
河北区光复道街道民生路,12,01,05,截断
河北王串场街道艳泉里,12,01,05,省略省
鸿顺里街道日远里社区,12,01,05,省略省市
天津河北建昌道街道建北里,12,01,05,省略市+简称
望海楼街道狮子林大街,12,01,05,顺序混乱
天津市红桥区和苑街道营浮路,12,01,06,完整
红桥区西于庄街道子牙里,12,01,06,截断
红桥丁字沽街道风貌里,12,01,06,省略省
咸阳北路街道绥中社区,12,01,06,省略省市
天津红桥芥园街道弘丽园,12,01,06,省略市+简称
和苑街道营浮路,12,01,06,同音错误
天津市东丽区张贵庄街道栖霞道,12,01,10,完整
东丽区新立街道驯海路,12,01,10,截断
东丽华明街道昆俞家园,12,01,10,省略省
金钟街道新城社区,12,01,10,省略省市
天津东丽万新街道天山南路,12,01,10,省略市+简称
张贵庄街道栖霞道,12,01,10,编辑距离错误
天津市西青区李七庄街道凌奥产业园,12,01,11,完整
西青区杨柳青镇青远路,12,01,11,截断
西青中北镇溪秀苑,12,01,11,省略省
辛口镇第六埠村,12,01,11,省略省市
天津西青张家窝街道社会山,12,01,11,省略市+简称
李七庄街道凌奥产业园,12,01,11,同音+顺序混乱
天津市津南区咸水沽镇红旗路,12,01,12,完整
津南区双新街道领世路,12,01,12,截断
津南小站镇练兵园,12,01,12,省略省
葛沽镇盘泽馨苑社区,12,01,12,省略省市
天津津南双林街道仕林苑,12,01,12,省略市+简称
咸水沽镇红其路,12,01,12,编辑距离错误
天津市北辰区果园新村街道霞光里,12,01,13,完整
北辰区普东街道普兴里,12,01,13,截断
北辰天穆镇天辰新苑,12,01,13,省略省
集贤里街道虎林里社区,12,01,13,省略省市
天津北辰北仓镇富锦华庭,12,01,13,省略市+简称
果园新村街道霞光裹,12,01,13,同音错误
天津市武清区杨村街道雍阳西道,12,01,14,完整
武清区下朱庄街道嘉宁道,12,01,14,截断
武清崔黄口镇电商园,12,01,14,省略省
东蒲洼街道盛世睿园社区,12,01,14,省略省市
天津武清黄庄街道泉水道,12,01,14,省略市+简称
杨村街道雍阳西道,12,01,14,顺序混乱
天津市宝坻区宝平街道开元路,12,01,15,完整
宝坻区钰华街道南关大街,12,01,15,截断
宝坻周良街道温泉城,12,01,15,省略省
海滨街道白鹭湾社区,12,01,15,省略省市
天津宝坻朝霞街道进京路,12,01,15,省略市+简称
宝平街道开元络,12,01,15,编辑距离错误
天津市滨海新区新河街道西江里,12,01,16,完整
滨海新区塘沽街道上海道,12,01,16,截断
滨海汉沽街道新开中路,12,01,16,省略省
大港街道迎宾街社区,12,01,16,省略省市
天津滨海新河街道珠江里,12,01,16,省略市+简称
新河街道西扛里,12,01,16,同音错误
天津市宁河区芦台街道光明路,12,01,17,完整
宁河区桥北街道宁新花园,12,01,17,截断
宁河七里海镇海北公路,12,01,17,省略省
芦台街道龙胤溪园社区,12,01,17,省略省市
天津宁河桥北街道商业道,12,01,17,省略市+简称
芦台街道光明络,12,01,17,编辑距离错误
天津市静海区静海镇胜利大街,12,01,18,完整
静海区大邱庄镇黄山路,12,01,18,截断
静海独流镇新开路,12,01,18,省略省
朝阳街道群卫路社区,12,01,18,省略省市
天津静海华康街道团泊大道,12,01,18,省略市+简称
静海镇胜利大待,12,01,18,同音错误
天津市蓟州区文昌街道迎宾路,12,01,19,完整
蓟州区渔阳镇武定西街,12,01,19,截断
蓟州下营镇黄崖关路,12,01,19,省略省
文昌街道胜利路社区,12,01,19,省略省市
天津蓟州官庄街道盘山大道,12,01,19,省略市+简称
文昌街道迎宾络,12,01,19,编辑距离错误
和平区新兴街道卫津路,12,01,01,省略省市
河西区柳林街道微山东里,12,01,03,省略省市
,12,01,01,歧义
天津市和平区五大道街道成都道80号,12,01,01,完整
和平区新兴街道卫津路,12,01,01,截断
和平南市街道新文化花园,12,01,01,省略省
南营门街道世昌里社区,12,01,01,省略省市
天津和平小白楼街道解放北路,12,01,01,省略市+简称
五大道街道云南路,12,01,01,同音错误
天津市河东区大王庄街道六纬路100号,12,01,02,完整
河东区大直沽街道直沽路,12,01,02,截断
河东中山门街道和睦西里,12,01,02,省略省
大直沽街道文华里社区,12,01,02,省略省市
天津河东唐家口街道卫国道,12,01,02,省略市+简称
大王庄街道六纬路,12,01,02,同音错误
天津市河西区柳林街道微山东里,12,01,03,完整
河西区天塔街道气象南里,12,01,03,截断
河西挂甲寺街道景兴西里,12,01,03,省略省
挂甲寺街道景兴西里,12,01,03,省略省市
天津河西陈塘庄街道怒江道,12,01,03,省略市+简称
柳林街道微山东西里,12,01,03,编辑距离错误
天津南开区鼓楼街道城厢西路,12,01,04,完整
南开区学府街道天大六村,12,01,04,截断
南开王顶堤街道迎风里,12,01,04,省略省
水上公园街道水上公寓,12,01,04,省略省市
天津南开嘉陵道街道宜宾西里,12,01,04,省略市+简称
学府街道天大六村,12,01,04,同音错误
天津市河北区望海楼街道狮子林大街,12,01,05,完整
河北区光复道街道民生路,12,01,05,截断
河北王串场街道艳泉里,12,01,05,省略省
鸿顺里街道日远里社区,12,01,05,省略省市
天津河北建昌道街道建北里,12,01,05,省略市+简称
望海楼街道狮子林大街,12,01,05,顺序混乱
天津市红桥区和苑街道营浮路,12,01,06,完整
红桥区西于庄街道子牙里,12,01,06,截断
红桥丁字沽街道风貌里,12,01,06,省略省
咸阳北路街道绥中社区,12,01,06,省略省市
天津红桥芥园街道弘丽园,12,01,06,省略市+简称
和苑街道营浮路,12,01,06,同音错误
天津市东丽区张贵庄街道栖霞道,12,01,10,完整
东丽区新立街道驯海路,12,01,10,截断
东丽华明街道昆俞家园,12,01,10,省略省
金钟街道新城社区,12,01,10,省略省市
天津东丽万新街道天山南路,12,01,10,省略市+简称
张贵庄街道栖霞道,12,01,10,编辑距离错误
天津市西青区李七庄街道凌奥产业园,12,01,11,完整
西青区杨柳青镇青远路,12,01,11,截断
西青中北镇溪秀苑,12,01,11,省略省
辛口镇第六埠村,12,01,11,省略省市
天津西青张家窝街道社会山,12,01,11,省略市+简称
李七庄街道凌奥产业园,12,01,11,同音+顺序混乱
天津市津南区咸水沽镇红旗路,12,01,12,完整
津南区双新街道领世路,12,01,12,截断
津南小站镇练兵园,12,01,12,省略省
葛沽镇盘泽馨苑社区,12,01,12,省略省市
天津津南双林街道仕林苑,12,01,12,省略市+简称
咸水沽镇红其路,12,01,12,编辑距离错误
天津市北辰区果园新村街道霞光里,12,01,13,完整
北辰区普东街道普兴里,12,01,13,截断
北辰天穆镇天辰新苑,12,01,13,省略省
集贤里街道虎林里社区,12,01,13,省略省市
天津北辰北仓镇富锦华庭,12,01,13,省略市+简称
果园新村街道霞光裹,12,01,13,同音错误
天津市武清区杨村街道雍阳西道,12,01,14,完整
武清区下朱庄街道嘉宁道,12,01,14,截断
武清崔黄口镇电商园,12,01,14,省略省
东蒲洼街道盛世睿园社区,12,01,14,省略省市
天津武清黄庄街道泉水道,12,01,14,省略市+简称
杨村街道雍阳西道,12,01,14,顺序混乱
天津市宝坻区宝平街道开元路,12,01,15,完整
宝坻区钰华街道南关大街,12,01,15,截断
宝坻周良街道温泉城,12,01,15,省略省
海滨街道白鹭湾社区,12,01,15,省略省市
天津宝坻朝霞街道进京路,12,01,15,省略市+简称
宝平街道开元络,12,01,15,编辑距离错误
天津市滨海新区新河街道西江里,12,01,16,完整
滨海新区塘沽街道上海道,12,01,16,截断
滨海汉沽街道新开中路,12,01,16,省略省
大港街道迎宾街社区,12,01,16,省略省市
天津滨海新河街道珠江里,12,01,16,省略市+简称
新河街道西扛里,12,01,16,同音错误
天津市宁河区芦台街道光明路,12,01,17,完整
宁河区桥北街道宁新花园,12,01,17,截断
宁河七里海镇海北公路,12,01,17,省略省
芦台街道龙胤溪园社区,12,01,17,省略省市
天津宁河桥北街道商业道,12,01,17,省略市+简称
芦台街道光明络,12,01,17,编辑距离错误
天津市静海区静海镇胜利大街,12,01,18,完整
静海区大邱庄镇黄山路,12,01,18,截断
静海独流镇新开路,12,01,18,省略省
朝阳街道群卫路社区,12,01,18,省略省市
天津静海华康街道团泊大道,12,01,18,省略市+简称
静海镇胜利大待,12,01,18,同音错误
天津市蓟州区文昌街道迎宾路,12,01,19,完整
蓟州区渔阳镇武定西街,12,01,19,截断
蓟州下营镇黄崖关路,12,01,19,省略省
文昌街道胜利路社区,12,01,19,省略省市
天津蓟州官庄街道盘山大道,12,01,19,省略市+简称
文昌街道迎宾络,12,01,19,编辑距离错误
和平区新兴街道卫津路,12,01,01,省略省市
河西区柳林街道微山东里,12,01,03,省略省市
陕西省西安市新城区解放门街道西一路12号,61,01,02,完整
西安新城区解放门街道西一路12号,61,01,02,省略省
新城区解放门街道西一路12号,61,01,02,省略省市
陕西新城解放门街道西一路12号,61,01,02,省略市+简称
西安市新城区,61,01,02,截断
西安市新城区解发门街道西一路12号,61,01,02,同音错误
陕西省西安市碑林区文艺路街道友谊东路18号,61,01,03,完整
西安碑林区文艺路街道友谊东路18号,61,01,03,省略省
碑林区文艺路街道友谊东路18号,61,01,03,省略省市
陕西碑林文艺路街道友谊东路18号,61,01,03,省略市+简称
西安市碑林区,61,01,03,截断
陕西省西安市碑林区和林区文艺路街道友谊东路18号,61,01,03,编辑距离错误
陕西省西安市莲湖区环西街道大庆路9号,61,01,04,完整
西安莲湖区环西街道大庆路9号,61,01,04,省略省
莲湖区环西街道大庆路9号,61,01,04,省略省市
陕西莲湖环西街道大庆路9号,61,01,04,省略市+简称
西安市莲湖区,61,01,04,截断
莲湖区环西街道大庆路9号碑林区文艺路街道友谊东路18号,61,01,04,顺序混乱
陕西省西安市灞桥区十里铺街道长乐东路5号,61,01,11,完整
西安灞桥区十里铺街道长乐东路5号,61,01,11,省略省
灞桥区十里铺街道长乐东路5号,61,01,11,省略省市
陕西灞桥十里铺街道长乐东路5号,61,01,11,省略市+简称
西安市灞桥区,61,01,11,截断
陕西省西安市灞桥区十裹铺街道长乐东路5号,61,01,11,编辑距离错误
陕西省西安市未央区张家堡街道凤城八路3号,61,01,12,完整
西安未央区张家堡街道凤城八路3号,61,01,12,省略省
未央区张家堡街道凤城八路3号,61,01,12,省略省市
陕西未央张家堡街道凤城八路3号,61,01,12,省略市+简称
西安市未央区,61,01,12,截断
张家堡街道未央区西安市陕西省凤城八路3号,61,01,12,顺序混乱
陕西省西安市雁塔区等驾坡街道西影路7号,61,01,13,完整
西安雁塔区等驾坡街道西影路7号,61,01,13,省略省
雁塔区等驾坡街道西影路7号,61,01,13,省略省市
陕西雁塔等驾坡街道西影路7号,61,01,13,省略市+简称
西安市雁塔区,61,01,13,截断
陕西省西安市雁塔区等到坡街道西影路7号,61,01,13,同音+顺序混乱
陕西省西安市阎良区关山街道人民东路21号,61,01,14,完整
西安阎良区关山街道人民东路21号,61,01,14,省略省
阎良区关山街道人民东路21号,61,01,14,省略省市
陕西阎良关山街道人民东路21号,61,01,14,省略市+简称
西安市阎良区,61,01,14,截断
陕西省西安市阉良区关山街道人民东路21号,61,01,14,编辑距离错误
陕西省西安市临潼区零口街道书院东路6号,61,01,15,完整
西安临潼区零口街道书院东路6号,61,01,15,省略省
临潼区零口街道书院东路6号,61,01,15,省略省市
陕西临潼零口街道书院东路6号,61,01,15,省略市+简称
西安市临潼区,61,01,15,截断
零口街道临潼区西安市陕西省书院东路6号,61,01,15,顺序混乱
陕西省西安市长安区韦曲街道西长安街8号,61,01,16,完整
西安长安区韦曲街道西长安街8号,61,01,16,省略省
长安区韦曲街道西长安街8号,61,01,16,省略省市
陕西长安韦曲街道西长安街8号,61,01,16,省略市+简称
西安市长安区,61,01,16,截断
陕西省西安市常安区韦曲街道西长安街8号,61,01,16,编辑距离错误
陕西省西安市高陵区鹿苑街道鹿歌路4号,61,01,17,完整
西安高陵区鹿苑街道鹿歌路4号,61,01,17,省略省
高陵区鹿苑街道鹿歌路4号,61,01,17,省略省市
陕西高陵鹿苑街道鹿歌路4号,61,01,17,省略市+简称
西安市高陵区,61,01,17,截断
陕西省西安市高凌区鹿苑街道鹿歌路4号,61,01,17,同音错误
陕西省西安市鄠邑区祖庵街道祖庵北街2号,61,01,25,完整
西安鄠邑区祖庵街道祖庵北街2号,61,01,25,省略省
鄠邑区祖庵街道祖庵北街2号,61,01,25,省略省市
陕西鄠邑祖庵街道祖庵北街2号,61,01,25,省略市+简称
西安市鄠邑区,61,01,25,截断
陕西省西安市户邑区祖庵街道祖庵北街2号,61,01,25,编辑距离错误
陕西省西安市蓝田县汤峪镇汤峪大道11号,61,01,22,完整
西安蓝田县汤峪镇汤峪大道11号,61,01,22,省略省
蓝田县汤峪镇汤峪大道11号,61,01,22,省略省市
陕西蓝田汤峪镇汤峪大道11号,61,01,22,省略市+简称
西安市蓝田县,61,01,22,截断
陕西省西安市兰田县汤峪镇汤峪大道11号,61,01,22,编辑距离错误
陕西省西安市周至县哑柏镇哑柏西街15号,61,01,24,完整
西安周至县哑柏镇哑柏西街15号,61,01,24,省略省
周至县哑柏镇哑柏西街15号,61,01,24,省略省市
陕西周至哑柏镇哑柏西街15号,61,01,24,省略市+简称
西安市周至县,61,01,24,截断
哑柏镇周至县西安市陕西省哑柏西街15号,61,01,24,顺序混乱
陕西省铜川市王益区王家河街道红旗街33号,61,02,02,完整
铜川王益区王家河街道红旗街33号,61,02,02,省略省
王益区王家河街道红旗街33号,61,02,02,省略省市
陕西王益王家河街道红旗街33号,61,02,02,省略市+简称
铜川市王益区,61,02,02,截断
陕西省铜川市王溢区王家河街道红旗街33号,61,02,02,同音错误
陕西省铜川市印台区印台街道同官路27号,61,02,03,完整
铜川印台区印台街道同官路27号,61,02,03,省略省
印台区印台街道同官路27号,61,02,03,省略省市
陕西印台印台街道同官路27号,61,02,03,省略市+简称
铜川市印台区,61,02,03,截断
印台街道印台区铜川市陕西省同官路27号,61,02,03,顺序混乱
陕西省铜川市耀州区董家河街道药王大道41号,61,02,04,完整
铜川耀州区董家河街道药王大道41号,61,02,04,省略省
耀州区董家河街道药王大道41号,61,02,04,省略省市
陕西耀州董家河街道药王大道41号,61,02,04,省略市+简称
铜川市耀州区,61,02,04,截断
陕西省铜川市曜州区董家河街道药王大道41号,61,02,04,编辑距离错误
陕西省铜川市宜君县哭泉镇哭泉路9号,61,02,22,完整
铜川宜君县哭泉镇哭泉路9号,61,02,22,省略省
宜君县哭泉镇哭泉路9号,61,02,22,省略省市
陕西宜君哭泉镇哭泉路9号,61,02,22,省略市+简称
铜川市宜君县,61,02,22,截断
陕西省铜川市宜军县哭泉镇哭泉路9号,61,02,22,同音错误
陕西省宝鸡市渭滨区姜谭路街道姜谭路58号,61,03,02,完整
宝鸡渭滨区姜谭路街道姜谭路58号,61,03,02,省略省
渭滨区姜谭路街道姜谭路58号,61,03,02,省略省市
陕西渭滨姜谭路街道姜谭路58号,61,03,02,省略市+简称
宝鸡市渭滨区,61,03,02,截断
陕西省宝鸡市渭滨区经二路街道经二路12号,61,03,02,完整
陕西省宝鸡市金台区金河镇金河大道36号,61,03,03,完整
宝鸡金台区金河镇金河大道36号,61,03,03,省略省
金台区金河镇金河大道36号,61,03,03,省略省市
陕西金台金河镇金河大道36号,61,03,03,省略市+简称
宝鸡市金台区,61,03,03,截断
陕西省宝鸡市金太区金河镇金河大道36号,61,03,03,编辑距离错误
陕西省宝鸡市陈仓区香泉镇香泉路44号,61,03,04,完整
宝鸡陈仓区香泉镇香泉路44号,61,03,04,省略省
陈仓区香泉镇香泉路44号,61,03,04,省略省市
陕西陈仓香泉镇香泉路44号,61,03,04,省略市+简称
宝鸡市陈仓区,61,03,04,截断
香泉镇陈仓区宝鸡市陕西省香泉路44号,61,03,04,顺序混乱
陕西省宝鸡市凤翔区城关镇东大街19号,61,03,05,完整
宝鸡凤翔区城关镇东大街19号,61,03,05,省略省
凤翔区城关镇东大街19号,61,03,05,省略省市
陕西凤翔城关镇东大街19号,61,03,05,省略市+简称
宝鸡市凤翔区,61,03,05,截断
陕西省宝鸡市凤翔区田家庄镇田庄中路7号,61,03,05,完整
陕西省宝鸡市岐山县蔡家坡镇西三路23号,61,03,23,完整
宝鸡岐山县蔡家坡镇西三路23号,61,03,23,省略省
岐山县蔡家坡镇西三路23号,61,03,23,省略省市
陕西岐山蔡家坡镇西三路23号,61,03,23,省略市+简称
宝鸡市岐山县,61,03,23,截断
陕西省宝鸡市歧山县蔡家坡镇西三路23号,61,03,23,编辑距离错误
陕西省宝鸡市扶风县法门镇法门北街31号,61,03,24,完整
宝鸡扶风县法门镇法门北街31号,61,03,24,省略省
扶风县法门镇法门北街31号,61,03,24,省略省市
陕西扶风法门镇法门北街31号,61,03,24,省略市+简称
宝鸡市扶风县,61,03,24,截断
法门镇扶风县宝鸡市陕西省法门北街31号,61,03,24,顺序混乱
陕西省宝鸡市眉县汤峪镇汤峪路26号,61,03,26,完整
宝鸡眉县汤峪镇汤峪路26号,61,03,26,省略省
眉县汤峪镇汤峪路26号,61,03,26,省略省市
陕西眉县汤峪镇汤峪路26号,61,03,26,省略市+简称
宝鸡市眉县,61,03,26,截断
陕西省宝鸡市郿县汤峪镇汤峪路26号,61,03,26,同音错误
陕西省宝鸡市陇县东南镇陇马路14号,61,03,27,完整
宝鸡陇县东南镇陇马路14号,61,03,27,省略省
陇县东南镇陇马路14号,61,03,27,省略省市
陕西陇县东南镇陇马路14号,61,03,27,省略市+简称
宝鸡市陇县,61,03,27,截断
陕西省宝鸡市拢县东南镇陇马路14号,61,03,27,编辑距离错误
陕西省宝鸡市千阳县城关镇千阳西街17号,61,03,28,完整
宝鸡千阳县城关镇千阳西街17号,61,03,28,省略省
千阳县城关镇千阳西街17号,61,03,28,省略省市
陕西千阳城关镇千阳西街17号,61,03,28,省略市+简称
宝鸡市千阳县,61,03,28,截断
千阳县城关镇宝鸡市陕西省千阳西街17号,61,03,28,顺序混乱
陕西省宝鸡市麟游县招贤镇招贤路8号,61,03,29,完整
宝鸡麟游县招贤镇招贤路8号,61,03,29,省略省
麟游县招贤镇招贤路8号,61,03,29,省略省市
陕西麟游招贤镇招贤路8号,61,03,29,省略市+简称
宝鸡市麟游县,61,03,29,截断
陕西省宝鸡市鳞游县招贤镇招贤路8号,61,03,29,编辑距离错误
陕西省宝鸡市凤县凤州镇凤州中街13号,61,03,30,完整
宝鸡凤县凤州镇凤州中街13号,61,03,30,省略省
凤县凤州镇凤州中街13号,61,03,30,省略省市
陕西凤县凤州镇凤州中街13号,61,03,30,省略市+简称
宝鸡市凤县,61,03,30,截断
凤州镇凤县宝鸡市陕西省凤州中街13号,61,03,30,顺序混乱
陕西省宝鸡市太白县桃川镇桃川路10号,61,03,31,完整
宝鸡太白县桃川镇桃川路10号,61,03,31,省略省
太白县桃川镇桃川路10号,61,03,31,省略省市
陕西太白桃川镇桃川路10号,61,03,31,省略市+简称
宝鸡市太白县,61,03,31,截断
陕西省宝鸡市大白县桃川镇桃川路10号,61,03,31,同音错误
陕西省咸阳市秦都区古渡街道玉泉路22号,61,04,02,完整
咸阳秦都区古渡街道玉泉路22号,61,04,02,省略省
秦都区古渡街道玉泉路22号,61,04,02,省略省市
陕西秦都古渡街道玉泉路22号,61,04,02,省略市+简称
咸阳市秦都区,61,04,02,截断
陕西省咸阳市泰都区古渡街道玉泉路22号,61,04,02,编辑距离错误
陕西省咸阳市渭城区渭城街道文林路35号,61,04,04,完整
咸阳渭城区渭城街道文林路35号,61,04,04,省略省
渭城区渭城街道文林路35号,61,04,04,省略省市
陕西渭城渭城街道文林路35号,61,04,04,省略市+简称
咸阳市渭城区,61,04,04,截断
渭城街道渭城区咸阳市陕西省文林路35号,61,04,04,顺序混乱
陕西省咸阳市杨陵区揉谷镇揉谷西街6号,61,04,03,完整
咸阳杨陵区揉谷镇揉谷西街6号,61,04,03,省略省
杨陵区揉谷镇揉谷西街6号,61,04,03,省略省市
陕西杨陵揉谷镇揉谷西街6号,61,04,03,省略市+简称
咸阳市杨陵区,61,04,03,截断
陕西省咸阳市杨凌区揉谷镇揉谷西街6号,61,04,03,同音错误
陕西省咸阳市兴平市阜寨镇阜寨南街18号,61,04,81,完整
咸阳兴平市阜寨镇阜寨南街18号,61,04,81,省略省
兴平市阜寨镇阜寨南街18号,61,04,81,省略省市
陕西兴平阜寨镇阜寨南街18号,61,04,81,省略市+简称
咸阳市兴平市,61,04,81,截断
兴平阜寨镇咸阳市陕西省阜寨南街18号,61,04,81,顺序混乱
陕西省咸阳市三原县陵前镇陵前路24号,61,04,22,完整
咸阳三原县陵前镇陵前路24号,61,04,22,省略省
三原县陵前镇陵前路24号,61,04,22,省略省市
陕西三原陵前镇陵前路24号,61,04,22,省略市+简称
咸阳市三原县,61,04,22,截断
陕西省咸阳市三原县陵前镇陵前路24号三原县陵前镇,61,04,22,同音+顺序混乱
陕西省咸阳市泾阳县云阳镇云阳中街29号,61,04,23,完整
咸阳泾阳县云阳镇云阳中街29号,61,04,23,省略省
泾阳县云阳镇云阳中街29号,61,04,23,省略省市
陕西泾阳云阳镇云阳中街29号,61,04,23,省略市+简称
咸阳市泾阳县,61,04,23,截断
陕西省咸阳市经阳县云阳镇云阳中街29号,61,04,23,编辑距离错误
陕西省咸阳市乾县城关街道乾门路32号,61,04,24,完整
咸阳乾县城关街道乾门路32号,61,04,24,省略省
乾县城关街道乾门路32号,61,04,24,省略省市
陕西乾县城关街道乾门路32号,61,04,24,省略市+简称
咸阳市乾县,61,04,24,截断
乾县城关街道咸阳市陕西省乾门路32号,61,04,24,顺序混乱
陕西省咸阳市礼泉县烟霞镇烟霞路21号,61,04,25,完整
咸阳礼泉县烟霞镇烟霞路21号,61,04,25,省略省
礼泉县烟霞镇烟霞路21号,61,04,25,省略省市
陕西礼泉烟霞镇烟霞路21号,61,04,25,省略市+简称
咸阳市礼泉县,61,04,25,截断
陕西省咸阳市礼泉县烟瑕镇烟霞路21号,61,04,25,编辑距离错误
陕西省咸阳市永寿县常宁镇常宁街16号,61,04,26,完整
咸阳永寿县常宁镇常宁街16号,61,04,26,省略省
永寿县常宁镇常宁街16号,61,04,26,省略省市
陕西永寿常宁镇常宁街16号,61,04,26,省略市+简称
咸阳市永寿县,61,04,26,截断
陕西省咸阳市水寿县常宁镇常宁街16号,61,04,26,同音错误
陕西省咸阳市彬州市新民镇新民大道25号,61,04,27,完整
咸阳彬州市新民镇新民大道25号,61,04,27,省略省
彬州市新民镇新民大道25号,61,04,27,省略省市
陕西彬州新民镇新民大道25号,61,04,27,省略市+简称
咸阳市彬州市,61,04,27,截断
彬州新民镇咸阳市陕西省新民大道25号,61,04,27,顺序混乱
陕西省咸阳市长武县相公镇相公路19号,61,04,28,完整
咸阳长武县相公镇相公路19号,61,04,28,省略省
长武县相公镇相公路19号,61,04,28,省略省市
陕西长武相公镇相公路19号,61,04,28,省略市+简称
咸阳市长武县,61,04,28,截断
陕西省咸阳市长式县相公镇相公路19号,61,04,28,编辑距离错误
陕西省咸阳市旬邑县马栏镇马栏路28号,61,04,29,完整
咸阳旬邑县马栏镇马栏路28号,61,04,29,省略省
旬邑县马栏镇马栏路28号,61,04,29,省略省市
陕西旬邑马栏镇马栏路28号,61,04,29,省略市+简称
咸阳市旬邑县,61,04,29,截断
陕西省咸阳市旬色县马栏镇马栏路28号,61,04,29,同音错误
陕西省咸阳市淳化县润镇淳化西街12号,61,04,30,完整
咸阳淳化县润镇淳化西街12号,61,04,30,省略省
淳化县润镇淳化西街12号,61,04,30,省略省市
陕西淳化润镇淳化西街12号,61,04,30,省略市+简称
咸阳市淳化县,61,04,30,截断
淳化县润镇咸阳市陕西省淳化西街12号,61,04,30,顺序混乱
陕西省咸阳市武功县小村镇武功南街20号,61,04,31,完整
咸阳武功县小村镇武功南街20号,61,04,31,省略省
武功县小村镇武功南街20号,61,04,31,省略省市
陕西武功小村镇武功南街20号,61,04,31,省略市+简称
咸阳市武功县,61,04,31,截断
陕西省咸阳市武攻县小村镇武功南街20号,61,04,31,编辑距离错误
陕西省渭南市临渭区下邽镇下邽大道43号,61,05,02,完整
渭南临渭区下邽镇下邽大道43号,61,05,02,省略省
临渭区下邽镇下邽大道43号,61,05,02,省略省市
陕西临渭下邽镇下邽大道43号,61,05,02,省略市+简称
渭南市临渭区,61,05,02,截断
陕西省渭南市临渭区下郫镇下邽大道43号,61,05,02,编辑距离错误
陕西省渭南市华州区高塘镇高塘街37号,61,05,21,完整
渭南华州区高塘镇高塘街37号,61,05,21,省略省
华州区高塘镇高塘街37号,61,05,21,省略省市
陕西华州高塘镇高塘街37号,61,05,21,省略市+简称
渭南市华州区,61,05,21,截断
高塘镇华州区渭南市陕西省高塘街37号,61,05,21,顺序混乱
陕西省渭南市华阴市罗敷镇罗敷大道46号,61,05,82,完整
渭南华阴市罗敷镇罗敷大道46号,61,05,82,省略省
华阴市罗敷镇罗敷大道46号,61,05,82,省略省市
陕西华阴罗敷镇罗敷大道46号,61,05,82,省略市+简称
渭南市华阴市,61,05,82,截断
陕西省渭南市华荫市罗敷镇罗敷大道46号,61,05,82,同音错误
陕西省渭南市韩城市芝川镇芝川路51号,61,05,81,完整
渭南韩城市芝川镇芝川路51号,61,05,81,省略省
韩城市芝川镇芝川路51号,61,05,81,省略省市
陕西韩城芝川镇芝川路51号,61,05,81,省略市+简称
渭南市韩城市,61,05,81,截断
芝川镇韩城市渭南市陕西省芝川路51号,61,05,81,顺序混乱
陕西省渭南市潼关县秦东镇秦东大街39号,61,05,22,完整
渭南潼关县秦东镇秦东大街39号,61,05,22,省略省
潼关县秦东镇秦东大街39号,61,05,22,省略省市
陕西潼关秦东镇秦东大街39号,61,05,22,省略市+简称
渭南市潼关县,61,05,22,截断
陕西省渭南市潼开县秦东镇秦东大街39号,61,05,22,编辑距离错误
陕西省渭南市大荔县同州镇同州路34号,61,05,23,完整
渭南大荔县同州镇同州路34号,61,05,23,省略省
大荔县同州镇同州路34号,61,05,23,省略省市
陕西大荔同州镇同州路34号,61,05,23,省略市+简称
渭南市大荔县,61,05,23,截断
大荔县同州镇渭南市陕西省同州路34号,61,05,23,顺序混乱
陕西省渭南市合阳县黑池镇黑池街48号,61,05,24,完整
渭南合阳县黑池镇黑池街48号,61,05,24,省略省
合阳县黑池镇黑池街48号,61,05,24,省略省市
陕西合阳黑池镇黑池街48号,61,05,24,省略市+简称
渭南市合阳县,61,05,24,截断
陕西省渭南市合阳县甘井镇甘井路42号,61,05,24,完整
陕西省渭南市澄城县韦庄镇韦庄西街45号,61,05,25,完整
渭南澄城县韦庄镇韦庄西街45号,61,05,25,省略省
澄城县韦庄镇韦庄西街45号,61,05,25,省略省市
陕西澄城韦庄镇韦庄西街45号,61,05,25,省略市+简称
渭南市澄城县,61,05,25,截断
陕西省渭南市澂城县韦庄镇韦庄西街45号,61,05,25,编辑距离错误
陕西省渭南市蒲城县桥陵镇桥陵路52号,61,05,26,完整
渭南蒲城县桥陵镇桥陵路52号,61,05,26,省略省
蒲城县桥陵镇桥陵路52号,61,05,26,省略省市
陕西蒲城桥陵镇桥陵路52号,61,05,26,省略市+简称
渭南市蒲城县,61,05,26,截断
桥陵镇蒲城县渭南市陕西省桥陵路52号,61,05,26,顺序混乱
陕西省渭南市白水县史官镇史官路57号,61,05,27,完整
渭南白水县史官镇史官路57号,61,05,27,省略省
白水县史官镇史官路57号,61,05,27,省略省市
陕西白水史官镇史官路57号,61,05,27,省略市+简称
渭南市白水县,61,05,27,截断
陕西省渭南市白水具史官镇史官路57号,61,05,27,编辑距离错误
陕西省渭南市富平县淡村镇淡村街28号,61,05,28,完整
渭南富平县淡村镇淡村街28号,61,05,28,省略省
富平县淡村镇淡村街28号,61,05,28,省略省市
陕西富平淡村镇淡村街28号,61,05,28,省略市+简称
渭南市富平县,61,05,28,截断
陕西省渭南市富平县曹村镇曹村路26号,61,05,28,完整
陕西省延安市宝塔区河庄坪镇河庄坪路61号,61,06,02,完整
延安宝塔区河庄坪镇河庄坪路61号,61,06,02,省略省
宝塔区河庄坪镇河庄坪路61号,61,06,02,省略省市
陕西宝塔河庄坪镇河庄坪路61号,61,06,02,省略市+简称
延安市宝塔区,61,06,02,截断
陕西省延安市宝塔区和庄坪镇河庄坪路61号,61,06,02,同音错误
陕西省延安市安塞区真武洞街道安塞北街64号,61,06,24,完整
延安安塞区真武洞街道安塞北街64号,61,06,24,省略省
安塞区真武洞街道安塞北街64号,61,06,24,省略省市
陕西安塞真武洞街道安塞北街64号,61,06,24,省略市+简称
延安市安塞区,61,06,24,截断
真武洞街道安塞区延安市陕西省安塞北街64号,61,06,24,顺序混乱
陕西省延安市延长县七里村街道延长西街21号,61,06,21,完整
延安延长县七里村街道延长西街21号,61,06,21,省略省
延长县七里村街道延长西街21号,61,06,21,省略省市
陕西延长七里村街道延长西街21号,61,06,21,省略市+简称
延安市延长县,61,06,21,截断
陕西省延安市廷长县七里村街道延长西街21号,61,06,21,编辑距离错误
陕西省延安市延川县永坪镇永坪路22号,61,06,22,完整
延安延川县永坪镇永坪路22号,61,06,22,省略省
延川县永坪镇永坪路22号,61,06,22,省略省市
陕西延川永坪镇永坪路22号,61,06,22,省略市+简称
延安市延川县,61,06,22,截断
永坪镇延川县延安市陕西省永坪路22号,61,06,22,顺序混乱
陕西省延安市子长市瓦窑堡街道子长东街23号,61,06,23,完整
延安子长市瓦窑堡街道子长东街23号,61,06,23,省略省
子长市瓦窑堡街道子长东街23号,61,06,23,省略省市
陕西子长瓦窑堡街道子长东街23号,61,06,23,省略市+简称
延安市子长市,61,06,23,截断
陕西省延安市子长市瓦窑煲街道子长东街23号,61,06,23,同音错误
陕西省延安市志丹县金丁镇金丁路25号,61,06,25,完整
延安志丹县金丁镇金丁路25号,61,06,25,省略省
志丹县金丁镇金丁路25号,61,06,25,省略省市
陕西志丹金丁镇金丁路25号,61,06,25,省略市+简称
延安市志丹县,61,06,25,截断
金丁镇志丹县延安市陕西省金丁路25号,61,06,25,顺序混乱
陕西省延安市吴起县铁边城镇铁边城路26号,61,06,26,完整
延安吴起县铁边城镇铁边城路26号,61,06,26,省略省
吴起县铁边城镇铁边城路26号,61,06,26,省略省市
陕西吴起铁边城镇铁边城路26号,61,06,26,省略市+简称
延安市吴起县,61,06,26,截断
陕西省延安市吴启县铁边城镇铁边城路26号,61,06,26,编辑距离错误
陕西省延安市甘泉县下寺湾镇下寺湾路27号,61,06,27,完整
延安甘泉县下寺湾镇下寺湾路27号,61,06,27,省略省
甘泉县下寺湾镇下寺湾路27号,61,06,27,省略省市
陕西甘泉下寺湾镇下寺湾路27号,61,06,27,省略市+简称
延安市甘泉县,61,06,27,截断
甘泉县下寺弯镇延安市陕西省下寺湾路27号,61,06,27,同音错误
陕西省延安市富县羊泉镇羊泉路28号,61,06,28,完整
延安富县羊泉镇羊泉路28号,61,06,28,省略省
富县羊泉镇羊泉路28号,61,06,28,省略省市
陕西富县羊泉镇羊泉路28号,61,06,28,省略市+简称
延安市富县,61,06,28,截断
羊泉镇富县延安市陕西省羊泉路28号,61,06,28,顺序混乱
陕西省延安市洛川县凤栖街道洛川东街29号,61,06,29,完整
延安洛川县凤栖街道洛川东街29号,61,06,29,省略省
洛川县凤栖街道洛川东街29号,61,06,29,省略省市
陕西洛川凤栖街道洛川东街29号,61,06,29,省略市+简称
延安市洛川县,61,06,29,截断
陕西省延安市洛川县凤楼街道洛川东街29号,61,06,29,编辑距离错误
河南省郑州市中原区桐柏路街道中原西路101号,41,01,02,完整
郑州市中原区林山寨街道绿东社区,41,01,02,省略省
河南中原航海西路街道,41,01,02,省略市+简称
河南省郑州市中原区,41,01,02,截断
河南省郑洲市中原区桐柏路街道,41,01,02,编辑距离错误
中原区桐柏路街道郑州市河南省,41,01,02,顺序混乱
河南省郑州市二七区大学路街道中原东路56号,41,01,03,完整
郑州市二七区京广路街道和平社区,41,01,03,省略省
河南二七淮河路街道,41,01,03,省略市+简称
河南省郑州市二七区,41,01,03,截断
河南省郑州市二七区大学路街道,41,01,03,同音错误
二七区京广路街道郑州市河南省,41,01,03,顺序混乱
河南省郑州市管城回族区东大街街道东大街18号,41,01,04,完整
郑州市管城回族区城东路街道商城社区,41,01,04,省略省
河南管城回族北下街街道,41,01,04,省略市+简称
河南省郑州市管城回族区,41,01,04,截断
河南省郑州市管城回族自治东大街街道,41,01,04,同音错误
管城回族区东大街街道郑州市河南省,41,01,04,顺序混乱
河南省郑州市金水区花园路街道农业路88号,41,01,05,完整
郑州市金水区文化路街道文北社区,41,01,05,省略省
河南金水国基路街道,41,01,05,省略市+简称
河南省郑州市金水区,41,01,05,截断
河南省郑州市金水区花圆路街道,41,01,05,同音错误
金水区花园路街道郑州市河南省,41,01,05,顺序混乱
河南省郑州市上街区中心路街道济源路12号,41,01,06,完整
郑州市上街区济源路街道新安社区,41,01,06,省略省
河南上街峡窝镇,41,01,06,省略市+简称
河南省郑州市上街区,41,01,06,截断
河南省郑州市上街区中心路街道,41,01,06,编辑距离错误
上街区中心路街道郑州市河南省,41,01,06,顺序混乱
河南省郑州市惠济区长兴路街道开元路33号,41,01,08,完整
郑州市惠济区新城街道贾河社区,41,01,08,省略省
河南惠济迎宾路街道,41,01,08,省略市+简称
河南省郑州市惠济区,41,01,08,截断
河南省郑州市惠济区长兴路街道,41,01,08,同音错误
惠济区长兴路街道郑州市河南省,41,01,08,顺序混乱
河南省郑州市中牟县青年路街道商都大道9号,41,01,22,完整
郑州市中牟县广惠街街道绿城社区,41,01,22,省略省
河南中牟东风路街道,41,01,22,省略市+简称
河南省郑州市中牟县,41,01,22,截断
河南省郑州市中牟县青平路街道,41,01,22,同音错误
中牟县青年路街道郑州市河南省,41,01,22,顺序混乱
河南省郑州市巩义市杜甫街道杜甫路20号,41,01,81,完整
郑州市巩义市永安街道孝义社区,41,01,81,省略省
河南巩义孝义街道,41,01,81,省略市+简称
河南省郑州市巩义市,41,01,81,截断
河南省郑州市巩义市杜埔街道,41,01,81,同音错误
巩义市杜甫街道郑州市河南省,41,01,81,顺序混乱
河南省郑州市荥阳市索河街道索河西路7号,41,01,82,完整
郑州市荥阳市京城街道豫龙社区,41,01,82,省略省
河南荥阳京城街道,41,01,82,省略市+简称
河南省郑州市荥阳市,41,01,82,截断
河南省郑州市荥阳市索河街道,41,01,82,编辑距离错误
荥阳市索河街道郑州市河南省,41,01,82,顺序混乱
河南省郑州市新密市青屏街街道西大街5号,41,01,83,完整
郑州市新密市西大街街道青屏社区,41,01,83,省略省
河南新密西大街街道,41,01,83,省略市+简称
河南省郑州市新密市,41,01,83,截断
河南省郑州市新密市青平街街道,41,01,83,同音错误
新密市青屏街街道郑州市河南省,41,01,83,顺序混乱
河南省郑州市新郑市新建路街道人民路11号,41,01,84,完整
郑州市新郑市新华路街道轩辕社区,41,01,84,省略省
河南新郑龙湖镇,41,01,84,省略市+简称
河南省郑州市新郑市,41,01,84,截断
河南省郑州市新郑市新建路街道,41,01,84,同音错误
新郑市新建路街道郑州市河南省,41,01,84,顺序混乱
河南省郑州市登封市嵩阳街道中岳大街3号,41,01,85,完整
郑州市登封市少林街道少林社区,41,01,85,省略省
河南登封中岳街道,41,01,85,省略市+简称
河南省郑州市登封市,41,01,85,截断
河南省郑州市登封市嵩扬街道,41,01,85,同音错误
登封市嵩阳街道郑州市河南省,41,01,85,顺序混乱
河南省开封市龙亭区梁苑街道金耀路2号,41,02,02,完整
开封市龙亭区北书店街道大兴社区,41,02,02,省略省
河南龙亭午朝门街道,41,02,02,省略市+简称
河南省开封市龙亭区,41,02,02,截断
河南省开封市龙亭区梁宛街道,41,02,02,同音错误
龙亭区梁苑街道开封市河南省,41,02,02,顺序混乱
河南省开封市顺河回族区铁塔街道铁塔西街6号,41,02,03,完整
开封市顺河回族区曹门街道宋门社区,41,02,03,省略省
河南顺河回族自治苹果园街道,41,02,03,省略市+简称
河南省开封市顺河回族区,41,02,03,截断
河南省开封市顺河回族区铁搭街道,41,02,03,同音错误
顺河回族区铁塔街道开封市河南省,41,02,03,顺序混乱
河南省开封市鼓楼区西司门街道迎宾路8号,41,02,04,完整
开封市鼓楼区州桥街道卧龙社区,41,02,04,省略省
河南鼓楼相国寺街道,41,02,04,省略市+简称
河南省开封市鼓楼区,41,02,04,截断
河南省开封市鼓楼区西司门街道,41,02,04,编辑距离错误
鼓楼区西司门街道开封市河南省,41,02,04,顺序混乱
鼓楼区相国寺街道,,,,04,歧义
河南省开封市禹王台区官坊街道铁北街4号,41,02,05,完整
开封市禹王台区三里堡街道菜市社区,41,02,05,省略省
河南禹王台新门关街道,41,02,05,省略市+简称
河南省开封市禹王台区,41,02,05,截断
河南省开封市禹王台区和坊街道,41,02,05,同音错误
禹王台区官坊街道开封市河南省,41,02,05,顺序混乱
河南省开封市祥符区城关镇开元街1号,41,02,12,完整
开封市祥符区城关镇范村乡,41,02,12,省略省
河南祥符城关镇,41,02,12,省略市+简称
河南省开封市祥符区,41,02,12,截断
河南省开封市祥符区成关镇,41,02,12,同音错误
祥符区城关镇开封市河南省,41,02,12,顺序混乱
河南省开封市杞县金城街道金城大道3号,41,02,21,完整
开封市杞县金城街道高阳社区,41,02,21,省略省
河南杞县高阳镇,41,02,21,省略市+简称
河南省开封市杞县,41,02,21,截断
河南省开封市杞县金诚街道,41,02,21,同音错误
杞县金城街道开封市河南省,41,02,21,顺序混乱
河南省开封市通许县咸平街道行政路5号,41,02,22,完整
开封市通许县许城街道竖岗社区,41,02,22,省略省
河南通许朱砂镇,41,02,22,省略市+简称
河南省开封市通许县,41,02,22,截断
河南省开封市通许县咸平街道,41,02,22,编辑距离错误
通许县咸平街道开封市河南省,41,02,22,顺序混乱
河南省开封市尉氏县两湖街道尉州大道7号,41,02,23,完整
开封市尉氏县两湖街道张市社区,41,02,23,省略省
河南尉氏洧川镇,41,02,23,省略市+简称
河南省开封市尉氏县,41,02,23,截断
河南省开封市尉氏县两胡街道,41,02,23,同音错误
尉氏县两湖街道开封市河南省,41,02,23,顺序混乱
河南省开封市兰考县兰阳街道中山东街9号,41,02,25,完整
开封市兰考县桐乡街道惠安社区,41,02,25,省略省
河南兰考堌阳镇,41,02,25,省略市+简称
河南省开封市兰考县,41,02,25,截断
河南省开封市兰考县兰杨街道,41,02,25,同音错误
兰考县兰阳街道开封市河南省,41,02,25,顺序混乱
河南省洛阳市老城区西关街道中州东路10号,41,03,02,完整
洛阳市老城区西南隅街道东南社区,41,03,02,省略省
河南老城西关街道,41,03,02,省略市+简称
河南省洛阳市老城区,41,03,02,截断
河南省洛阳市老城区西关街道,41,03,02,同音错误
老城区西关街道洛阳市河南省,41,03,02,顺序混乱
河南省洛阳市西工区王城路街道中州中路12号,41,03,03,完整
洛阳市西工区金谷园街道唐宫社区,41,03,03,省略省
河南西工凯旋东路街道,41,03,03,省略市+简称
河南省洛阳市西工区,41,03,03,截断
河南省洛阳市西工区王成路街道,41,03,03,同音错误
西工区王城路街道洛阳市河南省,41,03,03,顺序混乱
河南省洛阳市瀍河回族区东关街道东关大街14号,41,03,04,完整
洛阳市瀍河回族区北窑街道通巷社区,41,03,04,省略省
河南瀍河回族自治塔湾街道,41,03,04,省略市+简称
河南省洛阳市瀍河回族区,41,03,04,截断
河南省洛阳市瀍河回族区东关街道,41,03,04,编辑距离错误
瀍河回族区东关街道洛阳市河南省,41,03,04,顺序混乱
河南省洛阳市涧西区天津路街道景华路16号,41,03,05,完整
洛阳市涧西区南昌路街道湖北社区,41,03,05,省略省
河南涧西长安路街道,41,03,05,省略市+简称
河南省洛阳市涧西区,41,03,05,截断
河南省洛阳市涧西区天律路街道,41,03,05,同音错误
涧西区天津路街道洛阳市河南省,41,03,05,顺序混乱
河南省洛阳市洛龙区开元路街道开元大道18号,41,03,11,完整
洛阳市洛龙区关林街道太康社区,41,03,11,省略省
河南洛龙古城街道,41,03,11,省略市+简称
河南省洛阳市洛龙区,41,03,11,截断
河南省洛阳市洛龙区开圆路街道,41,03,11,同音错误
洛龙区开元路街道洛阳市河南省,41,03,11,顺序混乱
河南省洛阳市偃师区商城街道商都路20号,41,03,07,完整
洛阳市偃师区槐新街道首阳社区,41,03,07,省略省
河南偃师顾县镇,41,03,07,省略市+简称
河南省洛阳市偃师区,41,03,07,截断
河南省洛阳市偃师区商成街道,41,03,07,同音错误
偃师区商城街道洛阳市河南省,41,03,07,顺序混乱
河南省洛阳市孟津区城关镇小浪底大道22号,41,03,08,完整
洛阳市孟津区吉利街道会盟社区,41,03,08,省略省
河南孟津平乐镇,41,03,08,省略市+简称
河南省洛阳市孟津区,41,03,08,截断
河南省洛阳市孟津区成关镇,41,03,08,同音错误
孟津区城关镇洛阳市河南省,41,03,08,顺序混乱
河南省洛阳市新安县城关镇黄河大道24号,41,03,23,完整
洛阳市新安县铁门镇石寺社区,41,03,23,省略省
河南新安铁门镇,41,03,23,省略市+简称
河南省洛阳市新安县,41,03,23,截断
河南省洛阳市新安县成关镇,41,03,23,同音错误
新安县城关镇洛阳市河南省,41,03,23,顺序混乱
河南省洛阳市栾川县城关镇君山东路26号,41,03,24,完整
洛阳市栾川县庙子镇重渡社区,41,03,24,省略省
河南栾川赤土店镇,41,03,24,省略市+简称
河南省洛阳市栾川县,41,03,24,截断
河南省洛阳市栾川县城关镇,41,03,24,同音错误
栾川县城关镇洛阳市河南省,41,03,24,顺序混乱
河南省洛阳市嵩县城关镇白云大道28号,41,03,25,完整
洛阳市嵩县田湖镇车村社区,41,03,25,省略省
河南嵩县旧县镇,41,03,25,省略市+简称
河南省洛阳市嵩县,41,03,25,截断
河南省洛阳市嵩县城关镇,41,03,25,编辑距离错误
嵩县城关镇洛阳市河南省,41,03,25,顺序混乱
河南省洛阳市汝阳县城关镇杜康大道30号,41,03,26,完整
洛阳市汝阳县上店镇小店社区,41,03,26,省略省
河南汝阳靳村乡,41,03,26,省略市+简称
河南省洛阳市汝阳县,41,03,26,截断
河南省洛阳市汝阳县城关镇,41,03,26,同音错误
汝阳县城关镇洛阳市河南省,41,03,26,顺序混乱
河南省洛阳市宜阳县城关镇锦屏大道32号,41,03,27,完整
洛阳市宜阳县香鹿山镇柳泉社区,41,03,27,省略省
河南宜阳韩城镇,41,03,27,省略市+简称
河南省洛阳市宜阳县,41,03,27,截断
河南省洛阳市宜阳县城关镇,41,03,27,同音错误
宜阳县城关镇洛阳市河南省,41,03,27,顺序混乱
河南省洛阳市洛宁县城关镇永宁大道34号,41,03,28,完整
洛阳市洛宁县陈吴乡底张社区,41,03,28,省略省
河南洛宁上戈镇,41,03,28,省略市+简称
河南省洛阳市洛宁县,41,03,28,截断
河南省洛阳市洛宁县城关镇,41,03,28,编辑距离错误
洛宁县城关镇洛阳市河南省,41,03,28,顺序混乱
河南省洛阳市伊川县城关镇人民东路36号,41,03,29,完整
洛阳市伊川县鸣皋镇水寨社区,41,03,29,省略省
河南伊川白沙镇,41,03,29,省略市+简称
河南省洛阳市伊川县,41,03,29,截断
河南省洛阳市伊川县城关镇,41,03,29,同音错误
伊川县城关镇洛阳市河南省,41,03,29,顺序混乱
河南省平顶山市新华区曙光街街道中兴路1号,41,04,02,完整
平顶山市新华区西市场街道矿工社区,41,04,02,省略省
河南新华光明路街道,41,04,02,省略市+简称
河南省平顶山市新华区,41,04,02,截断
河南省平顶山市新华区曙光荣街道,41,04,02,同音错误
新华区曙光街街道平顶山市河南省,41,04,02,顺序混乱
新华区光明路街道,,,,02,歧义
河南省平顶山市卫东区东安路街道建设路2号,41,04,03,完整
平顶山市卫东区五一路街道东环路社区,41,04,03,省略省
河南卫东鸿鹰街道,41,04,03,省略市+简称
河南省平顶山市卫东区,41,04,03,截断
河南省平顶山市卫东区东安路街道,41,04,03,编辑距离错误
卫东区东安路街道平顶山市河南省,41,04,03,顺序混乱
河南省平顶山市石龙区人民路街道昌茂大道3号,41,04,04,完整
平顶山市石龙区龙兴街道高庄社区,41,04,04,省略省
河南石龙龙河街道,41,04,04,省略市+简称
河南省平顶山市石龙区,41,04,04,截断
河南省平顶山市石龙区人民路街道,41,04,04,同音错误
石龙区人民路街道平顶山市河南省,41,04,04,顺序混乱
河南省平顶山市湛河区马庄街道开源路4号,41,04,11,完整
平顶山市湛河区轻工路街道南环路社区,41,04,11,省略省
河南湛河北渡镇,41,04,11,省略市+简称
河南省平顶山市湛河区,41,04,11,截断
河南省平顶山市湛河区马庄街道,41,04,11,同音错误
湛河区马庄街道平顶山市河南省,41,04,11,顺序混乱
河南省平顶山市宝丰县城关镇人民路5号,41,04,21,完整
平顶山市宝丰县闹店镇周庄社区,41,04,21,省略省
河南宝丰石桥镇,41,04,21,省略市+简称
河南省平顶山市宝丰县,41,04,21,截断
河南省平顶山市宝丰县城关镇,41,04,21,编辑距离错误
宝丰县城关镇平顶山市河南省,41,04,21,顺序混乱
河南省平顶山市叶县城关乡九龙路6号,41,04,22,完整
平顶山市叶县昆阳街道任店社区,41,04,22,省略省
河南叶县常村镇,41,04,22,省略市+简称
河南省平顶山市叶县,41,04,22,截断
河南省平顶山市叶县城关乡,41,04,22,同音错误
叶县城关乡平顶山市河南省,41,04,22,顺序混乱
河南省平顶山市鲁山县城关镇人民路7号,41,04,23,完整
平顶山市鲁山县下汤镇团城社区,41,04,23,省略省
河南鲁山张良镇,41,04,23,省略市+简称
河南省平顶山市鲁山县,41,04,23,截断
河南省平顶山市鲁山县城关镇,41,04,23,同音错误
鲁山县城关镇平顶山市河南省,41,04,23,顺序混乱
河南省平顶山市郏县城关镇行政路8号,41,04,25,完整
平顶山市郏县茨芭镇广阔社区,41,04,25,省略省
河南郏县冢头镇,41,04,25,省略市+简称
河南省平顶山市郏县,41,04,25,截断
河南省平顶山市郏县城关镇,41,04,25,编辑距离错误
郏县城关镇平顶山市河南省,41,04,25,顺序混乱
河南省平顶山市舞钢市垭口街道钢城路9号,41,04,81,完整
平顶山市舞钢市寺坡街道朱兰社区,41,04,81,省略省
河南舞钢尚店镇,41,04,81,省略市+简称
河南省平顶山市舞钢市,41,04,81,截断
河南省平顶山市舞钢市垭口街道,41,04,81,同音错误
舞钢市垭口街道平顶山市河南省,41,04,81,顺序混乱
河南省平顶山市汝州市煤山街道广成路10号,41,04,82,完整
平顶山市汝州市风穴路街道洗耳社区,41,04,82,省略省
河南汝州寄料镇,41,04,82,省略市+简称
河南省平顶山市汝州市,41,04,82,截断
河南省平顶山市汝州市煤山街道,41,04,82,同音错误
汝州市煤山街道平顶山市河南省,41,04,82,顺序混乱
河南省安阳市文峰区东大街街道文峰大道1号,41,05,02,完整
安阳市文峰区西关街道南门社区,41,05,02,省略省
河南文峰中华路街道,41,05,02,省略市+简称
河南省安阳市文峰区,41,05,02,截断
河南省安阳市文峰区东大街街道,41,05,02,同音错误
文峰区东大街街道安阳市河南省,41,05,02,顺序混乱
河南省安阳市北关区红旗路街道人民大道2号,41,05,03,完整
安阳市北关区灯塔路街道解放社区,41,05,03,省略省
河南北关豆腐营街道,41,05,03,省略市+简称
河南省安阳市北关区,41,05,03,截断
河南省安阳市北关区红旗路街道,41,05,03,编辑距离错误
北关区红旗路街道安阳市河南省,41,05,03,顺序混乱
河南省安阳市殷都区梅园庄街道文峰大道3号,41,05,05,完整
安阳市殷都区铁西路街道纱厂社区,41,05,05,省略省
河南殷都水冶镇,41,05,05,省略市+简称
河南省安阳市殷都区,41,05,05,截断
河南省安阳市殷都区梅园庄街道,41,05,05,同音错误
殷都区梅园庄街道安阳市河南省,41,05,05,顺序混乱
河南省安阳市龙安区文昌大道街道文明大道4号,41,05,06,完整
安阳市龙安区东风乡善应社区,41,05,06,省略省
河南龙安马家乡,41,05,06,省略市+简称
河南省安阳市龙安区,41,05,06,截断
河南省安阳市龙安区文昌大道街道,41,05,06,同音错误
龙安区文昌大道街道安阳市河南省,41,05,06,顺序混乱
河南省安阳市安阳县白璧镇人民大道5号,41,05,22,完整
安阳市安阳县崔家桥镇韩陵社区,41,05,22,省略省
河南安阳吕村镇,41,05,22,省略市+简称
河南省安阳市安阳县,41,05,22,截断
河南省安阳市安阳县白璧镇,41,05,22,编辑距离错误
安阳县白璧镇安阳市河南省,41,05,22,顺序混乱
河南省安阳市汤阴县城关镇人民路6号,41,05,23,完整
安阳市汤阴县伏道镇宜沟社区,41,05,23,省略省
河南汤阴菜园镇,41,05,23,省略市+简称
河南省安阳市汤阴县,41,05,23,截断
河南省安阳市汤阴县城关镇,41,05,23,同音错误
汤阴县城关镇安阳市河南省,41,05,23,顺序混乱
河南省安阳市滑县城关镇道口镇大道7号,41,05,26,完整
安阳市滑县留固镇万古社区,41,05,26,省略省
河南滑县老店镇,41,05,26,省略市+简称
河南省安阳市滑县,41,05,26,截断
河南省安阳市滑县华县城关镇,41,05,26,同音错误
滑县城关镇安阳市河南省,41,05,26,顺序混乱
河南省安阳市内黄县城关镇建设路8号,41,05,27,完整
安阳市内黄县井店镇楚旺社区,41,05,27,省略省
河南内黄亳城镇,41,05,27,省略市+简称
河南省安阳市内黄县,41,05,27,截断
河南省安阳市内黄县城关镇,41,05,27,编辑距离错误
内黄县城关镇安阳市河南省,41,05,27,顺序混乱
河南省安阳市林州市开元街道红旗渠大道9号,41,05,81,完整
安阳市林州市桂园街道振林社区,41,05,81,省略省
河南林州临淇镇,41,05,81,省略市+简称
河南省安阳市林州市,41,05,81,截断
河南省安阳市林州市开元街道,41,05,81,同音错误
林州市开元街道安阳市河南省,41,05,81,顺序混乱
河南省鹤壁市鹤山区中山路街道中山街1号,41,06,02,完整
鹤壁市鹤山区鹤壁集街道姬家山社区,41,06,02,省略省
河南鹤山新华街街道,41,06,02,省略市+简称
河南省鹤壁市鹤山区,41,06,02,截断
河南省鹤壁市鹤山区中山路街道,41,06,02,同音错误
鹤山区中山路街道鹤壁市河南省,41,06,02,顺序混乱
河南省鹤壁市山城区红旗街街道朝霞路2号,41,06,03,完整
鹤壁市山城区山城路街道汤河社区,41,06,03,省略省
河南山城石林镇,41,06,03,省略市+简称
河南省鹤壁市山城区,41,06,03,截断
河南省鹤壁市山城区红旗街街道,41,06,03,编辑距离错误
山城区红旗街街道鹤壁市河南省,41,06,03,顺序混乱
河南省鹤壁市淇滨区九州路街道淇滨大道3号,41,06,11,完整
鹤壁市淇滨区黎阳路街道长江社区,41,06,11,省略省
河南淇滨大赉店镇,41,06,11,省略市+简称
河南省鹤壁市淇滨区,41,06,11,截断
河南省鹤壁市淇滨区九洲路街道,41,06,11,同音错误
淇滨区九州路街道鹤壁市河南省,41,06,11,顺序混乱
河南省鹤壁市浚县城关街道黎阳路4号,41,06,21,完整
鹤壁市浚县善堂镇王庄社区,41,06,21,省略省
河南浚县新镇镇,41,06,21,省略市+简称
河南省鹤壁市浚县,41,06,21,截断
河南省鹤壁市浚县俊阳街道,41,06,21,同音错误
浚县城关街道鹤壁市河南省,41,06,21,顺序混乱
河南省鹤壁市淇县朝歌街道淇水大道5号,41,06,22,完整
鹤壁市淇县西岗镇北阳社区,41,06,22,省略省
河南淇县高村镇,41,06,22,省略市+简称
河南省鹤壁市淇县,41,06,22,截断
河南省鹤壁市淇县朝歌街道,41,06,22,编辑距离错误
淇县朝歌街道鹤壁市河南省,41,06,22,顺序混乱
河南省新乡市红旗区西街街道平原路1号,41,07,02,完整
新乡市红旗区渠东街道向阳社区,41,07,02,省略省
河南红旗文化街街道,41,07,02,省略市+简称
河南省新乡市红旗区,41,07,02,截断
河南省新乡市红旗区西街街道,41,07,02,同音错误
红旗区西街街道新乡市河南省,41,07,02,顺序混乱
河南省新乡市卫滨区解放路街道人民路2号,41,07,03,完整
新乡市卫滨区健康路街道铁西社区,41,07,03,省略省
河南卫滨南桥街道,41,07,03,省略市+简称
河南省新乡市卫滨区,41,07,03,截断
河南省新乡市卫滨区解放路街道,41,07,03,编辑距离错误
卫滨区解放路街道新乡市河南省,41,07,03,顺序混乱
河南省新乡市凤泉区宝山西路街道区府路3号,41,07,04,完整
新乡市凤泉区耿黄镇大块社区,41,07,04,省略省
河南凤泉潞王陵乡,41,07,04,省略市+简称
河南省新乡市凤泉区,41,07,04,截断
河南省新乡市凤泉区宝山西路街道,41,07,04,同音错误
凤泉区宝山西路街道新乡市河南省,41,07,04,顺序混乱
河南省新乡市牧野区北干道街道学院路4号,41,07,11,完整
新乡市牧野区新辉路街道卫北社区,41,07,11,省略省
河南牧野王村镇,41,07,11,省略市+简称
河南省新乡市牧野区,41,07,11,截断
河南省新乡市牧野区北干道街道,41,07,11,同音错误
牧野区北干道街道新乡市河南省,41,07,11,顺序混乱
河南省新乡市新乡县小冀镇中央大道5号,41,07,21,完整
新乡市新乡县七里营镇翟坡社区,41,07,21,省略省
河南新乡县古固寨镇,41,07,21,省略市+简称
河南省新乡市新乡县,41,07,21,截断
河南省新乡市新乡县小冀镇,41,07,21,编辑距离错误
新乡县小冀镇新乡市河南省,41,07,21,顺序混乱
河南省新乡市获嘉县城关镇建设路6号,41,07,24,完整
新乡市获嘉县照镜镇史庄社区,41,07,24,省略省
河南获嘉中和镇,41,07,24,省略市+简称
河南省新乡市获嘉县,41,07,24,截断
河南省新乡市获嘉县城关镇,41,07,24,同音错误
获嘉县城关镇新乡市河南省,41,07,24,顺序混乱
河南省新乡市原阳县城关镇黄河大道7号,41,07,25,完整
新乡市原阳县福宁集镇齐街社区,41,07,25,省略省
河南原阳蒋庄乡,41,07,25,省略市+简称
河南省新乡市原阳县,41,07,25,截断
河南省新乡市原阳县城关镇,41,07,25,同音错误
原阳县城关镇新乡市河南省,41,07,25,顺序混乱
河南省新乡市延津县城关镇建设路8号,41,07,26,完整
新乡市延津县小潭乡榆林社区,41,07,26,省略省
河南延津东屯镇,41,07,26,省略市+简称
河南省新乡市延津县,41,07,26,截断
河南省新乡市延津县城关镇,41,07,26,编辑距离错误
延津县城关镇新乡市河南省,41,07,26,顺序混乱
河南省新乡市封丘县城关镇振兴路9号,41,07,27,完整
新乡市封丘县黄陵镇曹岗社区,41,07,27,省略省
河南封丘应举镇,41,07,27,省略市+简称
河南省新乡市封丘县,41,07,27,截断
河南省新乡市封丘县城关镇,41,07,27,同音错误
封丘县城关镇新乡市河南省,41,07,27,顺序混乱
河南省新乡市长垣市蒲西街道宏力大道10号,41,07,28,完整
新乡市长垣市南蒲街道魏庄社区,41,07,28,省略省
河南长垣丁栾镇,41,07,28,省略市+简称
河南省新乡市长垣市,41,07,28,截断
河南省新乡市长垣市蒲西街道,41,07,28,同音错误
长垣市蒲西街道新乡市河南省,41,07,28,顺序混乱
河南省新乡市卫辉市城郊乡建设路11号,41,07,81,完整
新乡市卫辉市唐庄镇汲水社区,41,07,81,省略省
河南卫辉太公镇,41,07,81,省略市+简称
河南省新乡市卫辉市,41,07,81,截断
河南省新乡市卫辉市城郊乡,41,07,81,编辑距离错误
卫辉市城郊乡新乡市河南省,41,07,81,顺序混乱
河南省新乡市辉县市城关街道共城大道12号,41,07,82,完整
新乡市辉县市百泉镇孟庄社区,41,07,82,省略省
河南辉县薄壁镇,41,07,82,省略市+简称
河南省新乡市辉县市,41,07,82,截断
河南省新乡市辉县市城关街道,41,07,82,同音错误
辉县市城关街道新乡市河南省,41,07,82,顺序混乱
河南省焦作市解放区民生街道民主路1号,41,08,02,完整
焦作市解放区焦南街道七百间社区,41,08,02,省略省
河南解放民主街道,41,08,02,省略市+简称
河南省焦作市解放区,41,08,02,截断
河南省焦作市解放区民生街道,41,08,02,同音错误
解放区民生街道焦作市河南省,41,08,02,顺序混乱
河南省焦作市中站区解放街道雪莲路2号,41,08,03,完整
焦作市中站区朱村街道王封社区,41,08,03,省略省
河南中站许衡街道,41,08,03,省略市+简称
河南省焦作市中站区,41,08,03,截断
河南省焦作市中站区解放街道,41,08,03,编辑距离错误
中站区解放街道焦作市河南省,41,08,03,顺序混乱
河南省焦作市马村区马村街道文昌路3号,41,08,04,完整
焦作市马村区待王街道安阳城社区,41,08,04,省略省
河南马村冯营街道,41,08,04,省略市+简称
河南省焦作市马村区,41,08,04,截断
河南省焦作市马村区马村街道,41,08,04,同音错误
马村区马村街道焦作市河南省,41,08,04,顺序混乱
河南省焦作市山阳区定和街道人民路4号,41,08,11,完整
焦作市山阳区东方红街道光亚社区,41,08,11,省略省
河南山阳中星街道,41,08,11,省略市+简称
河南省焦作市山阳区,41,08,11,截断
河南省焦作市山阳区定和街道,41,08,11,同音错误
山阳区定和街道焦作市河南省,41,08,11,顺序混乱
河南省焦作市修武县城关镇七贤大道5号,41,08,21,完整
焦作市修武县云台山镇五里源社区,41,08,21,省略省
河南修武郇封镇,41,08,21,省略市+简称
河南省焦作市修武县,41,08,21,截断
河南省焦作市修武县城关镇,41,08,21,编辑距离错误
修武县城关镇焦作市河南省,41,08,21,顺序混乱
河南省焦作市博爱县城关镇中山路6号,41,08,22,完整
焦作市博爱县许良镇清化社区,41,08,22,省略省
河南博爱磨头镇,41,08,22,省略市+简称
河南省焦作市博爱县,41,08,22,截断
河南省焦作市博爱县城关镇,41,08,22,同音错误
博爱县城关镇焦作市河南省,41,08,22,顺序混乱
河南省焦作市武陟县城关镇兴华路7号,41,08,23,完整
焦作市武陟县詹店镇嘉应观社区,41,08,23,省略省
河南武陟西陶镇,41,08,23,省略市+简称
河南省焦作市武陟县,41,08,23,截断
河南省焦作市武陟县城关镇,41,08,23,同音错误
武陟县城关镇焦作市河南省,41,08,23,顺序混乱
河南省焦作市温县温泉街道黄河路8号,41,08,25,完整
焦作市温县番田镇祥云镇社区,41,08,25,省略省
河南温县赵堡镇,41,08,25,省略市+简称
河南省焦作市温县,41,08,25,截断
河南省焦作市温县温泉街道,41,08,25,同音错误
温县温泉街道焦作市河南省,41,08,25,顺序混乱
河南省焦作市沁阳市覃怀街道怀府路9号,41,08,81,完整
焦作市沁阳市太行街道怀庆社区,41,08,81,省略省
河南沁阳西向镇,41,08,81,省略市+简称
河南省焦作市沁阳市,41,08,81,截断
河南省焦作市沁阳市覃怀街道,41,08,81,同音错误
沁阳市覃怀街道焦作市河南省,41,08,81,顺序混乱
河南省焦作市孟州市会昌街道大定路10号,41,08,82,完整
焦作市孟州市河雍街道南庄社区,41,08,82,省略省
河南孟州谷旦镇,41,08,82,省略市+简称
河南省焦作市孟州市,41,08,82,截断
河南省焦作市孟州市会昌街道,41,08,82,编辑距离错误
孟州市会昌街道焦作市河南省,41,08,82,顺序混乱
河南省濮阳市华龙区中原街道黄河路1号,41,09,02,完整
濮阳市华龙区任丘街道胜利社区,41,09,02,省略省
河南华龙人民路街道,41,09,02,省略市+简称
河南省濮阳市华龙区,41,09,02,截断
河南省濮阳市华龙区中原街道,41,09,02,同音错误
华龙区中原街道濮阳市河南省,41,09,02,顺序混乱
河南省濮阳市清丰县城关镇政通大道2号,41,09,22,完整
濮阳市清丰县马庄桥镇六塔社区,41,09,22,省略省
河南清丰韩村镇,41,09,22,省略市+简称
河南省濮阳市清丰县,41,09,22,截断
河南省濮阳市清丰县城关镇,41,09,22,编辑距离错误
清丰县城关镇濮阳市河南省,41,09,22,顺序混乱
河南省濮阳市南乐县城关镇兴华路3号,41,09,23,完整
濮阳市南乐县韩张镇千口社区,41,09,23,省略省
河南南乐元村镇,41,09,23,省略市+简称
河南省濮阳市南乐县,41,09,23,截断
河南省濮阳市南乐县城关镇,41,09,23,同音错误
南乐县城关镇濮阳市河南省,41,09,23,顺序混乱
河南省濮阳市范县城关镇黄河路4号,41,09,26,完整
濮阳市范县濮城镇辛庄社区,41,09,26,省略省
河南范县陈庄镇,41,09,26,省略市+简称
河南省濮阳市范县,41,09,26,截断
河南省濮阳市范县城关镇,41,09,26,同音错误
范县城关镇濮阳市河南省,41,09,26,顺序混乱
河南省濮阳市台前县城关镇金水南路5号,41,09,27,完整
濮阳市台前县侯庙镇孙口社区,41,09,27,省略省
河南台前打渔陈镇,41,09,27,省略市+简称
河南省濮阳市台前县,41,09,27,截断
河南省濮阳市台前县城关镇,41,09,27,编辑距离错误
台前县城关镇濮阳市河南省,41,09,27,顺序混乱
河南省濮阳市濮阳县城关镇红旗路6号,41,09,28,完整
濮阳市濮阳县柳屯镇文留社区,41,09,28,省略省
河南濮阳户部寨镇,41,09,28,省略市+简称
河南省濮阳市濮阳县,41,09,28,截断
河南省濮阳市濮阳县城关镇,41,09,28,同音错误
濮阳县城关镇濮阳市河南省,41,09,28,顺序混乱
河南省许昌市魏都区西关街道建安大道1号,41,10,02,完整
许昌市魏都区丁庄街道文峰社区,41,10,02,省略省
河北省石家庄市长安区谈固街道建明小区5号楼,13,01,02,完整
石家庄市长安区长丰街道悦城社区12栋,13,01,02,完整
长安区育才街道范西路社区18号,13,01,02,省略省市
河北长安区广安街道棉一生活区3号,13,01,02,省略市
石家庄长安谈固街道,13,01,02,截断
长安区河北省石家庄市谈固街道建明社区,13,01,02,顺序混乱
长安→长岸区谈固街道建明社区9号,13,01,02,编辑距离错误
长岸区谈固街道建明小区河北省石家庄市,13,01,02,同音+顺序混乱
河北省石家庄市桥西区友谊街道友谊北大街320号,13,01,04,完整
石家庄桥西区振头街道西里社区8号院,13,01,04,完整
桥西区中山街道南小街社区22号,13,01,04,省略省市
河北桥西友谊街道以岭健康城,13,01,04,省略市
石家庄市桥西区,13,01,04,截断
桥西区石家庄市河北省中山街道,13,01,04,顺序混乱
河北省石家庄市鹿泉区获鹿镇一街村西街口,13,01,10,完整
石家庄鹿泉铜冶镇南铜冶村铜城路6号,13,01,10,完整
鹿泉区上庄镇台头社区新园街3号,13,01,10,省略市
河北鹿泉获鹿镇曹庄村委会,13,01,10,省略省
鹿泉铜冶镇,13,01,10,截断
鹿泉→路泉区铜冶镇南铜冶村,13,01,10,编辑距离错误
路泉区获鹿镇河北省石家庄市一街村,13,01,10,同音+顺序混乱
河北省唐山市路南区学院南路街道立新西里12号,13,02,02,完整
唐山路南区广场街道新华里社区5号楼,13,02,02,完整
路南区梁家屯路街道仁泰里社区9号,13,02,02,省略省市
河北路南学院南路街道和泓大成府,13,02,02,省略市
唐山市路南区,13,02,02,截断
路南区唐山市河北省学院南路街道立新西里,13,02,02,顺序混乱
路南→陆南区广场街道新华里8号,13,02,02,编辑距离错误
陆南区学院南路街道唐山市河北省立新西里,13,02,02,同音+顺序混乱
河北省唐山市丰南区胥各庄街道新兴社区滨河北路7号,13,02,07,完整
唐山丰南黄各庄镇黄各庄村丰碱线18号,13,02,07,完整
丰南区青年路街道金都花园社区3号楼,13,02,07,省略市
河北丰南胥各庄街道滨河里,13,02,07,省略省
丰南区胥各庄镇,13,02,07,截断
丰南→沣南区青年路街道金都花园,13,02,07,编辑距离错误
沣南区胥各庄镇唐山市河北省新兴社区,13,02,07,同音+顺序混乱
河北省秦皇岛市海港区白塔岭街道文体里社区河滨路10号,13,03,02,完整
秦皇岛海港建设大街街道秦皇社区幸福里6号楼,13,03,02,完整
海港区燕山大街街道燕北里社区和平大街22号,13,03,02,省略省市
河北海港白塔岭街道海政里小区,13,03,02,省略市
秦皇岛市海港区,13,03,02,截断
海港区秦皇岛市河北省建设大街街道秦皇社区,13,03,02,顺序混乱
海港→海江區燕山大街燕北里8号,13,03,02,编辑距离错误
海江區白塔岭街道河北省秦皇岛市文体里,13,03,02,同音+顺序混乱
河北省秦皇岛市抚宁区抚宁镇金山大街政府小区3号楼,13,03,06,完整
秦皇岛抚宁骊城街道紫金湾社区金山大街9号,13,03,06,完整
抚宁区台营镇台营四村台营集线16号,13,03,06,省略市
河北抚宁抚宁镇长征路社区,13,03,06,省略省
抚宁区骊城街道,13,03,06,截断
抚宁→抚林区台营镇台营四村,13,03,06,编辑距离错误
抚林区抚宁镇河北省秦皇岛市金山大街,13,03,06,同音+顺序混乱
河北省邯郸市邯山区火磨街道火磨街19号,13,04,02,完整
邯郸邯山罗城头街道滏阳街社区滏河南大街8号,13,04,02,完整
邯山区农林路街道农林路院5号楼,13,04,02,省略省市
河北邯山火磨街道陵西南大街,13,04,02,省略市
邯郸市邯山区,13,04,02,截断
邯山区邯郸市河北省罗城头街道滏阳街社区,13,04,02,顺序混乱
邯山→含山區火磨街道火磨街11号,13,04,02,编辑距离错误
含山區罗城头街道河北省邯郸市滏阳街,13,04,02,同音+顺序混乱
河北省邯郸市峰峰矿区滏阳东路街道滏阳东路26号,13,04,06,完整
邯郸峰峰临水镇滏阳新村鼓山北街7号,13,04,06,完整
峰峰矿区彭城镇彭西社区太行西路3号,13,04,06,省略市
河北峰峰滏阳东路街道新新小区,13,04,06,省略省
峰峰矿区临水镇,13,04,06,截断
峰峰→锋锋矿区彭城镇彭西社区,13,04,06,编辑距离错误
锋锋矿区滏阳东路街道河北省邯郸市滏阳东路,13,04,06,同音+顺序混乱
河北省张家口市宣化区宣化镇牌楼西街12号,13,07,05,完整
张家口宣化建国街街道建国街社区皇城桥路8号,13,07,05,完整
宣化区天泰寺街街道大东门社区鼓楼西街5号,13,07,05,省略市
河北宣化宣化镇西城垣小区,13,07,05,省略省
张家口市宣化区,13,07,05,截断
宣化区张家口市河北省建国街街道建国街社区,13,07,05,顺序混乱
宣化→宣华区天泰寺街大东门社区,13,07,05,编辑距离错误
宣华区宣化镇河北省张家口市牌楼西街,13,07,05,同音+顺序混乱
河北省张家口市桥东区五一路街道建国北路社区五一路30号,13,07,01,完整
张家口桥东胜利北路街道福安街社区胜利中路6号,13,07,01,完整
桥东区工业路街道中横街社区工业路18号,13,07,01,省略省市
河北桥东五一路街道鱼儿山小区,13,07,01,省略市
张家口市桥东区,13,07,01,截断
桥东区张家口市河北省胜利北路街道福安街社区,13,07,01,顺序混乱
桥东→桥冬区工业路街道中横街9号,13,07,01,编辑距离错误
桥冬区五一路街道河北省张家口市建国北路,13,07,01,同音+顺序混乱
河北省廊坊市安次区银河南路街道顺安街社区银河南路22号,13,10,02,完整
廊坊安次光明西道街道华夏奥韵社区西昌路8号,13,10,02,完整
安次区落垡镇落垡一村东环路5号,13,10,02,省略市
河北安次银河南路街道常甫路小区,13,10,02,省略省
廊坊市安次区,13,10,02,截断
安次区廊坊市河北省光明西道街道华夏奥韵,13,10,02,顺序混乱
安次→安祠区银河南路顺安街社区,13,10,02,编辑距离错误
安祠区落垡镇河北省廊坊市落垡一村,13,10,02,同音+顺序混乱
河北省廊坊市三河市迎宾北路街道东贸国际社区燕顺路10号,13,10,82,完整
廊坊三河鼎盛东街道西街社区建兴路6号,13,10,82,完整
三河市燕郊镇理想新城社区思菩兰路3号,13,10,82,省略市
河北三河迎宾北路街道步行街社区,13,10,82,省略省
廊坊市三河市,13,10,82,截断
三河市廊坊市河北省鼎盛东街道西街社区,13,10,82,顺序混乱
三河→三合市迎宾北路东贸国际社区,13,10,82,编辑距离错误
三合市燕郊镇河北省廊坊市理想新城,13,10,82,同音+顺序混乱
河北省沧州市运河区水月寺街道红卫里社区新华西路14号,13,09,03,完整
沧州运河市场街道解放西路社区署西街8号,13,09,03,完整
运河区南环中路街道天成郡府社区黄河西路5号,13,09,03,省略市
河北运河水月寺街道红卫里小区,13,09,03,省略省
沧州市运河区,13,09,03,截断
运河区沧州市河北省市场街道解放西路社区,13,09,03,顺序混乱
运河→运何区水月寺街道红卫里12号,13,09,03,编辑距离错误
运何区南环中路街道河北省沧州市天成郡府,13,09,03,同音+顺序混乱
河北省沧州市新华区建设北街街道站西街社区交通北大道9号,13,09,02,完整
沧州新华东环中街街道利农社区千童大道6号,13,09,02,完整
新华区南大街街道小树林社区黄河东路3号,13,09,02,省略市
河北新华建设北街街道站西街小区,13,09,02,省略省
沧州市新华区,13,09,02,截断
新华区沧州市河北省东环中街街道利农社区,13,09,02,顺序混乱
新华→新化区建设北街站西街11号,13,09,02,编辑距离错误
新化区南大街街道河北省沧州市小树林,13,09,02,同音+顺序混乱
河北省衡水市桃城区河西街道滏阳社区人民西路28号,13,11,02,完整
衡水桃城中华大街街道丽景社区中华大街12号,13,11,02,完整
桃城区路北街道和平里社区大庆路5号,13,11,02,省略市
河北桃城河西街道滏阳小区,13,11,02,省略省
衡水市桃城区,13,11,02,截断
桃城区衡水市河北省中华大街街道丽景社区,13,11,02,顺序混乱
桃城→桃成区河西街道滏阳社区,13,11,02,编辑距离错误
桃成区路北街道河北省衡水市和平里,13,11,02,同音+顺序混乱
河北省衡水市冀州区冀州镇竹林大街社区冀新路16号,13,11,81,完整
衡水冀州周村镇周村周孔线8号,13,11,81,完整
冀州区南午村镇南午村午照路3号,13,11,81,省略市
河北冀州冀州镇富居小区,13,11,81,省略省
衡水市冀州区,13,11,81,截断
冀州区衡水市河北省冀州镇竹林大街社区,13,11,81,顺序混乱
冀州→翼州區南午村镇南午村,13,11,81,编辑距离错误
翼州區冀州镇河北省衡水市冀新路,13,11,81,同音+顺序混乱
河北省承德市双桥区西大街街道碧园社区西大街20号,13,08,02,完整
承德双桥桥东街道府城路社区都统府大街8号,13,08,02,完整
双桥区新华路街道新兴街社区武烈路5号,13,08,02,省略市
河北双桥西大街街道碧园小区,13,08,02,省略省
承德市双桥区,13,08,02,截断
双桥区承德市河北省桥东街道府城路社区,13,08,02,顺序混乱
双桥→双乔区西大街碧园社区,13,08,02,编辑距离错误
双乔区新华路街道河北省承德市新兴街,13,08,02,同音+顺序混乱
河北省承德市双滦区元宝山街道御祥园社区滨河大街12号,13,08,03,完整
承德双滦秀水街道万和城社区秀水大街6号,13,08,03,完整
双滦区钢城街道滦江社区钢城路3号,13,08,03,省略市
河北双滦元宝山街道北园社区,13,08,03,省略省
承德市双滦区,13,08,03,截断
双滦区承德市河北省秀水街道万和城社区,13,08,03,顺序混乱
双滦→双栾区元宝山御祥园社区,13,08,03,编辑距离错误
双栾区钢城街道河北省承德市滦江社区,13,08,03,同音+顺序混乱
长安区中山东路街道某社区新华区新华路街道某社区桥西区中山街道某社区新疆维吾尔自治区乌鲁木齐市天山区解放南路街道二道桥社区和平南路15号,65,01,02,完整
乌鲁木齐天山区新华北路街道西河坝社区光明路8号,65,01,02,省略省
天山区燕儿窝街道燕儿窝路西社区红雁池北路3号,65,01,02,省略省市
新疆天山区青年路街道光明路东社区,65,01,02,截断
天山区新疆维吾尔自治区乌鲁木齐市青年路街道五星南路,65,01,02,顺序混乱
天山区解放南路街道新市路南一社区,65,01,02,完整
天山区新华南路街道三桥社区新华南路22号,65,01,02,省略省市
天山区幸福路街道幸福路社区幸福路9号,65,01,02,完整
天山区东门街道东风路社区东风路18号,65,01,02,省略省市
天山区解放北路街道和平北路社区中山路5号,65,01,02,完整
新疆维吾尔自治区乌鲁木齐市沙依巴克区长江路街道长江路社区长江路28号,65,01,03,完整
乌鲁木齐沙依巴克区友好北路街道宝地社区友好北路10号,65,01,03,省略省
沙依巴克区炉院街街道仓房沟社区仓房沟北路6号,65,01,03,省略省市
新疆沙依巴克区西山街道骑马山社区,65,01,03,截断
沙依巴克区新疆维吾尔自治区乌鲁木齐市扬子江路街道人民公园社区,65,01,03,顺序混乱
沙依巴克区雅玛里克山街道青年社区青峰路12号,65,01,03,完整
沙依巴克区平顶山街道头宫社区克拉玛依西路8号,65,01,03,省略省市
沙依巴克区和田街街道和田街社区和田街20号,65,01,03,完整
沙依巴克区红庙子街道金泰社区西城街5号,65,01,03,省略省市
沙依巴克区八一路街道北站社区北站东路15号,65,01,03,完整
新疆维吾尔自治区乌鲁木齐市高新技术产业开发区（新市区）北京路街道北京路口社区北京南路10号,65,01,04,完整
乌鲁木齐新市区喀什东路街道四平路社区喀什东路8号,65,01,04,省略省
新市区杭州路街道河北西路社区河北西路16号,65,01,04,省略省市
新疆新市区二工街道北京中路社区,65,01,04,截断
新市区新疆维吾尔自治区乌鲁木齐市南纬路街道青海路社区,65,01,04,顺序混乱
新市区银川路街道西八家户路东社区西八家户路12号,65,01,04,完整
新市区迎宾路街道兰亭社区迎宾路5号,65,01,04,省略省市
新市区百园路街道兴安社区百园路9号,65,01,04,完整
新市区石油新村街道外运司社区北站东路22号,65,01,04,省略省市
新市区正扬路街道东站北社区正扬路3号,65,01,04,完整
新疆维吾尔自治区乌鲁木齐市水磨沟区水磨沟街道水磨沟社区温泉西路18号,65,01,05,完整
乌鲁木齐水磨沟区南湖南路街道安居北路社区安居南路6号,65,01,05,省略省
水磨沟区六道湾街道克拉玛依东路社区克拉玛依东路12号,65,01,05,省略省市
新疆水磨沟区七道湾街道七道湾路东社区,65,01,05,截断
水磨沟区新疆维吾尔自治区乌鲁木齐市新民路街道荣惠社区,65,01,05,顺序混乱
水磨沟区华光街街道苇湖庄社区苇湖庄路9号,65,01,05,完整
水磨沟区龙盛街街道康辉社区龙盛街7号,65,01,05,省略省市
水磨沟区振安街街道鸿园南路社区振安街15号,65,01,05,完整
水磨沟区石人子沟街道石人子沟社区石人子沟路4号,65,01,05,省略省市
水磨沟区榆树沟街道榆树沟社区榆树沟路11号,65,01,05,完整
新疆维吾尔自治区克拉玛依市克拉玛依区天山路街道油南红光社区天山路20号,65,02,02,完整
克拉玛依克拉玛依区胜利路街道黎明曙光社区胜利路8号,65,02,02,省略省
克拉玛依区银河路街道向阳社区银河路14号,65,02,02,省略省市
新疆克拉玛依区昆仑路街道南林社区,65,02,02,截断
克拉玛依区新疆维吾尔自治区克拉玛依市迎宾街道城南社区,65,02,02,顺序混乱
克拉玛依区金龙镇街道友好社区金龙大道6号,65,02,02,完整
克拉玛依区五五新镇街道腾飞社区五五新镇路12号,65,02,02,省略省市
克拉玛依区三平路街道五新社区三平路9号,65,02,02,完整
克拉玛依区小拐乡小拐村小拐乡路3号,65,02,02,省略省市
克拉玛依区天山路街道古田北社区古田路18号,65,02,02,完整
新疆维吾尔自治区吐鲁番市高昌区高昌路街道幸福社区高昌路15号,65,04,01,完整
吐鲁番高昌区老城路街道苏公塔社区老城路7号,65,04,01,省略省
高昌区葡萄镇巴格日社区葡萄沟路6号,65,04,01,省略省市
新疆高昌区新编二十三个村社区,65,04,01,截断
高昌区新疆维吾尔自治区吐鲁番市红星片区戈壁社区,65,04,01,顺序混乱
高昌区恰特喀勒乡其盖布拉克村恰特喀勒路9号,65,04,01,完整
高昌区亚尔镇亚尔果勒村亚尔镇路12号,65,04,01,省略省市
高昌区三堡乡台藏村三堡乡路4号,65,04,01,完整
高昌区胜金乡开斯突尔村胜金乡路8号,65,04,01,省略省市
高昌区艾丁湖镇也木什村艾丁湖路11号,65,04,01,完整
新疆维吾尔自治区哈密市伊州区东河街道青年路东社区青年南路18号,65,05,01,完整
哈密伊州区西河街道中山北路社区中山北路9号,65,05,01,省略省
伊州区城北街道祥和社区新民六路6号,65,05,01,省略省市
新疆伊州区丽园街道七一路社区,65,05,01,截断
伊州区新疆维吾尔自治区哈密市石油新城街道支油区社区,65,05,01,顺序混乱
伊州区陶家宫镇新户村陶家宫镇路12号,65,05,01,完整
伊州区五堡镇博斯坦村五堡镇路5号,65,05,01,省略省市
伊州区二堡镇二堡村二堡镇路8号,65,05,01,完整
伊州区沁城乡牛毛泉村沁城乡路3号,65,05,01,省略省市
伊州区花园乡卡日塔里村花园乡路15号,65,05,01,完整
新疆维吾尔自治区昌吉回族自治州昌吉市宁边路街道水电巷社区北京北路22号,65,23,01,完整
昌吉昌吉市延安北路街道广场社区延安北路10号,65,23,01,省略省
昌吉市建国路街道晶彩城社区建国西路8号,65,23,01,省略省市
新疆昌吉市中山路街道天山社区,65,23,01,截断
昌吉市新疆维吾尔自治区昌吉回族自治州北京南路街道文化宫社区,65,23,01,顺序混乱
昌吉市六工镇十三户村六工镇路6号,65,23,01,完整
昌吉市大西渠镇幸福村大西渠镇路12号,65,23,01,省略省市
昌吉市佃坝镇二畦村佃坝镇路4号,65,23,01,完整
昌吉市榆树沟镇榆树沟村榆树沟镇路9号,65,23,01,省略省市
昌吉市三工镇常胜村三工镇路16号,65,23,01,完整
新疆维吾尔自治区博尔塔拉蒙古自治州博乐市青得里街道街心社区青得里大街15号,65,27,01,完整
博乐博乐市顾力木图街道北郊社区顾力木图路8号,65,27,01,省略省
博乐市克尔根卓街道明珠社区克尔根卓路6号,65,27,01,省略省市
新疆博乐市南城区街道朝阳社区,65,27,01,截断
博乐市新疆维吾尔自治区博尔塔拉蒙古自治州青达拉街道工业园社区,65,27,01,顺序混乱
博乐市小营盘镇哈日莫墩村小营盘镇路12号,65,27,01,完整
博乐市达勒特镇都图敖博村达勒特镇路5号,65,27,01,省略省市
博乐市乌图布拉格镇乌图布拉格村乌图布拉格路9号,65,27,01,完整
博乐市贝林哈日莫墩乡贝林村贝林乡路3号,65,27,01,省略省市
博乐市青得里镇祖木墩村青得里镇路18号,65,27,01,完整
新疆维吾尔自治区巴音郭楞蒙古自治州库尔勒市萨依巴格街道梨香社区萨依巴格路20号,65,28,01,完整
库尔勒库尔勒市团结街道龙湖社区团结北路9号,65,28,01,省略省
库尔勒市建设街道龙山社区建设路7号,65,28,01,省略省市
新疆库尔勒市梨香街道凌达社区,65,28,01,截断
库尔勒市新疆维吾尔自治区巴音郭楞蒙古自治州楼兰街道佳鑫社区,65,28,01,顺序混乱
库尔勒市恰尔巴格乡恰尔巴格村恰尔巴格路11号,65,28,01,完整
库尔勒市铁克其乡沙南社区铁克其路6号,65,28,01,省略省市
库尔勒市阿瓦提乡阿克艾日克村阿瓦提乡路4号,65,28,01,完整
库尔勒市英下乡英下村英下乡路8号,65,28,01,省略省市
库尔勒市兰干乡兰干村兰干路15号,65,28,01,完整
新疆维吾尔自治区阿克苏地区阿克苏市英巴扎街道英巴扎社区英巴扎路18号,65,29,01,完整
阿克苏阿克苏市红桥街道多浪社区红桥路8号,65,29,01,省略省
阿克苏市新城街道教育社区教育路6号,65,29,01,省略省市
新疆阿克苏市南城街道古勒阿瓦提社区,65,29,01,截断
阿克苏市新疆维吾尔自治区阿克苏地区兰干街道朝阳社区,65,29,01,顺序混乱
阿克苏市喀拉塔勒镇博斯坦村喀拉塔勒镇路12号,65,29,01,完整
阿克苏市阿依库勒镇协合买里村阿依库勒镇路5号,65,29,01,省略省市
阿克苏市依干其镇尤喀克科克巴什村依干其镇路9号,65,29,01,完整
阿克苏市拜什吐格曼乡尤喀克英吾斯塘村拜什吐格曼乡路3号,65,29,01,省略省市
阿克苏市托普鲁克乡木日开旦木村托普鲁克乡路16号,65,29,01,完整
新疆维吾尔自治区克孜勒苏柯尔克孜自治州阿图什市幸福街道帕米尔路社区帕米尔路15号,65,30,01,完整
阿图什阿图什市光明街道团结社区光明路7号,65,30,01,省略省
阿图什市新城街道杏花村社区新城路6号,65,30,01,省略省市
新疆阿图什市阳光街道彩虹社区,65,30,01,截断
阿图什市新疆维吾尔自治区克孜勒苏柯尔克孜自治州幸福街道建设路社区,65,30,01,顺序混乱
阿图什市上阿图什镇依克萨克村上阿图什镇路12号,65,30,01,完整
阿图什市格达良乡乔克其村格达良乡路5号,65,30,01,省略省市
阿图什市松他克镇亚喀巴格村松他克镇路9号,65,30,01,完整
阿图什市阿扎克镇麦依村阿扎克镇路4号,65,30,01,省略省市
阿图什市阿湖乡托格拉克村阿湖乡路18号,65,30,01,完整
新疆维吾尔自治区喀什地区喀什市恰萨街道古扎社区恰萨路20号,65,31,01,完整
喀什喀什市亚瓦格街道布拉克贝希社区亚瓦格路8号,65,31,01,省略省
喀什市库木代尔瓦扎街道克孜都维路社区克孜都维路6号,65,31,01,省略省市
新疆喀什市吾斯塘博依街道徕宁城社区,65,31,01,截断
喀什市新疆维吾尔自治区喀什地区东湖街道世纪大道社区,65,31,01,顺序混乱
喀什市多来特巴格乡吐鲁番库孜村多来特巴格乡路12号,65,31,01,完整
喀什市色满乡墩吾依拉村色满乡路5号,65,31,01,省略省市
喀什市浩罕乡库康村浩罕乡路9号,65,31,01,完整
喀什市伯什克然木乡巴什斯代村伯什克然木乡路3号,65,31,01,省略省市
喀什市阿克喀什乡阿克喀什村阿克喀什乡路16号,65,31,01,完整
新疆维吾尔自治区和田地区和田市古勒巴格街道首都花园社区古勒巴格路18号,65,32,01,完整
和田和田市努尔巴格街道阿提巴扎社区努尔巴格路8号,65,32,01,省略省
和田市古江巴格街道英买里社区古江巴格路6号,65,32,01,省略省市
新疆和田市肖尔巴格街道阿依丁库勒社区,65,32,01,截断
和田市新疆维吾尔自治区和田地区和田街道建设社区,65,32,01,顺序混乱
和田市拉斯奎镇阿克塔什村拉斯奎镇路12号,65,32,01,完整
和田市吐沙拉镇喀热买提村吐沙拉镇路5号,65,32,01,省略省市
和田市伊里其乡肖拉克村伊里其乡路9号,65,32,01,完整
和田市吉亚乡巴什吐格曼村吉亚乡路4号,65,32,01,省略省市
和田市玉龙喀什镇阿勒提来村玉龙喀什镇路15号,65,32,01,完整
新疆维吾尔自治区伊犁哈萨克自治州伊宁市喀赞其街道喀赞其社区喀赞其街16号,65,40,02,完整
伊宁伊宁市萨依布依街道清泉里社区斯大林街8号,65,40,02,省略省
伊宁市墩买里街道友好路社区墩买里街6号,65,40,02,省略省市
新疆伊宁市琼科瑞克街道东梁社区,65,40,02,截断
伊宁市新疆维吾尔自治区伊犁哈萨克自治州都来提巴格街道契利克社区,65,40,02,顺序混乱
伊宁市巴彦岱镇三段村巴彦岱镇路12号,65,40,02,完整
伊宁市潘津镇潘津村潘津镇路5号,65,40,02,省略省市
伊宁市克伯克于孜乡团结村克伯克于孜乡路9号,65,40,02,完整
伊宁市英也尔镇英也尔村英也尔镇路3号,65,40,02,省略省市
伊宁市达达木图镇布拉克村达达木图镇路18号,65,40,02,完整
新疆维吾尔自治区伊犁哈萨克自治州奎屯市团结街街道风华里社区团结东街20号,65,40,04,完整
奎屯奎屯市乌鲁木齐东路街道东绣苑社区乌鲁木齐东路8号,65,40,04,省略省
奎屯市北京路街道同兴里社区北京西路6号,65,40,04,省略省市
新疆奎屯市北京西路街道康乐园社区,65,40,04,截断
奎屯市新疆维吾尔自治区伊犁哈萨克自治州火车站街道万科里社区,65,40,04,顺序混乱
奎屯市开干齐乡开干齐村开干齐乡路12号,65,40,04,完整
奎屯市团结街街道启明里社区启明里街5号,65,40,04,省略省市
奎屯市乌鲁木齐东路街道东轩苑社区东轩苑路9号,65,40,04,完整
奎屯市北京路街道西华园社区西华园路3号,65,40,04,省略省市
奎屯市火车站街道劲松园社区劲松园路15号,65,40,04,完整
新疆维吾尔自治区伊犁哈萨克自治州霍尔果斯市亚欧东路街道亚欧社区亚欧路18号,65,40,24,完整
霍尔果斯霍尔果斯市工业园区街道卡拉苏社区卡拉苏路8号,65,40,24,省略省
霍尔果斯市卡拉苏街道卡拉苏社区卡拉苏路6号,65,40,24,省略省市
新疆霍尔果斯市亚欧西路街道友谊社区,65,40,24,截断
霍尔果斯市新疆维吾尔自治区伊犁哈萨克自治州兴城街道兴城社区,65,40,24,顺序混乱
霍尔果斯市莫乎尔牧场塞克山买里村莫乎尔牧场路12号,65,40,24,完整
霍尔果斯市伊车嘎善锡伯乡赤哲嘎善村伊车嘎善乡路5号,65,40,24,省略省市
霍尔果斯市格干牧业社区格干路9号,65,40,24,完整
霍尔果斯市亚欧东路街道明珠社区明珠路3号,65,40,24,省略省市
霍尔果斯市工业园区街道青岛路社区青岛路16号,65,40,24,完整
新疆维吾尔自治区塔城地区塔城市和平街道商业社区解放路15号,65,42,01,完整
塔城塔城市杜别克街道宏图社区杜别克街7号,65,42,01,省略省
塔城市新城街道伊宁社区新城街6号,65,42,01,省略省市
新疆塔城市和平街道建设社区,65,42,01,截断
塔城市新疆维吾尔自治区塔城地区二工镇五里村,65,42,01,顺序混乱
塔城市二工镇上二工村二工镇路12号,65,42,01,完整
塔城市恰夏镇恩喀德克村恰夏镇路5号,65,42,01,省略省市
塔城市阿西尔达斡尔族乡赤汉格尔村阿西尔乡路9号,65,42,01,完整
塔城市喀拉哈巴克乡肯杰拜村喀拉哈巴克乡路3号,65,42,01,省略省市
塔城市阿不都拉乡阿亚克阿不都拉村阿不都拉乡路18号,65,42,01,完整
新疆维吾尔自治区阿勒泰地区阿勒泰市金山路街道金山路社区金山路20号,65,43,01,完整
阿勒泰阿勒泰市解放路街道解放路社区解放路8号,65,43,01,省略省
阿勒泰市团结路街道团结路社区团结路6号,65,43,01,省略省市
新疆阿勒泰市恰秀路街道红墩路社区,65,43,01,截断
阿勒泰市新疆维吾尔自治区阿勒泰地区北屯镇西北路社区,65,43,01,顺序混乱
阿勒泰市切木尔切克镇阔克什木村切木尔切克镇路12号,65,43,01,完整
阿勒泰市阿拉哈克镇塔尔浪村阿拉哈克镇路5号,65,43,01,省略省市
阿勒泰市汗德尕特蒙古族乡乔尔海村汗德尕特乡路9号,65,43,01,完整
阿勒泰市拉斯特乡拉斯特村拉斯特乡路3号,65,43,01,省略省市
阿勒泰市喀拉希力克乡喀拉希力克村喀拉希力克乡路15号,65,43,01,完整
新疆维吾尔自治区自治区直辖县级行政区划石河子市新城街道十六号小区社区北一路18号,65,90,01,完整
石河子石河子市向阳街道二十号小区社区西一路8号,65,90,01,省略省
石河子市老街街道五小区社区老街路6号,65,90,01,省略省市
新疆石河子市东城街道四十号小区社区,65,90,01,截断
石河子市新疆维吾尔自治区自治区直辖县级行政区划红山街道三十二小区社区,65,90,01,顺序混乱
石河子市北泉镇泉水地村北泉镇路12号,65,90,01,完整
石河子市石河子镇沙依巴克村石河子镇路5号,65,90,01,省略省市
石河子市新城街道八号小区社区八号小区路9号,65,90,01,完整
石河子市向阳街道一小区社区一小区路3号,65,90,01,省略省市
石河子市老街街道六小区社区六小区路16号,65,90,01,完整
天山区幸福路街道,01,01,02,歧义
沙依巴克区友好北路街道,01,01,03,歧义
新市区北京路街道,01,01,04,歧义
水磨沟区南湖南路街道,01,01,05,歧义
克拉玛依区胜利路街道,02,02,02,歧义
高昌区葡萄镇,04,04,01,歧义
伊州区城北街道,05,05,01,歧义
山西省太原市小店区营盘街道并州南路68号,14,01,05,完整
太原市小店区营盘街道并州南路68号,14,01,05,省略省
小店区营盘街道并州南路68号,14,01,05,省略省市
山西小店营盘街道并州南路68号,14,01,05,省略市+简称
小店区营盘街道并州南路68号营盘街道小店区太原市山西省,14,01,05,顺序混乱
小店区营盘街道并州南路68号小店区营盘街道并州南路68号,14,01,05,同音+顺序混乱
太原市小店区,14,01,05,截断
山西省太原市迎泽区柳巷街道柳巷南路18号,14,01,06,完整
太原市迎泽区柳巷街道柳巷南路18号,14,01,06,省略省
迎泽区柳巷街道柳巷南路18号,14,01,06,省略省市
山西迎泽柳巷街道柳巷南路18号,14,01,06,省略市+简称
柳巷街道迎泽区太原市山西省柳巷南路18号,14,01,06,顺序混乱
柳巷街道迎泽区太原市山西省柳巷南路18号柳巷街道迎泽区太原市山西省,14,01,06,同音+顺序混乱
太原市迎泽区,14,01,06,截断
山西省太原市杏花岭区三桥街道府西街29号,14,01,07,完整
太原市杏花岭区三桥街道府西街29号,14,01,07,省略省
杏花岭区三桥街道府西街29号,14,01,07,省略省市
山西杏花岭三桥街道府西街29号,14,01,07,省略市+简称
三桥街道杏花岭区太原市山西省府西街29号,14,01,07,顺序混乱
三桥街道杏花岭区太原市山西省府西街29号三桥街道杏花岭区太原市山西省,14,01,07,同音+顺序混乱
太原市杏花岭区,14,01,07,截断
山西省太原市尖草坪区柴村街道柴村正街33号,14,01,08,完整
太原市尖草坪区柴村街道柴村正街33号,14,01,08,省略省
尖草坪区柴村街道柴村正街33号,14,01,08,省略省市
山西尖草坪柴村街道柴村正街33号,14,01,08,省略市+简称
柴村街道尖草坪区太原市山西省柴村正街33号,14,01,08,顺序混乱
柴村街道尖草坪区太原市山西省柴村正街33号柴村街道尖草坪区太原市山西省,14,01,08,同音+顺序混乱
太原市尖草坪区,14,01,08,截断
山西省太原市万柏林区千峰街道迎泽西大街90号,14,01,09,完整
太原市万柏林区千峰街道迎泽西大街90号,14,01,09,省略省
万柏林区千峰街道迎泽西大街90号,14,01,09,省略省市
山西万柏林千峰街道迎泽西大街90号,14,01,09,省略市+简称
千峰街道万柏林区太原市山西省迎泽西大街90号,14,01,09,顺序混乱
千峰街道万柏林区太原市山西省迎泽西大街90号千峰街道万柏林区太原市山西省,14,01,09,同音+顺序混乱
太原市万柏林区,14,01,09,截断
山西省太原市晋源区晋源街道晋源路42号,14,01,10,完整
太原市晋源区晋源街道晋源路42号,14,01,10,省略省
晋源区晋源街道晋源路42号,14,01,10,省略省市
山西晋源晋源街道晋源路42号,14,01,10,省略市+简称
晋源街道晋源区太原市山西省晋源路42号,14,01,10,顺序混乱
晋源街道晋源区太原市山西省晋源路42号晋源街道晋源区太原市山西省,14,01,10,同音+顺序混乱
太原市晋源区,14,01,10,截断
山西省太原市清徐县清源镇紫林路88号,14,01,21,完整
太原市清徐县清源镇紫林路88号,14,01,21,省略省
清徐县清源镇紫林路88号,14,01,21,省略省市
山西清徐清源镇紫林路88号,14,01,21,省略市+简称
清源镇清徐县太原市山西省紫林路88号,14,01,21,顺序混乱
清源镇清徐县太原市山西省紫林路88号清源镇清徐县太原市山西省,14,01,21,同音+顺序混乱
太原市清徐县,14,01,21,截断
山西省太原市阳曲县黄寨镇新阳西街66号,14,01,22,完整
太原市阳曲县黄寨镇新阳西街66号,14,01,22,省略省
阳曲县黄寨镇新阳西街66号,14,01,22,省略省市
山西阳曲黄寨镇新阳西街66号,14,01,22,省略市+简称
黄寨镇阳曲县太原市山西省新阳西街66号,14,01,22,顺序混乱
黄寨镇阳曲县太原市山西省新阳西街66号黄寨镇阳曲县太原市山西省,14,01,22,同音+顺序混乱
太原市阳曲县,14,01,22,截断
山西省太原市娄烦县娄烦镇南大街15号,14,01,23,完整
太原市娄烦县娄烦镇南大街15号,14,01,23,省略省
娄烦县娄烦镇南大街15号,14,01,23,省略省市
山西娄烦娄烦镇南大街15号,14,01,23,省略市+简称
娄烦镇娄烦县太原市山西省南大街15号,14,01,23,顺序混乱
娄烦镇娄烦县太原市山西省南大街15号娄烦镇娄烦县太原市山西省,14,01,23,同音+顺序混乱
太原市娄烦县,14,01,23,截断
山西省太原市古交市东曲街道建设路51号,14,01,81,完整
太原市古交市东曲街道建设路51号,14,01,81,省略省
古交市东曲街道建设路51号,14,01,81,省略省市
山西古交东曲街道建设路51号,14,01,81,省略市+简称
东曲街道古交市太原市山西省建设路51号,14,01,81,顺序混乱
东曲街道古交市太原市山西省建设路51号东曲街道古交市太原市山西省,14,01,81,同音+顺序混乱
太原市古交市,14,01,81,截断
山西省大同市新荣区新荣镇长城东街77号,14,02,11,完整
大同市新荣区新荣镇长城东街77号,14,02,11,省略省
新荣区新荣镇长城东街77号,14,02,11,省略省市
山西新荣新荣镇长城东街77号,14,02,11,省略市+简称
新荣镇新荣区大同市山西省长城东街77号,14,02,11,顺序混乱
新荣镇新荣区大同市山西省长城东街77号新荣镇新荣区大同市山西省,14,02,11,同音+顺序混乱
大同市新荣区,14,02,11,截断
山西省大同市平城区向阳里街道云中路35号,14,02,02,完整
大同市平城区向阳里街道云中路35号,14,02,02,省略省
平城区向阳里街道云中路35号,14,02,02,省略省市
山西平城向阳里街道云中路35号,14,02,02,省略市+简称
向阳里街道平城区大同市山西省云中路35号,14,02,02,顺序混乱
向阳里街道平城区大同市山西省云中路35号向阳里街道平城区大同市山西省,14,02,02,同音+顺序混乱
大同市平城区,14,02,02,截断
山西省大同市云冈区口泉乡同泉路108号,14,02,03,完整
大同市云冈区口泉乡同泉路108号,14,02,03,省略省
云冈区口泉乡同泉路108号,14,02,03,省略省市
山西云冈口泉乡同泉路108号,14,02,03,省略市+简称
口泉乡云冈区大同市山西省同泉路108号,14,02,03,顺序混乱
口泉乡云冈区大同市山西省同泉路108号口泉乡云冈区大同市山西省,14,02,03,同音+顺序混乱
大同市云冈区,14,02,03,截断
山西省大同市云州区西坪镇坪城路26号,14,02,15,完整
大同市云州区西坪镇坪城路26号,14,02,15,省略省
云州区西坪镇坪城路26号,14,02,15,省略省市
山西云州西坪镇坪城路26号,14,02,15,省略市+简称
西坪镇云州区大同市山西省坪城路26号,14,02,15,顺序混乱
西坪镇云州区大同市山西省坪城路26号西坪镇云州区大同市山西省,14,02,15,同音+顺序混乱
大同市云州区,14,02,15,截断
山西省大同市阳高县龙泉镇大西街53号,14,02,21,完整
大同市阳高县龙泉镇大西街53号,14,02,21,省略省
阳高县龙泉镇大西街53号,14,02,21,省略省市
山西阳高龙泉镇大西街53号,14,02,21,省略市+简称
龙泉镇阳高县大同市山西省大西街53号,14,02,21,顺序混乱
龙泉镇阳高县大同市山西省大西街53号龙泉镇阳高县大同市山西省,14,02,21,同音+顺序混乱
大同市阳高县,14,02,21,截断
山西省大同市天镇县玉泉镇东大街47号,14,02,22,完整
大同市天镇县玉泉镇东大街47号,14,02,22,省略省
天镇县玉泉镇东大街47号,14,02,22,省略省市
山西天镇玉泉镇东大街47号,14,02,22,省略市+简称
玉泉镇天镇县大同市山西省东大街47号,14,02,22,顺序混乱
玉泉镇天镇县大同市山西省东大街47号玉泉镇天镇县大同市山西省,14,02,22,同音+顺序混乱
大同市天镇县,14,02,22,截断
山西省大同市广灵县壶泉镇广泰西街39号,14,02,23,完整
大同市广灵县壶泉镇广泰西街39号,14,02,23,省略省
广灵县壶泉镇广泰西街39号,14,02,23,省略省市
山西广灵壶泉镇广泰西街39号,14,02,23,省略市+简称
壶泉镇广灵县大同市山西省广泰西街39号,14,02,23,顺序混乱
壶泉镇广灵县大同市山西省广泰西街39号壶泉镇广灵县大同市山西省,14,02,23,同音+顺序混乱
大同市广灵县,14,02,23,截断
山西省大同市灵丘县武灵镇新建北路61号,14,02,24,完整
大同市灵丘县武灵镇新建北路61号,14,02,24,省略省
灵丘县武灵镇新建北路61号,14,02,24,省略省市
山西灵丘武灵镇新建北路61号,14,02,24,省略市+简称
武灵镇灵丘县大同市山西省新建北路61号,14,02,24,顺序混乱
武灵镇灵丘县大同市山西省新建北路61号武灵镇灵丘县大同市山西省,14,02,24,同音+顺序混乱
大同市灵丘县,14,02,24,截断
山西省大同市浑源县永安镇恒山南路44号,14,02,25,完整
大同市浑源县永安镇恒山南路44号,14,02,25,省略省
浑源县永安镇恒山南路44号,14,02,25,省略省市
山西浑源永安镇恒山南路44号,14,02,25,省略市+简称
永安镇浑源县大同市山西省恒山南路44号,14,02,25,顺序混乱
永安镇浑源县大同市山西省恒山南路44号永安镇浑源县大同市山西省,14,02,25,同音+顺序混乱
大同市浑源县,14,02,25,截断
山西省大同市左云县云兴镇西街19号,14,02,26,完整
大同市左云县云兴镇西街19号,14,02,26,省略省
左云县云兴镇西街19号,14,02,26,省略省市
山西左云云兴镇西街19号,14,02,26,省略市+简称
云兴镇左云县大同市山西省西街19号,14,02,26,顺序混乱
云兴镇左云县大同市山西省西街19号云兴镇左云县大同市山西省,14,02,26,同音+顺序混乱
大同市左云县,14,02,26,截断
山西省大同市右玉县新城镇玉林西街58号,14,06,23,完整
大同市右玉县新城镇玉林西街58号,14,06,23,省略省
右玉县新城镇玉林西街58号,14,06,23,省略省市
山西右玉新城镇玉林西街58号,14,06,23,省略市+简称
新城镇右玉县朔州市山西省玉林西街58号,14,06,23,顺序混乱
新城镇右玉县朔州市山西省玉林西街58号新城镇右玉县朔州市山西省,14,06,23,同音+顺序混乱
大同市右玉县,14,06,23,截断
山西省朔州市朔城区南城街道鄯阳街56号,14,06,02,完整
朔州市朔城区南城街道鄯阳街56号,14,06,02,省略省
朔城区南城街道鄯阳街56号,14,06,02,省略省市
山西朔城南城街道鄯阳街56号,14,06,02,省略市+简称
南城街道朔城区朔州市山西省鄯阳街56号,14,06,02,顺序混乱
南城街道朔城区朔州市山西省鄯阳街56号南城街道朔城区朔州市山西省,14,06,02,同音+顺序混乱
朔州市朔城区,14,06,02,截断
山西省朔州市平鲁区井坪镇平安西街71号,14,06,03,完整
朔州市平鲁区井坪镇平安西街71号,14,06,03,省略省
平鲁区井坪镇平安西街71号,14,06,03,省略省市
山西平鲁井坪镇平安西街71号,14,06,03,省略市+简称
井坪镇平鲁区朔州市山西省平安西街71号,14,06,03,顺序混乱
井坪镇平鲁区朔州市山西省平安西街71号井坪镇平鲁区朔州市山西省,14,06,03,同音+顺序混乱
朔州市平鲁区,14,06,03,截断
山西省朔州市山阴县岱岳镇北环街32号,14,06,21,完整
朔州市山阴县岱岳镇北环街32号,14,06,21,省略省
山阴县岱岳镇北环街32号,14,06,21,省略省市
山西山阴岱岳镇北环街32号,14,06,21,省略市+简称
岱岳镇山阴县朔州市山西省北环街32号,14,06,21,顺序混乱
岱岳镇山阴县朔州市山西省北环街32号岱岳镇山阴县朔州市山西省,14,06,21,同音+顺序混乱
朔州市山阴县,14,06,21,截断
山西省朔州市应县金城镇新建西街48号,14,06,22,完整
朔州市应县金城镇新建西街48号,14,06,22,省略省
应县金城镇新建西街48号,14,06,22,省略省市
山西应县金城镇新建西街48号,14,06,22,省略市+简称
金城镇应县朔州市山西省新建西街48号,14,06,22,顺序混乱
金城镇应县朔州市山西省新建西街48号金城镇应县朔州市山西省,14,06,22,同音+顺序混乱
朔州市应县,14,06,22,截断
山西省朔州市怀仁市云中街道仁人路63号,14,06,81,完整
朔州市怀仁市云中街道仁人路63号,14,06,81,省略省
怀仁市云中街道仁人路63号,14,06,81,省略省市
山西怀仁云中街道仁人路63号,14,06,81,省略市+简称
云中街道怀仁市朔州市山西省仁人路63号,14,06,81,顺序混乱
云中街道怀仁市朔州市山西省仁人路63号云中街道怀仁市朔州市山西省,14,06,81,同音+顺序混乱
朔州市怀仁市,14,06,81,截断
山西省忻州市忻府区秀容街道光明东街24号,14,09,02,完整
忻州市忻府区秀容街道光明东街24号,14,09,02,省略省
忻府区秀容街道光明东街24号,14,09,02,省略省市
山西忻府秀容街道光明东街24号,14,09,02,省略市+简称
秀容街道忻府区忻州市山西省光明东街24号,14,09,02,顺序混乱
秀容街道忻府区忻州市山西省光明东街24号秀容街道忻府区忻州市山西省,14,09,02,同音+顺序混乱
忻州市忻府区,14,09,02,截断
山西省忻州市定襄县晋昌镇解放大街37号,14,09,21,完整
忻州市定襄县晋昌镇解放大街37号,14,09,21,省略省
定襄县晋昌镇解放大街37号,14,09,21,省略省市
山西定襄晋昌镇解放大街37号,14,09,21,省略市+简称
晋昌镇定襄县忻州市山西省解放大街37号,14,09,21,顺序混乱
晋昌镇定襄县忻州市山西省解放大街37号晋昌镇定襄县忻州市山西省,14,09,21,同音+顺序混乱
忻州市定襄县,14,09,21,截断
山西省忻州市五台县台城镇新建路41号,14,09,22,完整
忻州市五台县台城镇新建路41号,14,09,22,省略省
五台县台城镇新建路41号,14,09,22,省略省市
山西五台台城镇新建路41号,14,09,22,省略市+简称
台城镇五台县忻州市山西省新建路41号,14,09,22,顺序混乱
台城镇五台县忻州市山西省新建路41号台城镇五台县忻州市山西省,14,09,22,同音+顺序混乱
忻州市五台县,14,09,22,截断
山西省忻州市代县上馆镇东大街28号,14,09,23,完整
忻州市代县上馆镇东大街28号,14,09,23,省略省
代县上馆镇东大街28号,14,09,23,省略省市
山西代县上馆镇东大街28号,14,09,23,省略市+简称
上馆镇代县忻州市山西省东大街28号,14,09,23,顺序混乱
上馆镇代县忻州市山西省东大街28号上馆镇代县忻州市山西省,14,09,23,同音+顺序混乱
忻州市代县,14,09,23,截断
山西省忻州市繁峙县砂河镇富民路55号,14,09,24,完整
忻州市繁峙县砂河镇富民路55号,14,09,24,省略省
繁峙县砂河镇富民路55号,14,09,24,省略省市
山西繁峙砂河镇富民路55号,14,09,24,省略市+简称
砂河镇繁峙县忻州市山西省富民路55号,14,09,24,顺序混乱
砂河镇繁峙县忻州市山西省富民路55号砂河镇繁峙县忻州市山西省,14,09,24,同音+顺序混乱
忻州市繁峙县,14,09,24,截断
山西省忻州市宁武县凤凰镇人民大街62号,14,09,25,完整
忻州市宁武县凤凰镇人民大街62号,14,09,25,省略省
宁武县凤凰镇人民大街62号,14,09,25,省略省市
山西宁武凤凰镇人民大街62号,14,09,25,省略市+简称
凤凰镇宁武县忻州市山西省人民大街62号,14,09,25,顺序混乱
凤凰镇宁武县忻州市山西省人民大街62号凤凰镇宁武县忻州市山西省,14,09,25,同音+顺序混乱
忻州市宁武县,14,09,25,截断
山西省忻州市静乐县鹅城镇碾河大街46号,14,09,26,完整
忻州市静乐县鹅城镇碾河大街46号,14,09,26,省略省
静乐县鹅城镇碾河大街46号,14,09,26,省略省市
山西静乐鹅城镇碾河大街46号,14,09,26,省略市+简称
鹅城镇静乐县忻州市山西省碾河大街46号,14,09,26,顺序混乱
鹅城镇静乐县忻州市山西省碾河大街46号鹅城镇静乐县忻州市山西省,14,09,26,同音+顺序混乱
忻州市静乐县,14,09,26,截断
山西省忻州市神池县龙泉镇南关街17号,14,09,27,完整
忻州市神池县龙泉镇南关街17号,14,09,27,省略省
神池县龙泉镇南关街17号,14,09,27,省略省市
山西神池龙泉镇南关街17号,14,09,27,省略市+简称
龙泉镇神池县忻州市山西省南关街17号,14,09,27,顺序混乱
龙泉镇神池县忻州市山西省南关街17号龙泉镇神池县忻州市山西省,14,09,27,同音+顺序混乱
忻州市神池县,14,09,27,截断
山西省忻州市五寨县砚城镇迎宾西街54号,14,09,28,完整
忻州市五寨县砚城镇迎宾西街54号,14,09,28,省略省
五寨县砚城镇迎宾西街54号,14,09,28,省略省市
山西五寨砚城镇迎宾西街54号,14,09,28,省略市+简称
砚城镇五寨县忻州市山西省迎宾西街54号,14,09,28,顺序混乱
砚城镇五寨县忻州市山西省迎宾西街54号砚城镇五寨县忻州市山西省,14,09,28,同音+顺序混乱
忻州市五寨县,14,09,28,截断
山西省忻州市岢岚县岚漪镇北大街31号,14,09,29,完整
忻州市岢岚县岚漪镇北大街31号,14,09,29,省略省
岢岚县岚漪镇北大街31号,14,09,29,省略省市
山西岢岚岚漪镇北大街31号,14,09,29,省略市+简称
岚漪镇岢岚县忻州市山西省北大街31号,14,09,29,顺序混乱
岚漪镇岢岚县忻州市山西省北大街31号岚漪镇岢岚县忻州市山西省,14,09,29,同音+顺序混乱
忻州市岢岚县,14,09,29,截断
山西省忻州市河曲县西口镇黄河东大街22号,14,09,30,完整
忻州市河曲县西口镇黄河东大街22号,14,09,30,省略省
河曲县西口镇黄河东大街22号,14,09,30,省略省市
山西河曲西口镇黄河东大街22号,14,09,30,省略市+简称
西口镇河曲县忻州市山西省黄河东大街22号,14,09,30,顺序混乱
西口镇河曲县忻州市山西省黄河东大街22号西口镇河曲县忻州市山西省,14,09,30,同音+顺序混乱
忻州市河曲县,14,09,30,截断
山西省忻州市保德县东关镇府前大街49号,14,09,31,完整
忻州市保德县东关镇府前大街49号,14,09,31,省略省
保德县东关镇府前大街49号,14,09,31,省略省市
山西保德东关镇府前大街49号,14,09,31,省略市+简称
东关镇保德县忻州市山西省府前大街49号,14,09,31,顺序混乱
东关镇保德县忻州市山西省府前大街49号东关镇保德县忻州市山西省,14,09,31,同音+顺序混乱
忻州市保德县,14,09,31,截断
山西省忻州市偏关县新关镇府西大街36号,14,09,32,完整
忻州市偏关县新关镇府西大街36号,14,09,32,省略省
偏关县新关镇府西大街36号,14,09,32,省略省市
山西偏关新关镇府西大街36号,14,09,32,省略市+简称
新关镇偏关县忻州市山西省府西大街36号,14,09,32,顺序混乱
新关镇偏关县忻州市山西省府西大街36号新关镇偏关县忻州市山西省,14,09,32,同音+顺序混乱
忻州市偏关县,14,09,32,截断
山西省忻州市原平市北城街道前进西街73号,14,09,81,完整
忻州市原平市北城街道前进西街73号,14,09,81,省略省
原平市北城街道前进西街73号,14,09,81,省略省市
山西原平北城街道前进西街73号,14,09,81,省略市+简称
北城街道原平市忻州市山西省前进西街73号,14,09,81,顺序混乱
北城街道原平市忻州市山西省前进西街73号北城街道原平市忻州市山西省,14,09,81,同音+顺序混乱
忻州市原平市,14,09,81,截断
山西省吕梁市离石区凤山街道龙凤大街85号,14,11,02,完整
吕梁市离石区凤山街道龙凤大街85号,14,11,02,省略省
离石区凤山街道龙凤大街85号,14,11,02,省略省市
山西离石凤山街道龙凤大街85号,14,11,02,省略市+简称
凤山街道离石区吕梁市山西省龙凤大街85号,14,11,02,顺序混乱
凤山街道离石区吕梁市山西省龙凤大街85号凤山街道离石区吕梁市山西省,14,11,02,同音+顺序混乱
吕梁市离石区,14,11,02,截断
山西省吕梁市文水县凤城镇狄青大街74号,14,11,21,完整
吕梁市文水县凤城镇狄青大街74号,14,11,21,省略省
文水县凤城镇狄青大街74号,14,11,21,省略省市
山西文水凤城镇狄青大街74号,14,11,21,省略市+简称
凤城镇文水县吕梁市山西省狄青大街74号,14,11,21,顺序混乱
凤城镇文水县吕梁市山西省狄青大街74号凤城镇文水县吕梁市山西省,14,11,21,同音+顺序混乱
吕梁市文水县,14,11,21,截断
山西省吕梁市交城县天宁镇却波街59号,14,11,22,完整
吕梁市交城县天宁镇却波街59号,14,11,22,省略省
交城县天宁镇却波街59号,14,11,22,省略省市
山西交城天宁镇却波街59号,14,11,22,省略市+简称
天宁镇交城县吕梁市山西省却波街59号,14,11,22,顺序混乱
天宁镇交城县吕梁市山西省却波街59号天宁镇交城县吕梁市山西省,14,11,22,同音+顺序混乱
吕梁市交城县,14,11,22,截断
山西省吕梁市兴县蔚汾镇文化街65号,14,11,23,完整
吕梁市兴县蔚汾镇文化街65号,14,11,23,省略省
兴县蔚汾镇文化街65号,14,11,23,省略省市
山西兴县蔚汾镇文化街65号,14,11,23,省略市+简称
蔚汾镇兴县吕梁市山西省文化街65号,14,11,23,顺序混乱
蔚汾镇兴县吕梁市山西省文化街65号蔚汾镇兴县吕梁市山西省,14,11,23,同音+顺序混乱
吕梁市兴县,14,11,23,截断
山西省吕梁市临县临泉镇南关街52号,14,11,24,完整
吕梁市临县临泉镇南关街52号,14,11,24,省略省
临县临泉镇南关街52号,14,11,24,省略省市
山西临县临泉镇南关街52号,14,11,24,省略市+简称
临泉镇临县吕梁市山西省南关街52号,14,11,24,顺序混乱
临泉镇临县吕梁市山西省南关街52号临泉镇临县吕梁市山西省,14,11,24,同音+顺序混乱
吕梁市临县,14,11,24,截断
山西省吕梁市柳林县柳林镇清河西路43号,14,11,25,完整
吕梁市柳林县柳林镇清河西路43号,14,11,25,省略省
柳林县柳林镇清河西路43号,14,11,25,省略省市
山西柳林柳林镇清河西路43号,14,11,25,省略市+简称
柳林镇柳林县吕梁市山西省清河西路43号,14,11,25,顺序混乱
柳林镇柳林县吕梁市山西省清河西路43号柳林镇柳林县吕梁市山西省,14,11,25,同音+顺序混乱
吕梁市柳林县,14,11,25,截断
山西省吕梁市石楼县灵泉镇新建路34号,14,11,26,完整
吕梁市石楼县灵泉镇新建路34号,14,11,26,省略省
石楼县灵泉镇新建路34号,14,11,26,省略省市
山西石楼灵泉镇新建路34号,14,11,26,省略市+简称
灵泉镇石楼县吕梁市山西省新建路34号,14,11,26,顺序混乱
灵泉镇石楼县吕梁市山西省新建路34号灵泉镇石楼县吕梁市山西省,14,11,26,同音+顺序混乱
吕梁市石楼县,14,11,26,截断
山西省吕梁市岚县东村镇民觉路27号,14,11,27,完整
吕梁市岚县东村镇民觉路27号,14,11,27,省略省
岚县东村镇民觉路27号,14,11,27,省略省市
山西岚县东村镇民觉路27号,14,11,27,省略市+简称
东村镇岚县吕梁市山西省民觉路27号,14,11,27,顺序混乱
东村镇岚县吕梁市山西省民觉路27号东村镇岚县吕梁市山西省,14,11,27,同音+顺序混乱
吕梁市岚县,14,11,27,截断
山西省吕梁市方山县圪洞镇方正街38号,14,11,28,完整
吕梁市方山县圪洞镇方正街38号,14,11,28,省略省
方山县圪洞镇方正街38号,14,11,28,省略省市
山西方山圪洞镇方正街38号,14,11,28,省略市+简称
圪洞镇方山县吕梁市山西省方正街38号,14,11,28,顺序混乱
圪洞镇方山县吕梁市山西省方正街38号圪洞镇方山县吕梁市山西省,14,11,28,同音+顺序混乱
吕梁市方山县,14,11,28,截断
山西省吕梁市中阳县宁乡镇凤城北街45号,14,11,29,完整
吕梁市中阳县宁乡镇凤城北街45号,14,11,29,省略省
中阳县宁乡镇凤城北街45号,14,11,29,省略省市
山西中阳宁乡镇凤城北街45号,14,11,29,省略市+简称
宁乡镇中阳县吕梁市山西省凤城北街45号,14,11,29,顺序混乱
宁乡镇中阳县吕梁市山西省凤城北街45号宁乡镇中阳县吕梁市山西省,14,11,29,同音+顺序混乱
吕梁市中阳县,14,11,29,截断
山西省吕梁市交口县水头镇龙泉街30号,14,11,30,完整
吕梁市交口县水头镇龙泉街30号,14,11,30,省略省
交口县水头镇龙泉街30号,14,11,30,省略省市
山西交口水头镇龙泉街30号,14,11,30,省略市+简称
水头镇交口县吕梁市山西省龙泉街30号,14,11,30,顺序混乱
水头镇交口县吕梁市山西省龙泉街30号水头镇交口县吕梁市山西省,14,11,30,同音+顺序混乱
吕梁市交口县,14,11,30,截断
山西省吕梁市孝义市新义街道府前街96号,14,11,81,完整
吕梁市孝义市新义街道府前街96号,14,11,81,省略省
孝义市新义街道府前街96号,14,11,81,省略省市
山西孝义新义街道府前街96号,14,11,81,省略市+简称
新义街道孝义市吕梁市山西省府前街96号,14,11,81,顺序混乱
新义街道孝义市吕梁市山西省府前街96号新义街道孝义市吕梁市山西省,14,11,81,同音+顺序混乱
吕梁市孝义市,14,11,81,截断
山西省吕梁市汾阳市太和桥街道胜利路89号,14,11,82,完整
吕梁市汾阳市太和桥街道胜利路89号,14,11,82,省略省
汾阳市太和桥街道胜利路89号,14,11,82,省略省市
山西汾阳太和桥街道胜利路89号,14,11,82,省略市+简称
太和桥街道汾阳市吕梁市山西省胜利路89号,14,11,82,顺序混乱
太和桥街道汾阳市吕梁市山西省胜利路89号太和桥街道汾阳市吕梁市山西省,14,11,82,同音+顺序混乱
吕梁市汾阳市,14,11,82,截断
山西省晋中市榆次区锦纶街道中都北路112号,14,07,02,完整
晋中市榆次区锦纶街道中都北路112号,14,07,02,省略省
榆次区锦纶街道中都北路112号,14,07,02,省略省市
山西榆次锦纶街道中都北路112号,14,07,02,省略市+简称
锦纶街道榆次区晋中市山西省中都北路112号,14,07,02,顺序混乱
锦纶街道榆次区晋中市山西省中都北路112号锦纶街道榆次区晋中市山西省,14,07,02,同音+顺序混乱
晋中市榆次区,14,07,02,截断
山西省晋中市榆社县箕城镇迎春北路78号,14,07,21,完整
晋中市榆社县箕城镇迎春北路78号,14,07,21,省略省
榆社县箕城镇迎春北路78号,14,07,21,省略省市
山西榆社箕城镇迎春北路78号,14,07,21,省略市+简称
箕城镇榆社县晋中市山西省迎春北路78号,14,07,21,顺序混乱
箕城镇榆社县晋中市山西省迎春北路78号箕城镇榆社县晋中市山西省,14,07,21,同音+顺序混乱
晋中市榆社县,14,07,21,截断
山西省晋中市左权县辽阳镇北大街56号,14,07,22,完整
晋中市左权县辽阳镇北大街56号,14,07,22,省略省
左权县辽阳镇北大街56号,14,07,22,省略省市
山西左权辽阳镇北大街56号,14,07,22,省略市+简称
辽阳镇左权县晋中市山西省北大街56号,14,07,22,顺序混乱
辽阳镇左权县晋中市山西省北大街56号辽阳镇左权县晋中市山西省,14,07,22,同音+顺序混乱
晋中市左权县,14,07,22,截断
山西省晋中市和顺县义兴镇新建街64号,14,07,23,完整
晋中市和顺县义兴镇新建街64号,14,07,23,省略省
和顺县义兴镇新建街64号,14,07,23,省略省市
山西和顺义兴镇新建街64号,14,07,23,省略市+简称
义兴镇和顺县晋中市山西省新建街64号,14,07,23,顺序混乱
义兴镇和顺县晋中市山西省新建街64号义兴镇和顺县晋中市山西省,14,07,23,同音+顺序混乱
晋中市和顺县,14,07,23,截断
山西省晋中市昔阳县乐平镇新建路47号,14,07,24,完整
晋中市昔阳县乐平镇新建路47号,14,07,24,省略省
昔阳县乐平镇新建路47号,14,07,24,省略省市
山西昔阳乐平镇新建路47号,14,07,24,省略市+简称
乐平镇昔阳县晋中市山西省新建路47号,14,07,24,顺序混乱
乐平镇昔阳县晋中市山西省新建路47号乐平镇昔阳县晋中市山西省,14,07,24,同音+顺序混乱
晋中市昔阳县,14,07,24,截断
山西省晋中市寿阳县朝阳镇朝阳街82号,14,07,25,完整
晋中市寿阳县朝阳镇朝阳街82号,14,07,25,省略省
寿阳县朝阳镇朝阳街82号,14,07,25,省略省市
山西寿阳朝阳镇朝阳街82号,14,07,25,省略市+简称
朝阳镇寿阳县晋中市山西省朝阳街82号,14,07,25,顺序混乱
朝阳镇寿阳县晋中市山西省朝阳街82号朝阳镇寿阳县晋中市山西省,14,07,25,同音+顺序混乱
晋中市寿阳县,14,07,25,截断
山西省晋中市太谷区水秀镇箕城街93号,14,07,26,完整
晋中市太谷区水秀镇箕城街93号,14,07,26,省略省
太谷区水秀镇箕城街93号,14,07,26,省略省市
山西太谷水秀镇箕城街93号,14,07,26,省略市+简称
水秀镇太谷区晋中市山西省箕城街93号,14,07,26,顺序混乱
水秀镇太谷区晋中市山西省箕城街93号水秀镇太谷区晋中市山西省,14,07,26,同音+顺序混乱
晋中市太谷区,14,07,26,截断
山西省晋中市祁县昭余镇东风大街69号,14,07,27,完整
晋中市祁县昭余镇东风大街69号,14,07,27,省略省
祁县昭余镇东风大街69号,14,07,27,省略省市
山西祁县昭余镇东风大街69号,14,07,27,省略市+简称
昭余镇祁县晋中市山西省东风大街69号,14,07,27,顺序混乱
昭余镇祁县晋中市山西省东风大街69号昭余镇祁县晋中市山西省,14,07,27,同音+顺序混乱
晋中市祁县,14,07,27,截断
山西省晋中市平遥县古陶镇曙光路76号,14,07,28,完整
晋中市平遥县古陶镇曙光路76号,14,07,28,省略省
平遥县古陶镇曙光路76号,14,07,28,省略省市
山西平遥古陶镇曙光路76号,14,07,28,省略市+简称
古陶镇平遥县晋中市山西省曙光路76号,14,07,28,顺序混乱
古陶镇平遥县晋中市山西省曙光路76号古陶镇平遥县晋中市山西省,14,07,28,同音+顺序混乱
晋中市平遥县,14,07,28,截断
山西省晋中市灵石县翠峰镇新建街58号,14,07,29,完整
晋中市灵石县翠峰镇新建街58号,14,07,29,省略省
灵石县翠峰镇新建街58号,14,07,29,省略省市
山西灵石翠峰镇新建街58号,14,07,29,省略市+简称
翠峰镇灵石县晋中市山西省新建街58号,14,07,29,顺序混乱
翠峰镇灵石县晋中市山西省新建街58号翠峰镇灵石县晋中市山西省,14,07,29,同音+顺序混乱
晋中市灵石县,14,07,29,截断
山西省晋中市介休市北关街道北大街105号,14,07,81,完整
晋中市介休市北关街道北大街105号,14,07,81,省略省
介休市北关街道北大街105号,14,07,81,省略省市
山西介休北关街道北大街105号,14,07,81,省略市+简称
北关街道介休市晋中市山西省北大街105号,14,07,81,顺序混乱
北关街道介休市晋中市山西省北大街105号北关街道介休市晋中市山西省,14,07,81,同音+顺序混乱
晋中市介休市,14,07,81,截断
山西省阳泉市城区上站街道北大街118号,14,03,02,完整
阳泉市城区上站街道北大街118号,14,03,02,省略省
城区上站街道北大街118号,14,03,02,省略省市
阳泉市城区,14,03,02,截断
山西省阳泉市矿区平潭街街道北大街西区12号,14,03,03,完整
阳泉市矿区平潭街街道北大街西区12号,14,03,03,省略省
矿区平潭街街道北大街西区12号,14,03,03,省略省市
阳泉市矿区,14,03,03,截断
山西省阳泉市郊区李家庄乡宁波路1号,14,03,11,完整
阳泉市郊区李家庄乡宁波路1号,14,03,11,省略省
郊区李家庄乡宁波路1号,14,03,11,省略省市
阳泉市郊区,14,03,11,截断
山西省阳泉市平定县冠山镇府新街86号,14,03,21,完整
阳泉市平定县冠山镇府新街86号,14,03,21,省略省
平定县冠山镇府新街86号,14,03,21,省略省市
阳泉市平定县,14,03,21,截断
山西省阳泉市盂县秀水镇秀水东街45号,14,03,22,完整
阳泉市盂县秀水镇秀水东街45号,14,03,22,省略省
盂县秀水镇秀水东街45号,14,03,22,省略省市
阳泉市盂县,14,03,22,截断
山西省长治市潞州区英雄中路街道太行西街168号,14,04,03,完整
长治市潞州区英雄中路街道太行西街168号,14,04,03,省略省
潞州区英雄中路街道太行西街168号,14,04,03,省略省市
山西潞州英雄中路街道太行西街168号,14,04,03,省略市+简称
英雄中路街道潞州区长治市山西省太行西街168号,14,04,03,顺序混乱
英雄中路街道潞州区长治市山西省太行西街168号英雄中路街道潞州区长治市山西省,14,04,03,同音+顺序混乱
长治市潞州区,14,04,03,截断
山西省长治市上党区韩店街道光明北路79号,14,04,04,完整
长治市上党区韩店街道光明北路79号,14,04,04,省略省
上党区韩店街道光明北路79号,14,04,04,省略省市
山西上党韩店街道光明北路79号,14,04,04,省略市+简称
韩店街道上党区长治市山西省光明北路79号,14,04,04,顺序混乱
韩店街道上党区长治市山西省光明北路79号韩店街道上党区长治市山西省,14,04,04,同音+顺序混乱
长治市上党区,14,04,04,截断
山西省长治市屯留区麟绛街道盘秀东街62号,14,04,05,完整
长治市屯留区麟绛街道盘秀东街62号,14,04,05,省略省
屯留区麟绛街道盘秀东街62号,14,04,05,省略省市
山西屯留麟绛街道盘秀东街62号,14,04,05,省略市+简称
麟绛街道屯留区长治市山西省盘秀东街62号,14,04,05,顺序混乱
麟绛街道屯留区长治市山西省盘秀东街62号麟绛街道屯留区长治市山西省,14,04,05,同音+顺序混乱
长治市屯留区,14,04,05,截断
山西省长治市潞城区潞华街道南华西街55号,14,04,06,完整
长治市潞城区潞华街道南华西街55号,14,04,06,省略省
潞城区潞华街道南华西街55号,14,04,06,省略省市
山西潞城潞华街道南华西街55号,14,04,06,省略市+简称
潞华街道潞城区长治市山西省南华西街55号,14,04,06,顺序混乱
潞华街道潞城区长治市山西省南华西街55号潞华街道潞城区长治市山西省,14,04,06,同音+顺序混乱
长治市潞城区,14,04,06,截断
山西省长治市襄垣县古韩镇新建西街83号,14,04,23,完整
长治市襄垣县古韩镇新建西街83号,14,04,23,省略省
襄垣县古韩镇新建西街83号,14,04,23,省略省市
山西襄垣古韩镇新建西街83号,14,04,23,省略市+简称
古韩镇襄垣县长治市山西省新建西街83号,14,04,23,顺序混乱
古韩镇襄垣县长治市山西省新建西街83号古韩镇襄垣县长治市山西省,14,04,23,同音+顺序混乱
长治市襄垣县,14,04,23,截断
山西省长治市平顺县青羊镇府前北路38号,14,04,25,完整
长治市平顺县青羊镇府前北路38号,14,04,25,省略省
平顺县青羊镇府前北路38号,14,04,25,省略省市
山西平顺青羊镇府前北路38号,14,04,25,省略市+简称
青羊镇平顺县长治市山西省府前北路38号,14,04,25,顺序混乱
青羊镇平顺县长治市山西省府前北路38号青羊镇平顺县长治市山西省,14,04,25,同音+顺序混乱
长治市平顺县,14,04,25,截断
山西省长治市黎城县黎侯镇广邯街49号,14,04,26,完整
长治市黎城县黎侯镇广邯街49号,14,04,26,省略省
黎城县黎侯镇广邯街49号,14,04,26,省略省市
山西黎城黎侯镇广邯街49号,14,04,26,省略市+简称
黎侯镇黎城县长治市山西省广邯街49号,14,04,26,顺序混乱
黎侯镇黎城县长治市山西省广邯街49号黎侯镇黎城县长治市山西省,14,04,26,同音+顺序混乱
长治市黎城县,14,04,26,截断
山西省长治市壶关县龙泉镇府前街66号,14,04,27,完整
长治市壶关县龙泉镇府前街66号,14,04,27,省略省
壶关县龙泉镇府前街66号,14,04,27,省略省市
山西壶关龙泉镇府前街66号,14,04,27,省略市+简称
龙泉镇壶关县长治市山西省府前街66号,14,04,27,顺序混乱
龙泉镇壶关县长治市山西省府前街66号龙泉镇壶关县长治市山西省,14,04,27,同音+顺序混乱
长治市壶关县,14,04,27,截断
山西省长治市长子县丹朱镇东大街72号,14,04,28,完整
长治市长子县丹朱镇东大街72号,14,04,28,省略省
长子县丹朱镇东大街72号,14,04,28,省略省市
山西长子丹朱镇东大街72号,14,04,28,省略市+简称
丹朱镇长子县长治市山西省东大街72号,14,04,28,顺序混乱
丹朱镇长子县长治市山西省东大街72号丹朱镇长子县长治市山西省,14,04,28,同音+顺序混乱
长治市长子县,14,04,28,截断
山西省长治市武乡县丰州镇迎宾街53号,14,04,29,完整
长治市武乡县丰州镇迎宾街53号,14,04,29,省略省
武乡县丰州镇迎宾街53号,14,04,29,省略省市
山西武乡丰州镇迎宾街53号,14,04,29,省略市+简称
丰州镇武乡县长治市山西省迎宾街53号,14,04,29,顺序混乱
丰州镇武乡县长治市山西省迎宾街53号丰州镇武乡县长治市山西省,14,04,29,同音+顺序混乱
长治市武乡县,14,04,29,截断
山西省长治市沁县定昌镇胜利路41号,14,04,30,完整
长治市沁县定昌镇胜利路41号,14,04,30,省略省
沁县定昌镇胜利路41号,14,04,30,省略省市
山西沁县定昌镇胜利路41号,14,04,30,省略市+简称
定昌镇沁县长治市山西省胜利路41号,14,04,30,顺序混乱
定昌镇沁县长治市山西省胜利路41号定昌镇沁县长治市山西省,14,04,30,同音+顺序混乱
长治市沁县,14,04,30,截断
山西省长治市沁源县沁河镇人民路44号,14,04,31,完整
长治市沁源县沁河镇人民路44号,14,04,31,省略省
沁源县沁河镇人民路44号,14,04,31,省略省市
山西沁源沁河镇人民路44号,14,04,31,省略市+简称
沁河镇沁源县长治市山西省人民路44号,14,04,31,顺序混乱
沁河镇沁源县长治市山西省人民路44号沁河镇沁源县长治市山西省,14,04,31,同音+顺序混乱
长治市沁源县,14,04,31,截断
山西省晋城市城区东街街道新市东街288号,14,05,02,完整
晋城市城区东街街道新市东街288号,14,05,02,省略省
城区东街街道新市东街288号,14,05,02,省略省市
晋城市城区,14,05,02,截断
山西省晋城市沁水县龙港镇新建西街166号,14,05,21,完整
晋城市沁水县龙港镇新建西街166号,14,05,21,省略省
沁水县龙港镇新建西街166号,14,05,21,省略省市
晋城市沁水县,14,05,21,截断
山西省晋城市阳城县凤城镇新阳东街133号,14,05,22,完整
晋城市阳城县凤城镇新阳东街133号,14,05,22,省略省
阳城县凤城镇新阳东街133号,14,05,22,省略省市
晋城市阳城县,14,05,22,截断
山西省晋城市陵川县崇文镇古陵南路97号,14,05,24,完整
晋城市陵川县崇文镇古陵南路97号,14,05,24,省略省
陵川县崇文镇古陵南路97号,14,05,24,省略省市
晋城市陵川县,14,05,24,截断
山西省晋城市泽州县金村镇中原街188号,14,05,25,完整
晋城市泽州县金村镇中原街188号,14,05,25,省略省
泽州县金村镇中原街188号,14,05,25,省略省市
晋城市泽州县,14,05,25,截断
山西省晋城市高平市北城街道友谊西街212号,14,05,81,完整
晋城市高平市北城街道友谊西街212号,14,05,81,省略省
高平市北城街道友谊西街212号,14,05,81,省略省市
晋城市高平市,14,05,81,截断
山西省临汾市尧都区解放东路街道平阳北街199号,14,10,02,完整
临汾市尧都区解放东路街道平阳北街199号,14,10,02,省略省
尧都区解放东路街道平阳北街199号,14,10,02,省略省市
山西尧都解放东路街道平阳北街199号,14,10,02,省略市+简称
解放东路街道尧都区临汾市山西省平阳北街199号,14,10,02,顺序混乱
解放东路街道尧都区临汾市山西省平阳北街199号解放东路街道尧都区临汾市山西省,14,10,02,同音+顺序混乱
临汾市尧都区,14,10,02,截断
山西省临汾市曲沃县乐昌镇府东街156号,14,10,21,完整
临汾市曲沃县乐昌镇府东街156号,14,10,21,省略省
曲沃县乐昌镇府东街156号,14,10,21,省略省市
临汾市曲沃县,14,10,21,截断
山西省临汾市翼城县唐兴镇红旗街143号,14,10,22,完整
临汾市翼城县唐兴镇红旗街143号,14,10,22,省略省
翼城县唐兴镇红旗街143号,14,10,22,省略省市
临汾市翼城县,14,10,22,截断
山西省临汾市襄汾县新城镇北大街178号,14,10,23,完整
临汾市襄汾县新城镇北大街178号,14,10,23,省略省
襄汾县新城镇北大街178号,14,10,23,省略省市
临汾市襄汾县,14,10,23,截断
山西省临汾市洪洞县大槐树镇飞虹东街122号,14,10,24,完整
临汾市洪洞县大槐树镇飞虹东街122号,14,10,24,省略省
洪洞县大槐树镇飞虹东街122号,14,10,24,省略省市
临汾市洪洞县,14,10,24,截断
山西省临汾市古县岳阳镇岳湾街101号,14,10,25,完整
临汾市古县岳阳镇岳湾街101号,14,10,25,省略省
古县岳阳镇岳湾街101号,14,10,25,省略省市
临汾市古县,14,10,25,截断
山西省临汾市安泽县府城镇泽民南路88号,14,10,26,完整
临汾市安泽县府城镇泽民南路88号,14,10,26,省略省
安泽县府城镇泽民南路88号,14,10,26,省略省市
临汾市安泽县,14,10,26,截断
山西省临汾市浮山县天坛镇神山东路77号,14,10,27,完整
临汾市浮山县天坛镇神山东路77号,14,10,27,省略省
浮山县天坛镇神山东路77号,14,10,27,省略省市
临汾市浮山县,14,10,27,截断
山西省临汾市吉县吉昌镇新华西街66号,14,10,28,完整
临汾市吉县吉昌镇新华西街66号,14,10,28,省略省
吉县吉昌镇新华西街66号,14,10,28,省略省市
临汾市吉县,14,10,28,截断
山西省临汾市乡宁县昌宁镇迎旭东街59号,14,10,29,完整
临汾市乡宁县昌宁镇迎旭东街59号,14,10,29,省略省
乡宁县昌宁镇迎旭东街59号,14,10,29,省略省市
临汾市乡宁县,14,10,29,截断
山西省临汾市大宁县昕水镇西街49号,14,10,30,完整
临汾市大宁县昕水镇西街49号,14,10,30,省略省
大宁县昕水镇西街49号,14,10,30,省略省市
临汾市大宁县,14,10,30,截断
山西省临汾市隰县龙泉镇古城街44号,14,10,31,完整
临汾市隰县龙泉镇古城街44号,14,10,31,省略省
隰县龙泉镇古城街44号,14,10,31,省略省市
临汾市隰县,14,10,31,截断
山西省临汾市永和县芝河镇正大路39号,14,10,32,完整
临汾市永和县芝河镇正大路39号,14,10,32,省略省
永和县芝河镇正大路39号,14,10,32,省略省市
临汾市永和县,14,10,32,截断
山西省临汾市蒲县蒲城镇府前街36号,14,10,33,完整
临汾市蒲县蒲城镇府前街36号,14,10,33,省略省
蒲县蒲城镇府前街36号,14,10,33,省略省市
临汾市蒲县,14,10,33,截断
山西省临汾市汾西县永安镇东大街33号,14,10,34,完整
临汾市汾西县永安镇东大街33号,14,10,34,省略省
汾西县永安镇东大街33号,14,10,34,省略省市
临汾市汾西县,14,10,34,截断
山西省临汾市侯马市路东街道新田路255号,14,10,81,完整
临汾市侯马市路东街道新田路255号,14,10,81,省略省
侯马市路东街道新田路255号,14,10,81,省略省市
临汾市侯马市,14,10,81,截断
山西省临汾市霍州市鼓楼街道北大街233号,14,10,82,完整
临汾市霍州市鼓楼街道北大街233号,14,10,82,省略省
霍州市鼓楼街道北大街233号,14,10,82,省略省市
临汾市霍州市,14,10,82,截断
山西省运城市盐湖区东城街道红旗东街378号,14,08,02,完整
运城市盐湖区东城街道红旗东街378号,14,08,02,省略省
盐湖区东城街道红旗东街378号,14,08,02,省略省市
山西盐湖东城街道红旗东街378号,14,08,02,省略市+简称
东城街道盐湖区运城市山西省红旗东街378号,14,08,02,顺序混乱
东城街道盐湖区运城市山西省红旗东街378号东城街道盐湖区运城市山西省,14,08,02,同音+顺序混乱
运城市盐湖区,14,08,02,截断
山西省运城市临猗县猗氏镇双塔北路166号,14,08,21,完整
运城市临猗县猗氏镇双塔北路166号,14,08,21,省略省
临猗县猗氏镇双塔北路166号,14,08,21,省略省市
运城市临猗县,14,08,21,截断
山西省运城市万荣县解店镇后土大道122号,14,08,22,完整
运城市万荣县解店镇后土大道122号,14,08,22,省略省
万荣县解店镇后土大道122号,14,08,22,省略省市
运城市万荣县,14,08,22,截断
山西省运城市闻喜县桐城镇太风东街155号,14,08,23,完整
运城市闻喜县桐城镇太风东街155号,14,08,23,省略省
闻喜县桐城镇太风东街155号,14,08,23,省略省市
运城市闻喜县,14,08,23,截断
山西省运城市稷山县稷峰镇稷峰街133号,14,08,24,完整
运城市稷山县稷峰镇稷峰街133号,14,08,24,省略省
稷山县稷峰镇稷峰街133号,14,08,24,省略省市
运城市稷山县,14,08,24,截断
山西省运城市新绛县龙兴镇正平街144号,14,08,25,完整
运城市新绛县龙兴镇正平街144号,14,08,25,省略省
新绛县龙兴镇正平街144号,14,08,25,省略省市
运城市新绛县,14,08,25,截断
山西省运城市绛县古绛镇振兴街99号,14,08,26,完整
运城市绛县古绛镇振兴街99号,14,08,26,省略省
绛县古绛镇振兴街99号,14,08,26,省略省市
运城市绛县,14,08,26,截断
山西省运城市垣曲县新城镇历山西路118号,14,08,27,完整
运城市垣曲县新城镇历山西路118号,14,08,27,省略省
垣曲县新城镇历山西路118号,14,08,27,省略省市
运城市垣曲县,14,08,27,截断
山西省运城市夏县瑶峰镇新建南路77号,14,08,28,完整
运城市夏县瑶峰镇新建南路77号,14,08,28,省略省
夏县瑶峰镇新建南路77号,14,08,28,省略省市
运城市夏县,14,08,28,截断
山西省运城市平陆县圣人涧镇太阳路88号,14,08,29,完整
运城市平陆县圣人涧镇太阳路88号,14,08,29,省略省
平陆县圣人涧镇太阳路88号,14,08,29,省略省市
运城市平陆县,14,08,29,截断
山西省运城市芮城县古魏镇永乐北路56号,14,08,30,完整
运城市芮城县古魏镇永乐北路56号,14,08,30,省略省
芮城县古魏镇永乐北路56号,14,08,30,省略省市
运城市芮城县,14,08,30,截断
山西省运城市永济市城西街道河东大道266号,14,08,81,完整
运城市永济市城西街道河东大道266号,14,08,81,省略省
永济市城西街道河东大道266号,14,08,81,省略省市
运城市永济市,14,08,81,截断
山西省运城市河津市城区街道振兴东路244号,14,08,82,完整
运城市河津市城区街道振兴东路244号,14,08,82,省略省
河津市城区街道振兴东路244号,14,08,82,省略省市
运城市河津市,14,08,82,截断
黑龙江省哈尔滨市道里区兆麟街道森林街18号,23,01,02,完整
哈尔滨市道里区新阳路街道经纬社区,23,01,02,省略省
道里区尚志街道防洪纪念塔附近,23,01,02,省略省市
黑龙江道里群力街道,23,01,02,省略市+简称
黑龙江省哈尔浜市道里区兆麟街道,23,01,02,编辑距离错误
兆麟街道道里区哈尔滨市黑龙江省,23,01,02,顺序混乱
黑龙江省哈尔滨市南岗区花园街道东大直街100号,23,01,03,完整
哈尔滨市南岗区荣市街道秋林社区,23,01,03,省略省
南岗区哈西街道西城丽景,23,01,03,省略省市
黑龙江南岗奋斗路街道,23,01,03,省略市+简称
黑龙江省哈市南岗区花圆街道,23,01,03,同音错误
花园街道南岗区哈尔滨市黑龙江省,23,01,03,顺序混乱
黑龙江省哈尔滨市道外区靖宇街道南勋街12号,23,01,04,完整
哈尔滨市道外区太古街道崇俭社区,23,01,04,省略省
道外区南直路街道宏图小区,23,01,04,省略省市
黑龙江道外大有坊街道,23,01,04,省略市+简称
黑龙江省道外区靖宇街道南熏街,23,01,04,编辑距离错误
靖宇街道道外区哈尔滨市黑龙江省,23,01,04,顺序混乱
黑龙江省哈尔滨市平房区友协街道新疆大街5号,23,01,08,完整
哈尔滨市平房区新伟街道万米社区,23,01,08,省略省
平房区建安街道渤海路,23,01,08,省略省市
黑龙江平房保国街道,23,01,08,省略市+简称
黑龙江省平房区友协街道新僵大街,23,01,08,编辑距离错误
友协街道平房区哈尔滨市黑龙江省,23,01,08,顺序混乱
黑龙江省哈尔滨市松北区松北街道世茂大道99号,23,01,09,完整
哈尔滨市松北区太阳岛街道丁香社区,23,01,09,省略省
松北区松浦街道中源大道,23,01,09,省略省市
黑龙江松北对青山镇,23,01,09,省略市+简称
黑龙江省松北区松北街道世贸大道,23,01,09,同音错误
松北街道松北区哈尔滨市黑龙江省,23,01,09,顺序混乱
黑龙江省哈尔滨市香坊区红旗大街街道珠江路8号,23,01,10,完整
哈尔滨市香坊区六顺街道中山社区,23,01,10,省略省
香坊区通天街道公滨路,23,01,10,省略省市
黑龙江香坊和平路街道,23,01,10,省略市+简称
黑龙江省香坊区红旗大待街道,23,01,10,编辑距离错误
红旗大街街道香坊区哈尔滨市黑龙江省,23,01,10,顺序混乱
黑龙江省哈尔滨市呼兰区利民街道南京路20号,23,01,11,完整
哈尔滨市呼兰区萧乡街道建设社区,23,01,11,省略省
呼兰区康金街道兰河新城,23,01,11,省略省市
黑龙江呼兰双井街道,23,01,11,省略市+简称
黑龙江省呼兰区利民街道南径路,23,01,11,同音错误
利民街道呼兰区哈尔滨市黑龙江省,23,01,11,顺序混乱
黑龙江省哈尔滨市阿城区金城街道上京大道30号,23,01,12,完整
哈尔滨市阿城区通城街道庆云社区,23,01,12,省略省
阿城区玉泉街道金都花园,23,01,12,省略省市
黑龙江阿城小岭街道,23,01,12,省略市+简称
黑龙江省阿成区金城街道,23,01,12,同音错误
金城街道阿城区哈尔滨市黑龙江省,23,01,12,顺序混乱
黑龙江省哈尔滨市双城区永治街道团结大街40号,23,01,13,完整
哈尔滨市双城区承旭街道文昌社区,23,01,13,省略省
双城区周家街道希望家园,23,01,13,省略省市
黑龙江双城兰棱街道,23,01,13,省略市+简称
黑龙江省双城市永治街道,23,01,13,同音错误
永治街道双城区哈尔滨市黑龙江省,23,01,13,顺序混乱
黑龙江省哈尔滨市依兰县依兰镇通江路50号,23,01,23,完整
哈尔滨市依兰县达连河镇矿务局社区,23,01,23,省略省
依兰县三道岗镇兴旺村,23,01,23,省略省市
黑龙江依兰团山子乡,23,01,23,省略市+简称
黑龙江省依兰县依兰镇通江骆,23,01,23,编辑距离错误
依兰镇依兰县哈尔滨市黑龙江省,23,01,23,顺序混乱
黑龙江省哈尔滨市方正县方正镇中央大街60号,23,01,24,完整
哈尔滨市方正县会发镇联滨社区,23,01,24,省略省
方正县大罗密镇中兴村,23,01,24,省略省市
黑龙江方正德善乡,23,01,24,省略市+简称
黑龙江省方政县方正镇,23,01,24,编辑距离错误
方正镇方正县哈尔滨市黑龙江省,23,01,24,顺序混乱
黑龙江省哈尔滨市宾县宾州镇西大街70号,23,01,25,完整
哈尔滨市宾县居仁镇和平社区,23,01,25,省略省
宾县宾西镇本街村,23,01,25,省略省市
黑龙江宾县经建乡,23,01,25,省略市+简称
黑龙江省宾县宾州镇西大待,23,01,25,同音错误
宾州镇宾县哈尔滨市黑龙江省,23,01,25,顺序混乱
黑龙江省哈尔滨市巴彦县巴彦镇人民大街80号,23,01,26,完整
哈尔滨市巴彦县西集镇繁荣社区,23,01,26,省略省
巴彦县兴隆镇得权村,23,01,26,省略省市
黑龙江巴彦龙泉镇,23,01,26,省略市+简称
黑龙江省巴颜县巴彦镇,23,01,26,同音错误
巴彦镇巴彦县哈尔滨市黑龙江省,23,01,26,顺序混乱
黑龙江省哈尔滨市木兰县木兰镇中心路90号,23,01,27,完整
哈尔滨市木兰县东兴镇满天社区,23,01,27,省略省
木兰县柳河镇三星村,23,01,27,省略省市
黑龙江木兰吉兴乡,23,01,27,省略市+简称
黑龙江省木莲县木兰镇,23,01,27,编辑距离错误
木兰镇木兰县哈尔滨市黑龙江省,23,01,27,顺序混乱
黑龙江省哈尔滨市通河县通河镇大通河大街100号,23,01,28,完整
哈尔滨市通河县浓河镇胜利社区,23,01,28,省略省
通河县乌鸦泡镇柞树村,23,01,28,省略省市
黑龙江通河凤山镇,23,01,28,省略市+简称
黑龙江省通何县通河镇,23,01,28,同音错误
通河镇通河县哈尔滨市黑龙江省,23,01,28,顺序混乱
黑龙江省哈尔滨市延寿县延寿镇西同庆街110号,23,01,29,完整
哈尔滨市延寿县加信镇富民社区,23,01,29,省略省
延寿县中和镇万江村,23,01,29,省略省市
黑龙江延寿玉河镇,23,01,29,省略市+简称
黑龙江省延受县延寿镇,23,01,29,同音错误
延寿镇延寿县哈尔滨市黑龙江省,23,01,29,顺序混乱
黑龙江省哈尔滨市尚志市尚志镇一曼路120号,23,01,83,完整
哈尔滨市尚志市亚布力镇兴业社区,23,01,83,省略省
尚志市苇河镇景阳村,23,01,83,省略省市
黑龙江尚志帽儿山镇,23,01,83,省略市+简称
黑龙江省尚志市尚志镇一漫路,23,01,83,同音错误
尚志镇尚志市哈尔滨市黑龙江省,23,01,83,顺序混乱
黑龙江省哈尔滨市五常市五常镇亚臣路130号,23,01,84,完整
哈尔滨市五常市拉林镇世纪社区,23,01,84,省略省
五常市山河镇平安村,23,01,84,省略省市
黑龙江五常小山子镇,23,01,84,省略市+简称
黑龙江省五常市五常镇亚巨路,23,01,84,同音错误
五常镇五常市哈尔滨市黑龙江省,23,01,84,顺序混乱
黑龙江省齐齐哈尔市龙沙区五龙街道中环路1号,23,02,02,完整
齐齐哈尔市龙沙区湖滨街道新化社区,23,02,02,省略省
龙沙区正阳街道南慧园,23,02,02,省略省市
黑龙江龙沙江安街道,23,02,02,省略市+简称
黑龙江省齐市龙沙区五拢街道,23,02,02,同音错误
五龙街道龙沙区齐齐哈尔市黑龙江省,23,02,02,顺序混乱
黑龙江省齐齐哈尔市建华区中华街道卜奎大街2号,23,02,03,完整
齐齐哈尔市建华区西大桥街道建设社区,23,02,03,省略省
建华区文化街道新华小区,23,02,03,省略省市
黑龙江建华卜奎街道,23,02,03,省略市+简称
黑龙江省建化区中华街道,23,02,03,同音错误
中华街道建华区齐齐哈尔市黑龙江省,23,02,03,顺序混乱
黑龙江省齐齐哈尔市铁锋区站前街道龙华路3号,23,02,04,完整
齐齐哈尔市铁锋区通东街道光荣社区,23,02,04,省略省
铁锋区南浦街道和平小区,23,02,04,省略省市
黑龙江铁锋扎龙镇,23,02,04,省略市+简称
黑龙江省铁峰区站前街道,23,02,04,同音错误
站前街道铁锋区齐齐哈尔市黑龙江省,23,02,04,顺序混乱
黑龙江省齐齐哈尔市昂昂溪区新兴街道区府路4号,23,02,05,完整
齐齐哈尔市昂昂溪区新建街道水师营社区,23,02,05,省略省
昂昂溪区榆树屯镇三岱村,23,02,05,省略省市
黑龙江昂昂溪道北街道,23,02,05,省略市+简称
黑龙江省昂昂溪区新兴街道区府骆,23,02,05,编辑距离错误
新兴街道昂昂溪区齐齐哈尔市黑龙江省,23,02,05,顺序混乱
黑龙江省齐齐哈尔市富拉尔基区红岸街道和平大街5号,23,02,06,完整
齐齐哈尔市富拉尔基区沿江街道电力社区,23,02,06,省略省
富拉尔基区铁北街道和平小区,23,02,06,省略省市
黑龙江富拉尔基长青乡,23,02,06,省略市+简称
黑龙江省富拉尔基区红岸街道和评大街,23,02,06,同音错误
红岸街道富拉尔基区齐齐哈尔市黑龙江省,23,02,06,顺序混乱
黑龙江省齐齐哈尔市碾子山区东安街道繁荣路6号,23,02,07,完整
齐齐哈尔市碾子山区富强街道跃进社区,23,02,07,省略省
碾子山区繁荣街道安居小区,23,02,07,省略省市
黑龙江碾子山富国强街道,23,02,07,省略市+简称
黑龙江省碾子山区东安街道繁容路,23,02,07,同音错误
东安街道碾子山区齐齐哈尔市黑龙江省,23,02,07,顺序混乱
黑龙江省齐齐哈尔市梅里斯达斡尔族区梅里斯街道华丰路7号,23,02,08,完整
齐齐哈尔市梅里斯达斡尔族区雅尔塞镇音河社区,23,02,08,省略省
梅里斯达斡尔族区达呼店镇复兴村,23,02,08,省略省市
黑龙江梅里斯卧牛吐镇,23,02,08,省略市+简称
黑龙江省梅里期达斡尔族区梅里斯街道,23,02,08,同音错误
梅里斯街道梅里斯达斡尔族区齐齐哈尔市黑龙江省,23,02,08,顺序混乱
黑龙江省齐齐哈尔市龙江县龙江镇安卫路8号,23,02,21,完整
齐齐哈尔市龙江县景星镇景星社区,23,02,21,省略省
龙江县山泉镇小泉子村,23,02,21,省略省市
黑龙江龙江龙兴镇,23,02,21,省略市+简称
黑龙江省龙疆县龙江镇,23,02,21,编辑距离错误
龙江镇龙江县齐齐哈尔市黑龙江省,23,02,21,顺序混乱
黑龙江省齐齐哈尔市依安县依安镇民强路9号,23,02,23,完整
齐齐哈尔市依安县中心镇兴安社区,23,02,23,省略省
依安县双阳镇福地村,23,02,23,省略省市
黑龙江依安三兴镇,23,02,23,省略市+简称
黑龙江省依安具依安镇,23,02,23,编辑距离错误
依安镇依安县齐齐哈尔市黑龙江省,23,02,23,顺序混乱
黑龙江省齐齐哈尔市泰来县泰来镇中央街10号,23,02,24,完整
齐齐哈尔市泰来县平洋镇永兴社区,23,02,24,省略省
泰来县塔子城镇河东村,23,02,24,省略省市
黑龙江泰来克利镇,23,02,24,省略市+简称
黑龙江省秦来县泰来镇,23,02,24,同音错误
泰来镇泰来县齐齐哈尔市黑龙江省,23,02,24,顺序混乱
黑龙江省齐齐哈尔市甘南县甘南镇文明大街11号,23,02,25,完整
齐齐哈尔市甘南县查哈阳乡东风社区,23,02,25,省略省
甘南县平阳镇永利村,23,02,25,省略省市
黑龙江甘南东阳镇,23,02,25,省略市+简称
黑龙江省甘南具甘南镇,23,02,25,编辑距离错误
甘南镇甘南县齐齐哈尔市黑龙江省,23,02,25,顺序混乱
黑龙江省齐齐哈尔市富裕县富裕镇中心路12号,23,02,27,完整
齐齐哈尔市富裕县忠厚乡光荣社区,23,02,27,省略省
富裕县富路镇永兴村,23,02,27,省略省市
黑龙江富裕绍文乡,23,02,27,省略市+简称
黑龙江省富裕县富裕镇,23,02,27,同音错误
富裕镇富裕县齐齐哈尔市黑龙江省,23,02,27,顺序混乱
黑龙江省齐齐哈尔市克山县克山镇南大街13号,23,02,29,完整
齐齐哈尔市克山县古北乡治安社区,23,02,29,省略省
克山县北联镇民兴村,23,02,29,省略省市
黑龙江克山西河镇,23,02,29,省略市+简称
黑龙江省克山县克山镇南大待,23,02,29,编辑距离错误
克山镇克山县齐齐哈尔市黑龙江省,23,02,29,顺序混乱
黑龙江省齐齐哈尔市克东县克东镇飞鹤路14号,23,02,30,完整
齐齐哈尔市克东县蒲峪路镇金南社区,23,02,30,省略省
克东县玉岗镇兴国村,23,02,30,省略省市
黑龙江克东润津乡,23,02,30,省略市+简称
黑龙江省克东具克东镇,23,02,30,同音错误
克东镇克东县齐齐哈尔市黑龙江省,23,02,30,顺序混乱
黑龙江省齐齐哈尔市拜泉县拜泉镇人民路15号,23,02,31,完整
齐齐哈尔市拜泉县三道镇民乐社区,23,02,31,省略省
拜泉县国富镇保护村,23,02,31,省略省市
黑龙江拜泉丰产乡,23,02,31,省略市+简称
黑龙江省拜泉县拜泉镇人明路,23,02,31,同音错误
拜泉镇拜泉县齐齐哈尔市黑龙江省,23,02,31,顺序混乱
黑龙江省齐齐哈尔市讷河市通江街道城南新区16号,23,02,81,完整
齐齐哈尔市讷河市拉哈镇中兴社区,23,02,81,省略省
讷河市老莱镇聚宝村,23,02,81,省略省市
黑龙江讷河孔国乡,23,02,81,省略市+简称
黑龙江省讷河市通江街道城楠新区,23,02,81,同音错误
通江街道讷河市齐齐哈尔市黑龙江省,23,02,81,顺序混乱
黑龙江省牡丹江市东安区新安街道牡丹街1号,23,10,02,完整
牡丹江市东安区长安街道七星社区,23,10,02,省略省
东安区兴隆镇大湾村,23,10,02,省略省市
黑龙江东安五星街道,23,10,02,省略市+简称
黑龙江省牧丹江市东安区新安街道,23,10,02,同音错误
新安街道东安区牡丹江市黑龙江省,23,10,02,顺序混乱
黑龙江省牡丹江市阳明区阳明街道光华街2号,23,10,03,完整,
牡丹江市阳明区前进街道铁岭社区,23,10,03,省略省
阳明区桦林镇共荣村,23,10,03,省略省市
黑龙江阳明新兴街道,23,10,03,省略市+简称
黑龙江省阳名区阳明街道,23,10,03,同音错误
阳明街道阳明区牡丹江市黑龙江省,23,10,03,顺序混乱
黑龙江省牡丹江市爱民区向阳街道西海林街3号,23,10,04,完整
牡丹江市爱民区黄花街道新华社区,23,10,04,省略省
爱民区三道关镇八达村,23,10,04,省略省市
黑龙江爱民北山街道,23,10,04,省略市+简称
黑龙江省爱明区向阳街道,23,10,04,同音错误
向阳街道爱民区牡丹江市黑龙江省,23,10,04,顺序混乱
黑龙江省牡丹江市西安区先锋街道西长安街4号,23,10,05,完整
牡丹江市西安区火炬街道立新社区,23,10,05,省略省
西安区温春镇烧锅村,23,10,05,省略省市
黑龙江西安沿江街道,23,10,05,省略市+简称
西安区先锋街道西常安街,23,10,05,同音错误
先锋街道西安区牡丹江市黑龙江省,23,10,05,顺序混乱
西安区先锋街道,,,,05,歧义
黑龙江省牡丹江市林口县林口镇站前大街5号,23,10,25,完整
牡丹江市林口县古城镇新立社区,23,10,25,省略省
林口县刁翎镇样子沟村,23,10,25,省略省市
黑龙江林口奎山乡,23,10,25,省略市+简称
黑龙江省林口县林口镇站前大待,23,10,25,编辑距离错误
林口镇林口县牡丹江市黑龙江省,23,10,25,顺序混乱
黑龙江省牡丹江市绥芬河市绥芬河镇沿河街6号,23,10,81,完整
牡丹江市绥芬河市阜宁镇旗苑社区,23,10,81,省略省
绥芬河市综合保税区边境路,23,10,81,省略省市
黑龙江绥芬河边境经济合作区,23,10,81,省略市+简称
黑龙江省绥芬河市绥芬河镇沿河街,23,10,81,同音错误
绥芬河镇绥芬河市牡丹江市黑龙江省,23,10,81,顺序混乱
黑龙江省牡丹江市海林市海林镇子荣街7号,23,10,83,完整
牡丹江市海林市柴河镇友谊社区,23,10,83,省略省
海林市长汀镇哈达村,23,10,83,省略省市
黑龙江海林横道河子镇,23,10,83,省略市+简称
黑龙江省海林市海林镇子容街,23,10,83,同音错误
海林镇海林市牡丹江市黑龙江省,23,10,83,顺序混乱
黑龙江省牡丹江市宁安市宁安镇通江路8号,23,10,84,完整
牡丹江市宁安市东京城镇振兴社区,23,10,84,省略省
宁安市渤海镇上官村,23,10,84,省略省市
黑龙江宁安镜泊镇,23,10,84,省略市+简称
黑龙江省宁安市宁安镇通江骆,23,10,84,编辑距离错误
宁安镇宁安市牡丹江市黑龙江省,23,10,84,顺序混乱
黑龙江省牡丹江市穆棱市穆棱镇工农街9号,23,10,85,完整
牡丹江市穆棱市八面通镇和平社区,23,10,85,省略省
穆棱市下城子镇南村,23,10,85,省略省市
黑龙江穆棱兴源镇,23,10,85,省略市+简称
黑龙江省木棱市穆棱镇,23,10,85,同音错误
穆棱镇穆棱市牡丹江市黑龙江省,23,10,85,顺序混乱
黑龙江省牡丹江市东宁市东宁镇中华路10号,23,10,86,完整
牡丹江市东宁市绥阳镇金城社区,23,10,86,省略省
东宁市三岔口镇朝阳村,23,10,86,省略省市
黑龙江东宁老黑山镇,23,10,86,省略市+简称
黑龙江省东守市东宁镇,23,10,86,同音错误
东宁镇东宁市牡丹江市黑龙江省,23,10,86,顺序混乱
黑龙江省佳木斯市向阳区建设街道长安路1号,23,08,02,完整
佳木斯市向阳区桥南街道光复社区,23,08,02,省略省
向阳区西南岗街道翰林苑,23,08,02,省略省市
黑龙江向阳长安街道,23,08,02,省略市+简称
黑龙江省佳木斯市相阳街建设街道,23,08,02,同音错误
建设街道向阳区佳木斯市黑龙江省,23,08,02,顺序混乱
向阳区建设街道,,,,02,歧义
黑龙江省佳木斯市前进区永安街道中山路2号,23,08,03,完整
佳木斯市前进区港湾街道先锋社区,23,08,03,省略省
前进区南岗街道山水家园,23,08,03,省略省市
黑龙江前进和平街道,23,08,03,省略市+简称
黑龙江省佳木斯市前晋区永安街道,23,08,03,同音错误
永安街道前进区佳木斯市黑龙江省,23,08,03,顺序混乱
黑龙江省佳木斯市东风区建国街道光复路3号,23,08,04,完整
佳木斯市东风区晓云街道松江社区,23,08,04,省略省
东风区松江乡模范村,23,08,04,省略省市
黑龙江东风高新街道,23,08,04,省略市+简称
黑龙江省佳木斯市东峰区建国街道,23,08,04,同音错误
建国街道东风区佳木斯市黑龙江省,23,08,04,顺序混乱
黑龙江省佳木斯市郊区长安街道友谊路4号,23,08,11,完整
佳木斯市郊区西格木镇平安社区,23,08,11,省略省
郊区长青乡四丰村,23,08,11,省略省市
黑龙江郊区莲江口镇,23,08,11,省略市+简称
黑龙江省佳木斯市效区长安街道,23,08,11,同音错误
长安街道郊区佳木斯市黑龙江省,23,08,11,顺序混乱
黑龙江省佳木斯市桦南县桦南镇新兴路5号,23,08,22,完整
佳木斯市桦南县土龙山镇幸福社区,23,08,22,省略省
桦南县孟家岗镇楼山村,23,08,22,省略省市
黑龙江桦南闫家镇,23,08,22,省略市+简称
黑龙江省桦南具桦南镇,23,08,22,编辑距离错误
桦南镇桦南县佳木斯市黑龙江省,23,08,22,顺序混乱
黑龙江省佳木斯市桦川县桦川镇悦来大街6号,23,08,23,完整
佳木斯市桦川县苏家店镇创业社区,23,08,23,省略省
桦川县横头山镇万宝村,23,08,23,省略省市
黑龙江桦川星火乡,23,08,23,省略市+简称
黑龙江省桦川具桦川镇,23,08,23,同音错误
桦川镇桦川县佳木斯市黑龙江省,23,08,23,顺序混乱
黑龙江省佳木斯市汤原县汤原镇振兴路7号,23,08,25,完整
佳木斯市汤原县香兰镇庆丰社区,23,08,25,省略省
汤原县竹帘镇永发村,23,08,25,省略省市
黑龙江汤原太平川乡,23,08,25,省略市+简称
黑龙江省汤原县汤原镇振新路,23,08,25,同音错误
汤原镇汤原县佳木斯市黑龙江省,23,08,25,顺序混乱
黑龙江省佳木斯市抚远市抚远镇长江路8号,23,08,83,完整
佳木斯市抚远市黑瞎子岛镇东极社区,23,08,83,省略省
抚远市寒葱沟镇红旗村,23,08,83,省略省市
黑龙江抚远通江镇,23,08,83,省略市+简称
黑龙江省抚远市抚远镇长扛路,23,08,83,同音错误
抚远镇抚远市佳木斯市黑龙江省,23,08,83,顺序混乱
黑龙江省佳木斯市同江市同江镇通港路9号,23,08,81,完整
佳木斯市同江市乐业镇昌盛社区,23,08,81,省略省
同江市三村镇头村村,23,08,81,省略省市
黑龙江同江街津口赫哲族乡,23,08,81,省略市+简称
黑龙江省同江巾同江镇,23,08,81,同音错误
同江镇同江市佳木斯市黑龙江省,23,08,81,顺序混乱
黑龙江省佳木斯市富锦市富锦镇中央大街10号,23,08,82,完整
佳木斯市富锦市锦山镇东平社区,23,08,82,省略省
富锦市二龙山镇德安村,23,08,82,省略省市
黑龙江富锦大榆树镇,23,08,82,省略市+简称
黑龙江省富绵市富锦镇,23,08,82,同音错误
富锦镇富锦市佳木斯市黑龙江省,23,08,82,顺序混乱
黑龙江省大庆市萨尔图区萨尔图街道世纪大道1号,23,06,02,完整
大庆市萨尔图区东风街道唯美社区,23,06,02,省略省
萨尔图区格林街道兰德湖,23,06,02,省略省市
大庆萨尔图会战街道,23,06,02,省略市+简称
黑龙江省大青市萨尔图区萨尔图街道,23,06,02,同音错误
萨尔图街道萨尔图区大庆市黑龙江省,23,06,02,顺序混乱
黑龙江省大庆市龙凤区龙凤街道龙凤大街2号,23,06,03,完整
大庆市龙凤区兴化街道街园社区,23,06,03,省略省
龙凤区卧里屯街道化吉路,23,06,03,省略省市
大庆龙凤光明街道,23,06,03,省略市+简称
黑龙江省大庆市龙风区龙凤街道,23,06,03,同音错误
龙凤街道龙凤区大庆市黑龙江省,23,06,03,顺序混乱
黑龙江省大庆市让胡路区龙岗街道西宾路3号,23,06,04,完整
大庆市让胡路区乘风街道乘新社区,23,06,04,省略省
让胡路区庆新街道创业城,23,06,04,省略省市
大庆让胡路奋斗街道,23,06,04,省略市+简称
黑龙江省大庆市让胡露区龙岗街道,23,06,04,同音错误
龙岗街道让胡路区大庆市黑龙江省,23,06,04,顺序混乱
黑龙江省大庆市红岗区红岗街道萨大中路4号,23,06,05,完整
大庆市红岗区解放街道银河社区,23,06,05,省略省
红岗区杏南街道天星小区,23,06,05,省略省市
大庆红岗银河街道,23,06,05,省略市+简称
黑龙江省大庆市红钢区红岗街道,23,06,05,同音错误
红岗街道红岗区大庆市黑龙江省,23,06,05,顺序混乱
黑龙江省大庆市大同区大同街道同阳路5号,23,06,06,完整
大庆市大同区高台子街道葡萄花社区,23,06,06,省略省
大同区林源镇对喜村,23,06,06,省略省市
大庆大同祝三乡,23,06,06,省略市+简称
黑龙江省大同志区大同街道,23,06,06,同音错误
大同街道大同区大庆市黑龙江省,23,06,06,顺序混乱
黑龙江省大庆市肇州县肇州镇油田路6号,23,06,21,完整
大庆市肇州县兴城镇和平社区,23,06,21,省略省
肇州县二井镇实现村,23,06,21,省略省市
大庆肇州永乐镇,23,06,21,省略市+简称
黑龙江省肇州具肇州镇,23,06,21,编辑距离错误
肇州镇肇州县大庆市黑龙江省,23,06,21,顺序混乱
黑龙江省大庆市肇源县肇源镇中央大街7号,23,06,22,完整
大庆市肇源县新站镇共和社区,23,06,22,省略省
肇源县茂兴镇幸福村,23,06,22,省略省市
大庆肇源古恰镇,23,06,22,省略市+简称
黑龙江省肇原县肇源镇,23,06,22,同音错误
肇源镇肇源县大庆市黑龙江省,23,06,22,顺序混乱
黑龙江省大庆市林甸县林甸镇鹤乡路8号,23,06,23,完整
大庆市林甸县花园镇温暖社区,23,06,23,省略省
林甸县四季青镇新民村,23,06,23,省略省市
大庆林甸东兴乡,23,06,23,省略市+简称
黑龙江省林店县林甸镇,23,06,23,同音错误
林甸镇林甸县大庆市黑龙江省,23,06,23,顺序混乱
黑龙江省大庆市杜尔伯特蒙古族自治县泰康镇阿拉腾路9号,23,06,24,完整
大庆市杜尔伯特蒙古族自治县胡吉吐莫镇敖包社区,23,06,24,省略省
杜尔伯特蒙古族自治县烟筒屯镇和南村,23,06,24,省略省市
大庆杜尔伯特巴彦查干乡,23,06,24,省略市+简称
黑龙江省杜尔佰特蒙古族自治县泰康镇,23,06,24,同音错误
泰康镇杜尔伯特蒙古族自治县大庆市黑龙江省,23,06,24,顺序混乱
黑龙江省鸡西市鸡冠区红军路街道中心大街1号,23,03,02,完整
鸡西市鸡冠区西山街道兴国社区,23,03,02,省略省
鸡冠区向阳街道福兴天地,23,03,02,省略省市
黑龙江鸡冠西鸡西街道,23,03,02,省略市+简称
黑龙江省鸡冠区红军路街道中芯大街,23,03,02,同音错误
红军路街道鸡冠区鸡西市黑龙江省,23,03,02,顺序混乱
黑龙江省鸡西市恒山区恒山街道安全街2号,23,03,03,完整
鸡西市恒山区大恒山街道高峰社区,23,03,03,省略省
恒山区小恒山街道雄关小区,23,03,03,省略省市
黑龙江恒山柳毛乡,23,03,03,省略市+简称
黑龙江省恒山区恒山街道安佺街,23,03,03,同音错误
恒山街道恒山区鸡西市黑龙江省,23,03,03,顺序混乱
黑龙江省鸡西市滴道区滴道河乡中心大道3号,23,03,04,完整
鸡西市滴道区矿里街道白云社区,23,03,04,省略省
滴道区东兴街道盛和家园,23,03,04,省略省市
黑龙江滴道大通沟街道,23,03,04,省略市+简称
黑龙江省滴到区滴道河乡,23,03,04,同音错误
滴道河乡滴道区鸡西市黑龙江省,23,03,04,顺序混乱
黑龙江省鸡西市梨树区梨树镇九道街4号,23,03,05,完整
鸡西市梨树区街里街道中南社区,23,03,05,省略省
梨树区穆棱街道平岗小区,23,03,05,省略省市
黑龙江梨树碱场街道,23,03,05,省略市+简称
黑龙江省梨对区梨树镇,23,03,05,编辑距离错误
梨树镇梨树区鸡西市黑龙江省,23,03,05,顺序混乱
黑龙江省鸡西市城子河区城子河街道政通路5号,23,03,06,完整
鸡西市城子河区正阳街道城花社区,23,03,06,省略省
城子河区永丰朝鲜族乡丰安村,23,03,06,省略省市
黑龙江城子河长青乡,23,03,06,省略市+简称
黑龙江省城子河区城子河街道政通骆,23,03,06,同音错误
城子河街道城子河区鸡西市黑龙江省,23,03,06,顺序混乱
黑龙江省鸡西市麻山区麻山街道中心路6号,23,03,07,完整
鸡西市麻山区麻山镇建国社区,23,03,07,省略省
麻山区和平朝鲜族乡太平村,23,03,07,省略省市
黑龙江麻山英林街道,23,03,07,省略市+简称
黑龙江省麻山区麻山街道中必路,23,03,07,同音错误
麻山街道麻山区鸡西市黑龙江省,23,03,07,顺序混乱
黑龙江省鸡西市鸡东县鸡东镇中心大街7号,23,03,21,完整
鸡西市鸡东县平阳镇金城社区,23,03,21,省略省
鸡东县永安镇永平村,23,03,21,省略省市
黑龙江鸡东向阳镇,23,03,21,省略市+简称
黑龙江省鸡东具鸡东镇,23,03,21,编辑距离错误
鸡东镇鸡东县鸡西市黑龙江省,23,03,21,顺序混乱
黑龙江省鸡西市虎林市虎林镇建设西街8号,23,03,81,完整
鸡西市虎林市东方红镇振兴社区,23,03,81,省略省
虎林市迎春镇新建村,23,03,81,省略省市
黑龙江虎林杨岗镇,23,03,81,省略市+简称
黑龙江省琥林市虎林镇,23,03,81,同音错误
虎林镇虎林市鸡西市黑龙江省,23,03,81,顺序混乱
黑龙江省鸡西市密山市密山镇光复路9号,23,03,82,完整
鸡西市密山市连珠山镇平安社区,23,03,82,省略省
密山市当壁镇庆康村,23,03,82,省略省市
黑龙江密山裴德镇,23,03,82,省略市+简称
黑龙江省蜜山市密山镇,23,03,82,同音错误
密山镇密山市鸡西市黑龙江省,23,03,82,顺序混乱
黑龙江省双鸭山市尖山区八马路街道新兴大街1号,23,05,02,完整
双鸭山市尖山区铁西街道富安社区,23,05,02,省略省
尖山区安邦乡双兴村,23,05,02,省略省市
黑龙江尖山二马路街道,23,05,02,省略市+简称
黑龙江省双鸭山市尖山区八马骆街道,23,05,02,同音错误
八马路街道尖山区双鸭山市黑龙江省,23,05,02,顺序混乱
黑龙江省双鸭山市岭东区岭东街道博爱路2号,23,05,03,完整
双鸭山市岭东区中山街道通山路社区,23,05,03,省略省
岭东区南山街道长山小区,23,05,03,省略省市
黑龙江岭东南山林场街道,23,05,03,省略市+简称
黑龙江省岭东市岭东街道,23,05,03,同音错误
岭东街道岭东区双鸭山市黑龙江省,23,05,03,顺序混乱
黑龙江省双鸭山市四方台区四方台街道正兴路3号,23,05,05,完整
双鸭山市四方台区集贤街道紫云社区,23,05,05,省略省
四方台区太保镇九三村,23,05,05,省略省市
黑龙江四方台双鸭山街道,23,05,05,省略市+简称
黑龙江省四方太区四方台街道,23,05,05,同音错误
四方台街道四方台区双鸭山市黑龙江省,23,05,05,顺序混乱
黑龙江省双鸭山市宝山区宝山街道宝一路4号,23,05,06,完整
双鸭山市宝山区红旗街道星火社区,23,05,06,省略省
宝山区七星镇杨木岗村,23,05,06,省略省市
黑龙江宝山跃进街道,23,05,06,省略市+简称
黑龙江省宝山区宝山街道宝一骆,23,05,06,同音错误
宝山街道宝山区双鸭山市黑龙江省,23,05,06,顺序混乱
宝山街道宝一路,,,,06,歧义
黑龙江省双鸭山市集贤县福利镇福双路5号,23,05,21,完整
双鸭山市集贤县升昌镇永久社区,23,05,21,省略省
集贤县丰乐镇太丰村,23,05,21,省略省市
黑龙江集贤太平镇,23,05,21,省略市+简称
黑龙江省集贤具福利镇,23,05,21,编辑距离错误
福利镇集贤县双鸭山市黑龙江省,23,05,21,顺序混乱
黑龙江省双鸭山市友谊县友谊镇友谊路6号,23,05,22,完整
双鸭山市友谊县凤岗镇建设社区,23,05,22,省略省
友谊县龙山镇常新村,23,05,22,省略省市
黑龙江友谊成富朝鲜族满族乡,23,05,22,省略市+简称
黑龙江省友宜县友谊镇,23,05,22,同音错误
友谊镇友谊县双鸭山市黑龙江省,23,05,22,顺序混乱
黑龙江省双鸭山市宝清县宝清镇中央大街7号,23,05,23,完整
双鸭山市宝清县小城子镇和平社区,23,05,23,省略省
宝清县青原镇永乐村,23,05,23,省略省市
黑龙江宝清夹信子镇,23,05,23,省略市+简称
黑龙江省宝清具宝清镇,23,05,23,同音错误
宝清镇宝清县双鸭山市黑龙江省,23,05,23,顺序混乱
黑龙江省双鸭山市饶河县饶河镇通江街8号,23,05,24,完整
双鸭山市饶河县西丰镇创业社区,23,05,24,省略省
饶河县四排赫哲族乡小南河村,23,05,24,省略省市
黑龙江饶河大佳河乡,23,05,24,省略市+简称
黑龙江省绕河县饶河镇,23,05,24,同音错误
饶河镇饶河县双鸭山市黑龙江省,23,05,24,顺序混乱
黑龙江省伊春市伊美区朝阳街道新兴大街1号,23,07,02,完整
伊春市伊美区红升街道前进社区,23,07,02,省略省
伊美区东升镇美溪片区,23,07,02,省略省市
黑龙江伊美旭日街道,23,07,02,省略市+简称
黑龙江省伊春市衣美区朝阳街道,23,07,02,同音错误
朝阳街道伊美区伊春市黑龙江省,23,07,02,顺序混乱
黑龙江省伊春市乌翠区乌马河街道中心路2号,23,07,,
宁夏回族自治区银川市兴庆区解放西街街道鼓楼南街128号,64,01,04,完整
银川市兴庆区解放西街街道鼓楼南街128号,64,01,04,省略省
兴庆区解放西街街道鼓楼南街128号,64,01,04,省略省市
宁夏兴庆解放西街街道鼓楼南街128号,64,01,04,省略市+简称
解放西街街道兴庆区银川市宁夏回族自治区鼓楼南街128号,64,01,04,顺序混乱
解放西街街道兴庆区银川市宁夏回族自治区鼓楼南街128号解放西街街道兴庆区银川市宁夏回族自治区,64,01,04,同音+顺序混乱
银川市兴庆区,64,01,04,截断
宁夏回族自治区银川市西夏区西花园路街道贺兰山西路481号,64,01,05,完整
银川市西夏区西花园路街道贺兰山西路481号,64,01,05,省略省
西夏区西花园路街道贺兰山西路481号,64,01,05,省略省市
宁夏西夏西花园路街道贺兰山西路481号,64,01,05,省略市+简称
西花园路街道西夏区银川市宁夏回族自治区贺兰山西路481号,64,01,05,顺序混乱
西花园路街道西夏区银川市宁夏回族自治区贺兰山西路481号西花园路街道西夏区银川市宁夏回族自治区,64,01,05,同音+顺序混乱
银川市西夏区,64,01,05,截断
宁夏回族自治区银川市金凤区长城中路街道北京中路166号,64,01,06,完整
银川市金凤区长城中路街道北京中路166号,64,01,06,省略省
金凤区长城中路街道北京中路166号,64,01,06,省略省市
宁夏金凤长城中路街道北京中路166号,64,01,06,省略市+简称
长城中路街道金凤区银川市宁夏回族自治区北京中路166号,64,01,06,顺序混乱
长城中路街道金凤区银川市宁夏回族自治区北京中路166号长城中路街道金凤区银川市宁夏回族自治区,64,01,06,同音+顺序混乱
银川市金凤区,64,01,06,截断
宁夏回族自治区银川市永宁县团结西路街道宁和北街57号,64,01,21,完整
银川市永宁县团结西路街道宁和北街57号,64,01,21,省略省
永宁县团结西路街道宁和北街57号,64,01,21,省略省市
宁夏永宁团结西路街道宁和北街57号,64,01,21,省略市+简称
团结西路街道永宁县银川市宁夏回族自治区宁和北街57号,64,01,21,顺序混乱
团结西路街道永宁县银川市宁夏回族自治区宁和北街57号团结西路街道永宁县银川市宁夏回族自治区,64,01,21,同音+顺序混乱
银川市永宁县,64,01,21,截断
宁夏回族自治区银川市贺兰县富兴街街道银河东路36号,64,01,22,完整
银川市贺兰县富兴街街道银河东路36号,64,01,22,省略省
贺兰县富兴街街道银河东路36号,64,01,22,省略省市
宁夏贺兰富兴街街道银河东路36号,64,01,22,省略市+简称
富兴街街道贺兰县银川市宁夏回族自治区银河东路36号,64,01,22,顺序混乱
富兴街街道贺兰县银川市宁夏回族自治区银河东路36号富兴街街道贺兰县银川市宁夏回族自治区,64,01,22,同音+顺序混乱
银川市贺兰县,64,01,22,截断
宁夏回族自治区银川市灵武市城区街道西平街88号,64,01,81,完整
银川市灵武市城区街道西平街88号,64,01,81,省略省
灵武市城区街道西平街88号,64,01,81,省略省市
宁夏灵武城区街道西平街88号,64,01,81,省略市+简称
城区街道灵武市银川市宁夏回族自治区西平街88号,64,01,81,顺序混乱
城区街道灵武市银川市宁夏回族自治区西平街88号城区街道灵武市银川市宁夏回族自治区,64,01,81,同音+顺序混乱
银川市灵武市,64,01,81,截断
宁夏回族自治区石嘴山市大武口区朝阳街道朝阳西街199号,64,02,02,完整
石嘴山市大武口区朝阳街道朝阳西街199号,64,02,02,省略省
大武口区朝阳街道朝阳西街199号,64,02,02,省略省市
宁夏大武口朝阳街道朝阳西街199号,64,02,02,省略市+简称
朝阳街道大武口区石嘴山市宁夏回族自治区朝阳西街199号,64,02,02,顺序混乱
朝阳街道大武口区石嘴山市宁夏回族自治区朝阳西街199号朝阳街道大武口区石嘴山市宁夏回族自治区,64,02,02,同音+顺序混乱
石嘴山市大武口区,64,02,02,截断
宁夏回族自治区石嘴山市惠农区北街街道惠安大街75号,64,02,05,完整
石嘴山市惠农区北街街道惠安大街75号,64,02,05,省略省
惠农区北街街道惠安大街75号,64,02,05,省略省市
宁夏惠农北街街道惠安大街75号,64,02,05,省略市+简称
北街街道惠农区石嘴山市宁夏回族自治区惠安大街75号,64,02,05,顺序混乱
北街街道惠农区石嘴山市宁夏回族自治区惠安大街75号北街街道惠农区石嘴山市宁夏回族自治区,64,02,05,同音+顺序混乱
石嘴山市惠农区,64,02,05,截断
宁夏回族自治区石嘴山市平罗县城关镇鼓楼西街8号,64,02,21,完整
石嘴山市平罗县城关镇鼓楼西街8号,64,02,21,省略省
平罗县城关镇鼓楼西街8号,64,02,21,省略省市
宁夏平罗城关镇鼓楼西街8号,64,02,21,省略市+简称
城关镇平罗县石嘴山市宁夏回族自治区鼓楼西街8号,64,02,21,顺序混乱
城关镇平罗县石嘴山市宁夏回族自治区鼓楼西街8号城关镇平罗县石嘴山市宁夏回族自治区,64,02,21,同音+顺序混乱
石嘴山市平罗县,64,02,21,截断
宁夏回族自治区吴忠市利通区金星镇利宁南街42号,64,03,02,完整
吴忠市利通区金星镇利宁南街42号,64,03,02,省略省
利通区金星镇利宁南街42号,64,03,02,省略省市
宁夏利通金星镇利宁南街42号,64,03,02,省略市+简称
金星镇利通区吴忠市宁夏回族自治区利宁南街42号,64,03,02,顺序混乱
金星镇利通区吴忠市宁夏回族自治区利宁南街42号金星镇利通区吴忠市宁夏回族自治区,64,03,02,同音+顺序混乱
吴忠市利通区,64,03,02,截断
宁夏回族自治区吴忠市红寺堡区新民街道燕然路66号,64,03,03,完整
吴忠市红寺堡区新民街道燕然路66号,64,03,03,省略省
红寺堡区新民街道燕然路66号,64,03,03,省略省市
宁夏红寺堡新民街道燕然路66号,64,03,03,省略市+简称
新民街道红寺堡区吴忠市宁夏回族自治区燕然路66号,64,03,03,顺序混乱
新民街道红寺堡区吴忠市宁夏回族自治区燕然路66号新民街道红寺堡区吴忠市宁夏回族自治区,64,03,03,同音+顺序混乱
吴忠市红寺堡区,64,03,03,截断
宁夏回族自治区吴忠市盐池县盐州路街道振远西街15号,64,03,23,完整
吴忠市盐池县盐州路街道振远西街15号,64,03,23,省略省
盐池县盐州路街道振远西街15号,64,03,23,省略省市
宁夏盐池盐州路街道振远西街15号,64,03,23,省略市+简称
盐州路街道盐池县吴忠市宁夏回族自治区振远西街15号,64,03,23,顺序混乱
盐州路街道盐池县吴忠市宁夏回族自治区振远西街15号盐州路街道盐池县吴忠市宁夏回族自治区,64,03,23,同音+顺序混乱
吴忠市盐池县,64,03,23,截断
宁夏回族自治区吴忠市同心县豫海镇长征西街53号,64,03,24,完整
吴忠市同心县豫海镇长征西街53号,64,03,24,省略省
同心县豫海镇长征西街53号,64,03,24,省略省市
宁夏同心豫海镇长征西街53号,64,03,24,省略市+简称
豫海镇同心县吴忠市宁夏回族自治区长征西街53号,64,03,24,顺序混乱
豫海镇同心县吴忠市宁夏回族自治区长征西街53号豫海镇同心县吴忠市宁夏回族自治区,64,03,24,同音+顺序混乱
吴忠市同心县,64,03,24,截断
宁夏回族自治区吴忠市青铜峡市裕民街道汉坝东街27号,64,03,81,完整
吴忠市青铜峡市裕民街道汉坝东街27号,64,03,81,省略省
青铜峡市裕民街道汉坝东街27号,64,03,81,省略省市
宁夏青铜峡裕民街道汉坝东街27号,64,03,81,省略市+简称
裕民街道青铜峡市吴忠市宁夏回族自治区汉坝东街27号,64,03,81,顺序混乱
裕民街道青铜峡市吴忠市宁夏回族自治区汉坝东街27号裕民街道青铜峡市吴忠市宁夏回族自治区,64,03,81,同音+顺序混乱
吴忠市青铜峡市,64,03,81,截断
宁夏回族自治区固原市原州区南关街道政府巷9号,64,04,02,完整
固原市原州区南关街道政府巷9号,64,04,02,省略省
原州区南关街道政府巷9号,64,04,02,省略省市
宁夏原州南关街道政府巷9号,64,04,02,省略市+简称
南关街道原州区固原市宁夏回族自治区政府巷9号,64,04,02,顺序混乱
南关街道原州区固原市宁夏回族自治区政府巷9号南关街道原州区固原市宁夏回族自治区,64,04,02,同音+顺序混乱
固原市原州区,64,04,02,截断
宁夏回族自治区固原市西吉县吉强镇中街26号,64,04,22,完整
固原市西吉县吉强镇中街26号,64,04,22,省略省
西吉县吉强镇中街26号,64,04,22,省略省市
宁夏西吉吉强镇中街26号,64,04,22,省略市+简称
吉强镇西吉县固原市宁夏回族自治区中街26号,64,04,22,顺序混乱
吉强镇西吉县固原市宁夏回族自治区中街26号吉强镇西吉县固原市宁夏回族自治区,64,04,22,同音+顺序混乱
固原市西吉县,64,04,22,截断
宁夏回族自治区固原市隆德县城关镇观泉街31号,64,04,23,完整
固原市隆德县城关镇观泉街31号,64,04,23,省略省
隆德县城关镇观泉街31号,64,04,23,省略省市
宁夏隆德城关镇观泉街31号,64,04,23,省略市+简称
城关镇隆德县固原市宁夏回族自治区观泉街31号,64,04,23,顺序混乱
城关镇隆德县固原市宁夏回族自治区观泉街31号城关镇隆德县固原市宁夏回族自治区,64,04,23,同音+顺序混乱
固原市隆德县,64,04,23,截断
宁夏回族自治区固原市泾源县香水镇香水街18号,64,04,24,完整
固原市泾源县香水镇香水街18号,64,04,24,省略省
泾源县香水镇香水街18号,64,04,24,省略省市
宁夏泾源香水镇香水街18号,64,04,24,省略市+简称
香水镇泾源县固原市宁夏回族自治区香水街18号,64,04,24,顺序混乱
香水镇泾源县固原市宁夏回族自治区香水街18号香水镇泾源县固原市宁夏回族自治区,64,04,24,同音+顺序混乱
固原市泾源县,64,04,24,截断
宁夏回族自治区固原市彭阳县白阳镇兴彭大街44号,64,04,25,完整
固原市彭阳县白阳镇兴彭大街44号,64,04,25,省略省
彭阳县白阳镇兴彭大街44号,64,04,25,省略省市
宁夏彭阳白阳镇兴彭大街44号,64,04,25,省略市+简称
白阳镇彭阳县固原市宁夏回族自治区兴彭大街44号,64,04,25,顺序混乱
白阳镇彭阳县固原市宁夏回族自治区兴彭大街44号白阳镇彭阳县固原市宁夏回族自治区,64,04,25,同音+顺序混乱
固原市彭阳县,64,04,25,截断
宁夏回族自治区中卫市沙坡头区滨河镇鼓楼西街22号,64,05,02,完整
中卫市沙坡头区滨河镇鼓楼西街22号,64,05,02,省略省
沙坡头区滨河镇鼓楼西街22号,64,05,02,省略省市
宁夏沙坡头滨河镇鼓楼西街22号,64,05,02,省略市+简称
滨河镇沙坡头区中卫市宁夏回族自治区鼓楼西街22号,64,05,02,顺序混乱
滨河镇沙坡头区中卫市宁夏回族自治区鼓楼西街22号滨河镇沙坡头区中卫市宁夏回族自治区,64,05,02,同音+顺序混乱
中卫市沙坡头区,64,05,02,截断
宁夏回族自治区中卫市中宁县宁安镇北街35号,64,05,21,完整
中卫市中宁县宁安镇北街35号,64,05,21,省略省
中宁县宁安镇北街35号,64,05,21,省略省市
宁夏中宁宁安镇北街35号,64,05,21,省略市+简称
宁安镇中宁县中卫市宁夏回族自治区北街35号,64,05,21,顺序混乱
宁安镇中宁县中卫市宁夏回族自治区北街35号宁安镇中宁县中卫市宁夏回族自治区,64,05,21,同音+顺序混乱
中卫市中宁县,64,05,21,截断
宁夏回族自治区中卫市海原县海城镇建设路49号,64,05,22,完整
中卫市海原县海城镇建设路49号,64,05,22,省略省
海原县海城镇建设路49号,64,05,22,省略省市
宁夏海原海城镇建设路49号,64,05,22,省略市+简称
海城镇海原县中卫市宁夏回族自治区建设路49号,64,05,22,顺序混乱
海城镇海原县中卫市宁夏回族自治区建设路49号海城镇海原县中卫市宁夏回族自治区,64,05,22,同音+顺序混乱
中卫市海原县,64,05,22,截断
辽宁省沈阳市和平区南市场街道十一纬路,21,01,02,完整
沈阳市和平区太原街街道中华路,21,01,02,截断
沈阳和平北市场街道皇寺路,21,01,02,省略省
南市场街道十一纬路社区,21,01,02,省略省市
辽宁和平南市场街道十一纬路,21,01,02,省略市+简称
和平区南市埸街道十一纬路,21,01,02,同音错误
,21,01,02,歧义
辽宁省沈阳市沈河区朱剪炉街道友好巷,21,01,03,完整
沈阳市沈河区滨河街道万莲路,21,01,03,截断
沈阳沈河北站街道惠工街,21,01,03,省略省
风雨坛街道永环社区,21,01,03,省略省市
辽宁沈河皇城街道沈阳路,21,01,03,省略市+简称
沈河区朱剪炉街道友妤巷,21,01,03,同音错误
辽宁省沈阳市大东区万泉街道东逸街,21,01,04,完整
沈阳市大东区长安街道滂江街,21,01,04,截断
沈阳大东津桥街道白塔路,21,01,04,省略省
东塔街道和睦路社区,21,01,04,省略省市
辽宁大东二台子街道沈铁路,21,01,04,省略市+简称
大东区万泉街道东逸衔,21,01,04,编辑距离错误
辽宁省沈阳市皇姑区黄河街道崇山中路,21,01,05,完整
沈阳市皇姑区华山街道长江街,21,01,05,截断
沈阳皇姑三洞桥街道天山路由,21,01,05,省略省
黄河街道庐山社区,21,01,05,省略省市
辽宁皇姑陵东街道梅江街,21,01,05,省略市+简称
皇姑区黄河街道崇山巾路,21,01,05,编辑距离错误
,21,01,06,歧义
辽宁省沈阳市铁西区工人村街道重工南街,21,01,06,完整
沈阳市铁西区笃工街道北二中路,21,01,06,截断
沈阳铁西霁虹街道虹桥路,21,01,06,省略省
工人村街道劳模社区,21,01,06,省略省市
辽宁铁西兴华街道南七中路,21,01,06,省略市+简称
铁西区工人村街道重功南街,21,01,06,同音错误
辽宁省沈阳市苏家屯区解放街道雪松路,21,01,11,完整
沈阳市苏家屯区民主街道枫杨路,21,01,11,截断
沈阳苏家屯中兴街道丁香街,21,01,11,省略省
解放街道雪松社区,21,01,11,省略省市
辽宁苏家屯林盛街道清州街,21,01,11,省略市+简称
苏家屯区解放街道雪松络,21,01,11,编辑距离错误
辽宁省沈阳市浑南区五三街道世纪路,21,01,12,完整
沈阳市浑南区东陵街道东陵路,21,01,12,截断
沈阳浑南白塔街道全运路,21,01,12,省略省
五三街道慧缘社区,21,01,12,省略省市
辽宁浑南桃仙街道桃仙大街,21,01,12,省略市+简称
浑南区五三街道世纪络,21,01,12,同音+顺序混乱
辽宁省沈阳市沈北新区新城子街道银河街,21,01,13,完整
沈阳市沈北新区道义街道蒲昌路,21,01,13,截断
沈阳沈北虎石台街道建设路,21,01,13,省略省
新城子街道金星社区,21,01,13,省略省市
辽宁沈北辉山街道蒲河路,21,01,13,省略市+简称
沈北新区新城子街道银可街,21,01,13,编辑距离错误
辽宁省沈阳市于洪区迎宾路街道沈大路,21,01,14,完整
沈阳市于洪区陵西街道黄河北大街,21,01,14,截断
沈阳于洪马三家街道马三家路,21,01,14,省略省
迎宾路街道黄海花园社区,21,01,14,省略省市
辽宁于洪平罗街道平罗中街,21,01,14,省略市+简称
于洪区迎宾路街道沈大络,21,01,14,同音错误
辽宁省沈阳市辽中区蒲西街道政府路,21,01,15,完整
沈阳市辽中区茨榆坨街道茨榆街,21,01,15,截断
沈阳辽中城郊街道孙家街,21,01,15,省略省
蒲西街道近海新苑社区,21,01,15,省略省市
辽宁辽中刘二堡镇刘南线,21,01,15,省略市+简称
辽中区蒲西街道政府络,21,01,15,编辑距离错误
辽宁省沈阳市康平县胜利街道轻工路,21,01,23,完整
沈阳市康平县东关街道东关街,21,01,23,截断
沈阳康平小城子镇小城子街,21,01,23,省略省
胜利街道含光社区,21,01,23,省略省市
辽宁康平张强镇张强路,21,01,23,省略市+简称
康平县胜利街道轻工络,21,01,23,同音+顺序混乱
辽宁省沈阳市法库县法库镇兴法路,21,01,24,完整
沈阳市法库县大孤家子镇大孤街,21,01,24,截断
沈阳法库柏家沟镇柏家沟路,21,01,24,省略省
法库镇石桥社区,21,01,24,省略省市
辽宁法库秀水河子镇秀水街,21,01,24,省略市+简称
法库县法库镇兴法络,21,01,24,编辑距离错误
辽宁省沈阳市新民市新柳街道辽河大街,21,01,81,完整
沈阳市新民市西城街道西城街,21,01,81,截断
沈阳新民大民屯镇大民屯路,21,01,81,省略省
新柳街道铁路社区,21,01,81,省略省市
辽宁新民胡台镇胡台大街,21,01,81,省略市+简称
新民市新柳街道辽河大待,21,01,81,同音错误
辽宁省大连市中山区海军广场街道人民路,21,02,02,完整
大连市中山区青泥洼桥街道世纪街,21,02,02,截断
大连中山桃源街道秀月街,21,02,02,省略省
海军广场街道华乐社区,21,02,02,省略省市
辽宁中山人民路街道海军广场,21,02,02,省略市+简称
,21,02,02,歧义
辽宁省大连市西岗区八一路街道长春路,21,02,03,完整
大连市西岗区人民广场街道北京街,21,02,03,截断
大连西岗白云街道白云新村,21,02,03,省略省
八一路街道傅家庄社区,21,02,03,省略省市
辽宁西岗香炉礁街道东北路,21,02,03,省略市+简称
西岗区八一路街道长椿路,21,02,03,编辑距离错误
辽宁省大连市沙河口区西安路街道长兴街,21,02,04,完整
大连市沙河口区马栏街道红旗东路,21,02,04,截断
大连沙河口黑石礁街道中山路,21,02,04,省略省
西安路街道兴新社区,21,02,04,省略省市
辽宁沙河口星海湾街道会展路,21,02,04,省略市+简称
沙河口区西安路街道长兴衔,21,02,04,同音错误
辽宁省大连市甘井子区周水子街道促进路,21,02,11,完整
大连市甘井子区中华路街道山东路,21,02,11,截断
大连甘井子南关岭街道岚岭路,21,02,11,省略省
周水子街道周北社区,21,02,11,省略省市
辽宁甘井子机场街道虹港路,21,02,11,省略市+简称
甘井子区周水子街道促近路,21,02,11,编辑距离错误
辽宁省大连市旅顺口区登峰街道黄河路,21,02,12,完整
大连市旅顺口区水师营街道水师营路,21,02,12,截断
大连旅顺口铁山街道盐北路,21,02,12,省略省
登峰街道高升社区,21,02,12,省略省市
辽宁旅顺口龙头街道龙头街,21,02,12,省略市+简称
旅顺口区登峰街道黄何路,21,02,12,同音+顺序混乱
辽宁省大连市金州区光中街道斯大林路,21,02,13,完整
大连市金州区拥政街道永安大街,21,02,13,截断
大连金州站前街道火车站广场,21,02,13,省略省
光中街道红旗社区,21,02,13,省略省市
辽宁金州马桥子街道金马路,21,02,13,省略市+简称
金州区光中街道斯大木路,21,02,13,编辑距离错误
辽宁省大连市普兰店区丰荣街道府前路,21,02,14,完整
大连市普兰店区皮口街道皮口大街,21,02,14,截断
大连普兰店铁西街道西工路,21,02,14,省略省
丰荣街道古城社区,21,02,14,省略省市
辽宁普兰店安波街道安波大路,21,02,14,省略市+简称
普兰店区丰荣街道府前络,21,02,14,同音错误
辽宁省大连市长海县大长山岛镇长海东路,21,02,24,完整
大连市长海县獐子岛镇沙包街,21,02,24,截断
大连长海小长山岛镇回龙街,21,02,24,省略省
大长山岛镇东山社区,21,02,24,省略省市
辽宁长海广鹿岛镇广鹿路,21,02,24,省略市+简称
长海县大长山岛镇长海东络,21,02,24,编辑距离错误
辽宁省大连市瓦房店市岗店街道西长春路,21,02,81,完整
大连市瓦房店市共济街道九三路,21,02,81,截断
大连瓦房店太阳街道太阳街,21,02,81,省略省
岗店街道长城社区,21,02,81,省略省市
辽宁瓦房店复州城复州大街,21,02,81,省略市+简称
瓦房店市岗店街道西长椿路,21,02,81,同音错误
辽宁省大连市庄河市城关街道水仙街,21,02,83,完整
大连市庄河市新华街道世纪大街,21,02,83,截断
大连庄河明阳街道明阳街,21,02,83,省略省
城关街道新风社区,21,02,83,省略省市
辽宁庄河青堆镇青堆大街,21,02,83,省略市+简称
庄河市城关街道水仙衔,21,02,83,同音+顺序混乱
辽宁省鞍山市铁东区解放街道胜利南路,21,03,02,完整
鞍山市铁东区园林街道二一九路,21,03,02,截断
鞍山铁东和平街道正义街,21,03,02,省略省
解放街道金融社区,21,03,02,省略省市
辽宁铁东山南街道山南街,21,03,02,省略市+简称
,21,03,02,歧义
辽宁省鞍山市铁西区启明街道人民路,21,03,03,完整
鞍山市铁西区位列街道九道街,21,03,03,截断
鞍山铁西永乐街道永乐街,21,03,03,省略省
启明街道兴盛社区,21,03,03,省略省市
辽宁铁西大陆街道大陆街,21,03,03,省略市+简称
铁西区启明街道人民络,21,03,03,同音错误
辽宁省鞍山市立山区灵山街道灵山街,21,03,04,完整
鞍山市立山区深沟寺街道深沟路,21,03,04,截断
鞍山立山沙河街道沙河街,21,03,04,省略省
灵山街道红拖社区,21,03,04,省略省市
辽宁立山友好街道友好街,21,03,04,省略市+简称
立山区灵山街道灵山衔,21,03,04,编辑距离错误
辽宁省鞍山市千山区东鞍山街道鞍山路,21,03,11,完整
鞍山市千山区唐家房街道唐家路,21,03,11,截断
鞍山千山大屯镇大屯街,21,03,11,省略省
东鞍山街道鞍山城社区,21,03,11,省略省市
辽宁千山甘泉镇甘泉路,21,03,11,省略市+简称
千山区东鞍山街道鞍山络,21,03,11,同音+顺序混乱
辽宁省鞍山市台安县台东街道恩良东路,21,03,21,完整
鞍山市台安县八角台街道繁荣北街,21,03,21,截断
鞍山台安黄沙坨镇黄沙街,21,03,21,省略省
台东街道龙城社区,21,03,21,省略省市
辽宁台安桑林镇桑林路,21,03,21,省略市+简称
台安县台东街道恩良东络,21,03,21,编辑距离错误
辽宁省鞍山市岫岩满族自治县阜昌街道岫玉大街,21,03,23,完整
鞍山市岫岩满族自治县偏岭镇偏岭街,21,03,23,截断
鞍山岫岩洋河镇洋河路,21,03,23,省略省
阜昌街道东门社区,21,03,23,省略省市
辽宁岫岩哈达碑镇哈达路,21,03,23,省略市+简称
岫岩满族自治县阜昌街道岫玉大待,21,03,23,同音错误
辽宁省鞍山市海城市海州街道环城西路,21,03,81,完整
鞍山市海城市兴海街道海州大街,21,03,81,截断
鞍山海城牌楼镇牌楼街,21,03,81,省略省
海州街道南关社区,21,03,81,省略省市
辽宁海城西柳镇西柳大路,21,03,81,省略市+简称
海城市海州街道环城西络,21,03,81,编辑距离错误
辽宁省抚顺市新抚区站前街道西一路,21,04,02,完整
抚顺市新抚区福民街道新抚路,21,04,02,截断
抚顺新抚永安台街道东七路,21,04,02,省略省
站前街道千金社区,21,04,02,省略省市
辽宁新抚新抚街道新抚大路,21,04,02,省略市+简称
新抚区站前街道西一络,21,04,02,同音错误
辽宁省抚顺市东洲区东洲街道绥化路,21,04,03,完整
抚顺市东洲区搭连街道搭连路,21,04,03,截断
抚顺东洲龙凤街道龙凤路,21,04,03,省略省
东洲街道含情社区,21,04,03,省略省市
辽宁东洲章党街道章党大街,21,04,03,省略市+简称
东洲区东洲街道绥化络,21,04,03,编辑距离错误
辽宁省抚顺市望花区和平街道雷锋路,21,04,04,完整
抚顺市望花区光明街道春光街,21,04,04,截断
抚顺望花演武街道演武街,21,04,04,省略省
和平街道玫瑰城社区,21,04,04,省略省市
辽宁望花李石街道李石大路,21,04,04,省略市+简称
望花区和平街道雷峰路,21,04,04,同音错误
辽宁省抚顺市顺城区新华街道新城路,21,04,11,完整
抚顺市顺城区抚顺城街道贵德街,21,04,11,截断
抚顺顺城前甸镇前甸街,21,04,11,省略省
新华街道华南社区,21,04,11,省略省市
辽宁顺城河北乡河北大路,21,04,11,省略市+简称
顺城区新华街道新城络,21,04,11,同音+顺序混乱
辽宁省抚顺市抚顺县抚顺城关街道新城路,21,04,21,完整
抚顺市抚顺县石文镇石文街,21,04,21,截断
抚顺抚顺县后安镇后安路,21,04,21,省略省
抚顺城关街道新业社区,21,04,21,省略省市
辽宁抚顺县救兵镇救兵大路,21,04,21,省略市+简称
抚顺县抚顺城关街道新城络,21,04,21,编辑距离错误
辽宁省抚顺市新宾满族自治县新宾镇肇兴路,21,04,22,完整
抚顺市新宾满族自治县永陵镇永陵街,21,04,22,截断
抚顺新宾木奇镇木奇路,21,04,22,省略省
新宾镇和平社区,21,04,22,省略省市
辽宁新宾南杂木镇南杂木街,21,04,22,省略市+简称
新宾满族自治县新宾镇肇兴络,21,04,22,同音错误
辽宁省抚顺市清原满族自治县清原镇清河路,21,04,23,完整
抚顺市清原满族自治县红透山镇红透街,21,04,23,截断
抚顺清原草市镇草市路,21,04,23,省略省
清原镇天桥社区,21,04,23,省略省市
辽宁清原南山城镇南山城路,21,04,23,省略市+简称
清原满族自治县清原镇清河络,21,04,23,同音+顺序混乱
辽宁省本溪市平山区平山街道平山路,21,05,02,完整
本溪市平山区东明街道东明路,21,05,02,截断
本溪平山站前街道解放南路,21,05,02,省略省
平山街道建平社区,21,05,02,省略省市
辽宁平山崔东街道崔东街,21,05,02,省略市+简称
,21,05,02,歧义
辽宁省本溪市溪湖区河东街道溪湖路,21,05,03,完整
本溪市溪湖区彩屯街道彩屯路,21,05,03,截断
本溪溪湖火连寨街道火连路,21,05,03,省略省
河东街道峪前社区,21,05,03,省略省市
辽宁溪湖歪头山镇歪头山街,21,05,03,省略市+简称
溪湖区河东街道溪湖络,21,05,03,同音错误
辽宁省本溪市明山区新明街道地工路,21,05,04,完整
本溪市明山区北地街道北光路,21,05,04,截断
本溪明山高峪街道高峪街,21,05,04,省略省
新明街道程家社区,21,05,04,省略省市
辽宁明山牛心台街道牛心台路,21,05,04,省略市+简称
明山区新明街道地工络,21,05,04,编辑距离错误
辽宁省本溪市南芬区铁山街道中心路,21,05,05,完整
本溪市南芬区思山岭街道思山岭街,21,05,05,截断
本溪南芬下马塘街道下马塘路,21,05,05,省略省
铁山街道细河社区,21,05,05,省略省市
辽宁南芬郭家街道郭家路,21,05,05,省略市+简称
南芬区铁山街道中心络,21,05,05,同音+顺序混乱
辽宁省本溪市本溪满族自治县小市街道观音阁路,21,05,21,完整
本溪市本溪满族自治县草河掌镇草河路,21,05,21,截断
本溪本溪满族自治县田师傅镇田师路,21,05,21,省略省
小市街道中心社区,21,05,21,省略省市
辽宁本溪碱厂镇碱厂大路,21,05,21,省略市+简称
本溪满族自治县小市街道观音阁络,21,05,21,编辑距离错误
辽宁省本溪市桓仁满族自治县桓仁镇中心大街,21,05,22,完整
本溪市桓仁满族自治县普乐堡镇普乐路,21,05,22,截断
本溪桓仁二棚甸子镇二棚街,21,05,22,省略省
桓仁镇黎明社区,21,05,22,省略省市
辽宁桓仁五女山街道五女山路,21,05,22,省略市+简称
桓仁满族自治县桓仁镇中心大待,21,05,22,同音错误
辽宁省丹东市元宝区七道街道仁忠前路,21,06,02,完整
丹东市元宝区九道街道九道街,21,06,02,截断
丹东元宝广济街道新柳街,21,06,02,省略省
七道街道天增社区,21,06,02,省略省市
辽宁元宝兴东街道兴东街,21,06,02,省略市+简称
元宝区七道街道仁忠前络,21,06,02,编辑距离错误
辽宁省丹东市振兴区站前街道十纬路,21,06,03,完整
丹东市振兴区临江街道滨江中路,21,06,03,截断
丹东振兴花园街道花园街,21,06,03,省略省
站前街道华夏社区,21,06,03,省略省市
辽宁振兴纤维街道纤维大路,21,06,03,省略市+简称
振兴区站前街道十纬络,21,06,03,同音错误
辽宁省丹东市振安区珍珠街道东齐路,21,06,04,完整
丹东市振安区鸭绿江街道滨江路,21,06,04,截断
丹东振安同兴镇同兴街,21,06,04,省略省
珍珠街道临江社区,21,06,04,省略省市
,21,06,04,歧义
辽宁省丹东市宽甸满族自治县宽甸镇天华山路,21,06,24,完整
丹东市宽甸满族自治县灌水镇灌水街,21,06,24,截断
丹东宽甸青山沟镇青山路,21,06,24,省略省
宽甸镇城东社区,21,06,24,省略省市
辽宁宽甸长甸镇长甸大路,21,06,24,省略市+简称
宽甸满族自治县宽甸镇天华山络,21,06,24,同音+顺序混乱
辽宁省丹东市东港市大东街道东港路,21,06,81,完整
丹东市东港市新兴街道新兴路,21,06,81,截断
丹东东港前阳镇前阳街,21,06,81,省略省
大东街道桥东社区,21,06,81,省略省市
辽宁东港孤山镇孤山大路,21,06,81,省略市+简称
东港市大东街道东港络,21,06,81,编辑距离错误
辽宁省丹东市凤城市凤凰城街道邓铁梅路,21,06,82,完整
丹东市凤城市凤山街道凤山路,21,06,82,截断
丹东凤城通远堡镇通远街,21,06,82,省略省
凤凰城街道翰林社区,21,06,82,省略省市
辽宁凤城青城子镇青城路,21,06,82,省略市+简称
凤城市凤凰城街道邓铁梅络,21,06,82,同音错误
辽宁省锦州市古塔区保安街道人民街,21,07,02,完整
锦州市古塔区北街街道北街路,21,07,02,截断
锦州古塔敬业街道工学里,21,07,02,省略省
保安街道吉祥社区,21,07,02,省略省市
辽宁古塔士英街道士英路,21,07,02,省略市+简称
古塔区保安街道人民衔,21,07,02,编辑距离错误
辽宁省锦州市凌河区榴花街道解放路,21,07,03,完整
锦州市凌河区锦铁街道中央大街,21,07,03,截断
锦州凌河菊园街道南京路,21,07,03,省略省
榴花街道铁新社区,21,07,03,省略省市
辽宁凌河正大街道正大路,21,07,03,省略市+简称
凌河区榴花街道解放络,21,07,03,同音错误
辽宁省锦州市太和区太和街道太和街,21,07,11,完整
锦州市太和区女儿河街道女儿河路,21,07,11,截断
锦州太和营盘街道营盘街,21,07,11,省略省
太和街道平和社区,21,07,11,省略省市
,21,07,11,歧义
辽宁省锦州市黑山县黑山街道中大路,21,07,26,完整
锦州市黑山县新立屯镇新立街,21,07,26,截断
锦州黑山八道壕镇八道街,21,07,26,省略省
黑山街道清河社区,21,07,26,省略省市
辽宁黑山励家镇励家路,21,07,26,省略市+简称
黑山县黑山街道中大象路,21,07,26,编辑距离错误
辽宁省锦州市义县义州街道建设路,21,07,27,完整
锦州市义县七里河镇七里街,21,07,27,截断
锦州义县稍户营子镇稍户路,21,07,27,省略省
义州街道西北街社区,21,07,27,省略省市
辽宁义县九道岭镇九道岭路,21,07,27,省略市+简称
义县义州街道建设络,21,07,27,同音+顺序混乱
辽宁省锦州市凌海市大凌河街道青年大街,21,07,81,完整
锦州市凌海市金城街道金城路,21,07,81,截断
锦州凌海石山镇石山街,21,07,81,省略省
大凌河街道新楼社区,21,07,81,省略省市
辽宁凌海双羊镇双羊路,21,07,81,省略市+简称
凌海市大凌河街道青年大待,21,07,81,同音错误
辽宁省锦州市北镇市北镇街道广宁东路,21,07,82,完整
锦州市北镇市沟帮子街道沟帮路,21,07,82,截断
锦州北镇青堆子镇青堆街,21,07,82,省略省
北镇街道双塔社区,21,07,82,省略省市
辽宁北镇正安镇正安路,21,07,82,省略市+简称
北镇市北镇街道广宁东络,21,07,82,编辑距离错误
辽宁省营口市站前区建设街道渤海大街,21,08,02,完整
营口市站前区八田地街道少年宫路,21,08,02,截断
营口站前建丰街道建丰街,21,08,02,省略省
建设街道富强社区,21,08,02,省略省市
辽宁站前跃进街道跃进路,21,08,02,省略市+简称
站前区建设街道渤侮大街,21,08,02,同音错误
辽宁省营口市西市区清华街道清华路,21,08,03,完整
营口市西市区五台子街道五台子街,21,08,03,截断
营口西市渔市街道渔市街,21,08,03,省略省
清华街道永强社区,21,08,03,省略省市
辽宁西市得胜街道得胜路,21,08,03,省略市+简称
西市区清华街道清华络,21,08,03,编辑距离错误
辽宁省营口市鲅鱼圈区红海街道蝴蝶泉路,21,08,11,完整
营口市鲅鱼圈区海星街道昆仑大街,21,08,11,截断
营口鲅鱼圈熊岳镇熊岳大街,21,08,11,省略省
红海街道金海社区,21,08,11,省略省市
辽宁鲅鱼圈芦屯镇芦屯路,21,08,11,省略市+简称
鲅鱼圈区红海街道蝴蝶泉络,21,08,11,同音+顺序混乱
辽宁省营口市老边区老边街道龙山大街,21,08,11,完整
营口市老边区路南镇路南街,21,08,11,截断
营口老边柳树镇柳树路,21,08,11,省略省
老边街道宁园社区,21,08,11,省略省市
辽宁老边边城镇边城路,21,08,11,省略市+简称
老边区老边街道龙山大待,21,08,11,编辑距离错误
辽宁省营口市盖州市西城街道大清河街,21,08,81,完整
营口市盖州市东城街道东市路,21,08,81,截断
营口盖州万福镇万福街,21,08,81,省略省
西城街道新兴社区,21,08,81,省略省市
辽宁盖州双台镇双台路,21,08,81,省略市+简称
盖州市西城街道大清河衔,21,08,81,同音错误
辽宁省营口市大石桥市镁都街道青龙山大街,21,08,82,完整
营口市大石桥市钢都街道钢都路,21,08,82,截断
营口大石桥高坎镇高坎街,21,08,82,省略省
镁都街道兴桥社区,21,08,82,省略省市
辽宁大石桥沟沿镇沟沿路,21,08,82,省略市+简称
大石桥市镁都街道青龙山太街,21,08,82,编辑距离错误
辽宁省阜新市海州区和平街道街心路,21,09,02,完整
阜新市海州区西山街道西山路,21,09,02,截断
阜新海州河北街道三纬路,21,09,02,省略省
和平街道育才社区,21,09,02,省略省市
,21,09,02,歧义
辽宁省阜新市新邱区新邱街道新邱大街,21,09,03,完整
阜新市新邱区长营子镇长营子街,21,09,03,截断
阜新新邱街基街道街基路,21,09,03,省略省
新邱街道益民社区,21,09,03,省略省市
辽宁新邱中部街道中部大路,21,09,03,省略市+简称
新邱区新邱街道新邱大待,21,09,03,同音错误
辽宁省阜新市太平区红树街道红树路,21,09,04,完整
阜新市太平区煤海街道煤海街,21,09,04,截断
阜新太平高德街道高德路,21,09,04,省略省
红树街道星光社区,21,09,04,省略省市
,21,09,04,歧义
辽宁省阜新市清河门区清河街道清河大街,21,09,05,完整
阜新市清河门区艾友街道艾友路,21,09,05,截断
阜新清河门河西街道河西街,21,09,05,省略省
清河街道清河园社区,21,09,05,省略省市
辽宁清河门乌龙坝镇乌龙路,21,09,05,省略市+简称
清河门区清河街道清河大待,21,09,05,同音+顺序混乱
辽宁省阜新市细河区玉龙街道玉龙路,21,09,11,完整
阜新市细河区四合镇四合路,21,09,11,截断
阜新细河东苑街道东苑街,21,09,11,省略省
玉龙街道园西社区,21,09,11,省略省市
辽宁细河六家子街道六家子路,21,09,11,省略市+简称
细河区玉龙街道玉龙络,21,09,11,编辑距离错误
辽宁省阜新市阜新蒙古族自治县城区街道人民街,21,09,21,完整
阜新市阜新蒙古族自治县泡子镇泡子街,21,09,21,截断
阜新阜蒙县王府镇王府路,21,09,21,省略省
城区街道强民社区,21,09,21,省略省市
辽宁阜蒙县大五家子镇大五路,21,09,21,省略市+简称
阜新蒙古族自治县城区街道人民衔,21,09,21,同音错误
辽宁省阜新市彰武县彰武镇人民大街,21,09,22,完整
阜新市彰武县哈尔套镇哈尔套街,21,09,22,截断
阜新彰武冯家镇冯家路,21,09,22,省略省
彰武镇百亩园社区,21,09,22,省略省市
辽宁彰武后新秋镇后新秋路,21,09,22,省略市+简称
彰武县彰武镇人民大待,21,09,22,同音+顺序混乱
辽宁省辽阳市白塔区星火街道中华大街,21,10,02,完整
辽阳市白塔区武圣街道武圣路,21,10,02,截断
辽阳白塔南门街道南门街,21,10,02,省略省
星火街道石牌楼社区,21,10,02,省略省市
辽宁白塔襄平街道襄平街,21,10,02,省略市+简称
白塔区星火街道中华大待,21,10,02,同音错误
辽宁省辽阳市文圣区庆阳街道文圣路,21,10,03,完整
辽阳市文圣区武圣街道衍水大街,21,10,03,截断
辽阳文圣小屯镇小屯街,21,10,03,省略省
庆阳街道唐户社区,21,10,03,省略省市
辽宁文圣东京陵街道东京陵路,21,10,03,省略市+简称
文圣区庆阳街道文圣络,21,10,03,编辑距离错误
辽宁省辽阳市宏伟区长征街道健康路,21,10,04,完整
辽阳市宏伟区曙光街道丰乐街,21,10,04,截断
辽阳宏伟工农街道工农街,21,10,04,省略省
长征街道仙鹤社区,21,10,04,省略省市
辽宁宏伟兰家镇兰家路,21,10,04,省略市+简称
宏伟区长征街道健康络,21,10,04,同音+顺序混乱
辽宁省辽阳市弓长岭区团山街道雷锋街,21,10,05,完整
辽阳市弓长岭区安平街道安平路,21,10,05,截断
辽阳弓长岭汤河镇汤河街,21,10,05,省略省
团山街道苏家社区,21,10,05,省略省市
辽宁弓长岭安平乡安平大路,21,10,05,省略市+简称
弓长岭区团山街道雷峰街,21,10,05,同音错误
辽宁省辽阳市太子河区铁西街道铁西路,21,10,11,完整
辽阳市太子河区祁家镇祁家街,21,10,11,截断
辽阳太子河东宁卫乡东宁路,21,10,11,省略省
铁西街道望水社区,21,10,11,省略省市
辽宁太子河沙岭镇沙岭路,21,10,11,省略市+简称
太子河区铁西街道铁西络,21,10,11,编辑距离错误
辽宁省辽阳市辽阳县首山镇人民街,21,10,21,完整
辽阳市辽阳县刘二堡镇刘二堡路,21,10,21,截断
辽阳辽阳隆昌镇隆昌街,21,10,21,省略省
首山镇孔姓社区,21,10,21,省略省市
辽宁辽阳黄泥洼镇黄泥路,21,10,21,省略市+简称
辽阳县首山镇人民衔,21,10,21,同音错误
辽宁省辽阳市灯塔市万宝桥街道兆麟东路,21,10,81,完整
辽阳市灯塔市烟台街道文化街,21,10,81,截断
辽阳灯塔佟二堡镇佟二堡路,21,10,81,省略省
万宝桥街道红阳社区,21,10,81,省略省市
辽宁灯塔铧子镇铧子大路,21,10,81,省略市+简称
灯塔市万宝桥街道兆麟东络,21,10,81,同音+顺序混乱
辽宁省盘锦市双台子区建设街道胜利街,21,11,02,完整
盘锦市双台子区红旗街道渤海路,21,11,02,截断
盘锦双台子化工街道化工街,21,11,02,省略省
建设街道旭东社区,21,11,02,省略省市
辽宁双台子陆家镇陆家路,21,11,02,省略市+简称
双台子区建设街道胜利衔,21,11,02,编辑距离错误
辽宁省盘锦市兴隆台区兴隆街道石油大街,21,11,03,完整
盘锦市兴隆台区创新街道惠宾街,21,11,03,截断
盘锦兴隆振兴街道振兴路,21,11,03,省略省
兴隆街道乐园社区,21,11,03,省略省市
辽宁兴隆台新工街道新工街,21,11,03,省略市+简称
兴隆台区兴隆街道石油大待,21,11,03,同音错误
辽宁省盘锦市大洼区大洼街道西湖路,21,11,04,完整
盘锦市大洼区田家街道田家街,21,11,04,截断
盘锦大洼王家街道王家路,21,11,04,省略省
大洼街道桥南社区,21,11,04,省略省市
辽宁大洼平安镇平安大路,21,11,04,省略市+简称
大洼区大洼街道西湖络,21,11,04,同音+顺序混乱
辽宁省盘锦市盘山县太平街道太平街,21,11,22,完整
盘锦市盘山县高升街道高升路,21,11,22,截断
盘锦盘山胡家镇胡家街,21,11,22,省略省
太平街道新城社区,21,11,22,省略省市
辽宁盘山坝墙子镇坝墙路,21,11,22,省略市+简称
盘山县太平街道太平衔,21,11,22,编辑距离错误
辽宁省铁岭市银州区红旗街道南马路,21,12,02,完整
铁岭市银州区工人街道工人街,21,12,02,截断
铁岭银州岭东街道岭东街,21,12,02,省略省
红旗街道驻跸园社区,21,12,02,省略省市
辽宁银州柴河街道柴河路,21,12,02,省略市+简称
银州区红旗街道南马络,21,12,02,同音错误
辽宁省铁岭市清河区向阳街道清河路,21,12,03,完整
铁岭市清河区红旗街道红烨大街,21,12,03,截断
铁岭清河张相镇张相街,21,12,03,省略省
向阳街道西丰社区,21,12,03,省略省市
辽宁清河杨木林子镇杨木路,21,12,03,省略市+简称
清河区向阳街道清河络,21,12,03,同音+顺序混乱
辽宁省铁岭市铁岭县凡河镇金沙江路,21,12,21,完整
铁岭市铁岭县新台子镇新台路,21,12,21,截断
铁岭铁岭县腰堡镇腰堡街,21,12,21,省略省
凡河镇如意社区,21,12,21,省略省市
辽宁铁岭县阿吉镇阿吉路,21,12,21,省略市+简称
铁岭县凡河镇金沙江络,21,12,21,编辑距离错误
辽宁省铁岭市西丰县西丰镇红旗路,21,12,22,完整
铁岭市西丰县郜家店镇郜家街,21,12,22,截断
铁岭西丰凉泉镇凉泉路,21,12,22,省略省
西丰镇西城社区,21,12,,
内蒙古自治区呼和浩特市新城区成吉思汗大街街道成吉思汗大街1号,15,01,02,完整
呼和浩特市新城区西街街道曙光街社区,15,01,02,省略省
新城区东街街道昭乌达路,15,01,02,省略省市
内蒙新城保合少镇,15,01,02,省略市+简称
内蒙呼市新城成吉思汗大街,15,01,02,同音+顺序混乱
内蒙古自治区呼和浩特市回民区中山西路街道中山西路2号,15,01,03,完整
呼和浩特市回民区通道街街道三顺店社区,15,01,03,省略省
回民区环河街街道新华桥,15,01,03,省略省市
内蒙回民攸攸板镇,15,01,03,省略市+简称
内蒙古自治区呼和浩特市玉泉区兴隆巷街道大南街3号,15,01,04,完整
呼和浩特市玉泉区长和廊街道恒昌社区,15,01,04,省略省
玉泉区昭君路街道小黑河,15,01,04,省略省市
内蒙玉泉小召前街,15,01,04,省略市+简称
内蒙呼市玉泉区昭君路,15,01,04,同音+顺序混乱
内蒙古自治区呼和浩特市赛罕区昭乌达路街道大学东街4号,15,01,05,完整
呼和浩特市赛罕区大学西路街道前进社区,15,01,05,省略省
赛罕区中专路街道敕勒川,15,01,05,省略省市
内蒙赛罕巴彦镇,15,01,05,省略市+简称
内蒙古自治区呼和浩特市土默特左旗察素齐镇全胜路5号,15,01,21,完整
呼和浩特市土默特左旗毕克齐镇青山社区,15,01,21,省略省
土默特左旗白庙子镇潘庄村,15,01,21,省略省市
内蒙土左旗台阁牧镇,15,01,21,省略市+简称
内蒙呼市土默特左旗,15,01,21,同音+顺序混乱
内蒙古自治区呼和浩特市托克托县双河镇东胜大街6号,15,01,22,完整
呼和浩特市托克托县新营子镇光明社区,15,01,22,省略省
托克托县古城镇北台基村,15,01,22,省略省市
内蒙托县五申镇,15,01,22,省略市+简称
内蒙古自治区呼和浩特市和林格尔县城关镇新民街7号,15,01,23,完整
呼和浩特市和林格尔县盛乐镇台基营社区,15,01,23,省略省
和林格尔县大红城乡小缸房村,15,01,23,省略省市
内蒙和林格尔巧什营镇,15,01,23,省略市+简称
内蒙呼市和林格尔县,15,01,23,同音+顺序混乱
内蒙古自治区呼和浩特市清水河县城关镇永安街8号,15,01,24,完整
呼和浩特市清水河县喇嘛湾镇永安社区,15,01,24,省略省
清水河县城关镇杨家窑村,15,01,24,省略省市
内蒙清水河宏河镇,15,01,24,省略市+简称
内蒙古自治区呼和浩特市武川县可可以力更镇迎宾路9号,15,01,25,完整
呼和浩特市武川县哈乐镇东河社区,15,01,25,省略省
武川县西乌兰不浪镇巨宝庄村,15,01,25,省略省市
内蒙武川得胜沟乡,15,01,25,省略市+简称
内蒙呼市武川县,15,01,25,同音+顺序混乱
内蒙古自治区包头市东河区河东街道巴彦塔拉大街1号,15,02,02,完整
包头市东河区南门外街道环城路社区,15,02,02,省略省
东河区回民街道工业北路,15,02,02,省略省市
内蒙东河河东镇,15,02,02,省略市+简称
内蒙古自治区包头市昆都仑区鞍山道街道钢铁大街2号,15,02,03,完整
包头市昆都仑区少先路街道友谊小区,15,02,03,省略省
昆都仑区白云路街道钢铁西路,15,02,03,省略省市
内蒙昆都仑卜尔汉图镇,15,02,03,省略市+简称
内蒙包市昆都仑区,15,02,03,同音+顺序混乱
内蒙古自治区包头市青山区青山路街道文化路3号,15,02,04,完整
包头市青山区自由路街道都兰社区,15,02,04,省略省
青山区科学路街道幸福路,15,02,04,省略省市
内蒙青山兴胜镇,15,02,04,省略市+简称
内蒙古自治区包头市石拐区石拐街道巴达噶尔大街4号,15,02,05,完整
包头市石拐区五当召镇大发社区,15,02,05,省略省
石拐区大德恒街道喜桂图新区,15,02,05,省略省市
内蒙石拐白狐沟街道,15,02,05,省略市+简称
内蒙包市石拐区,15,02,05,同音+顺序混乱
内蒙古自治区包头市白云鄂博矿区通阳道街道稀土大街5号,15,02,06,完整
包头市白云鄂博矿区矿山路街道祥云社区,15,02,06,省略省
白云鄂博矿区百灵街道稀土路,15,02,06,省略省市
内蒙白云矿区通阳道,15,02,06,省略市+简称
内蒙古自治区包头市九原区沙河街道建设路6号,15,02,07,完整
包头市九原区赛汗街道花园社区,15,02,07,省略省
九原区麻池镇韩庆坝村,15,02,07,省略省市
内蒙九原白音席勒街道,15,02,07,省略市+简称
内蒙包市九原区沙河街道,15,02,07,同音+顺序混乱
内蒙古自治区包头市土默特右旗萨拉齐镇太平街7号,15,02,21,完整
包头市土默特右旗美岱召镇团结社区,15,02,21,省略省
土默特右旗沟门镇威俊村,15,02,21,省略省市
内蒙土右旗将军尧镇,15,02,21,省略市+简称
内蒙古自治区包头市固阳县金山镇阿拉塔大街8号,15,02,22,完整
包头市固阳县西斗铺镇科教社区,15,02,22,省略省
固阳县下湿壕镇后脑包村,15,02,22,省略省市
内蒙固阳银号镇,15,02,22,省略市+简称
内蒙包市固阳县,15,02,22,同音+顺序混乱
内蒙古自治区包头市达尔罕茂明安联合旗百灵庙镇达尔罕街9号,15,02,23,完整
包头市达尔罕茂明安联合旗希拉穆仁镇巴音社区,15,02,23,省略省
达尔罕茂明安联合旗满都拉镇巴音哈拉村,15,02,23,省略省市
内蒙达茂旗明安镇,15,02,23,省略市+简称
内蒙古自治区包头市稀土高新区稀土路街道黄河大街10号,15,02,51,完整
包头市稀土高新区万水泉镇滨河社区,15,02,51,省略省
稀土高新区稀土路街道科技路,15,02,51,省略省市
内蒙稀土高新区民馨路街道,15,02,51,省略市+简称
内蒙包市稀土高新区,15,02,51,同音+顺序混乱
内蒙古自治区乌海市海勃湾区凤凰岭街道新华大街1号,15,03,02,完整
乌海市海勃湾区新华西街道海达社区,15,03,02,省略省
海勃湾区滨河街道人民路,15,03,02,省略省市
内蒙海勃湾千里山镇,15,03,02,省略市+简称
内蒙古自治区乌海市海南区拉僧仲街道巴彦乌素大街2号,15,03,03,完整
乌海市海南区西卓子山街道新世纪社区,15,03,03,省略省
海南区公乌素镇利民街,15,03,03,省略省市
内蒙海南西卓子山街道,15,03,03,省略市+简称
内蒙乌市海南区,15,03,03,同音+顺序混乱
内蒙古自治区乌海市乌达区新达街道解放路3号,15,03,04,完整
乌海市乌达区梁家沟街道安居社区,15,03,04,省略省
乌达区五虎山街道解放南路,15,03,04,省略省市
内蒙乌达三道坎街道,15,03,04,省略市+简称
内蒙古自治区赤峰市红山区西屯街道哈达街1号,15,04,02,完整
赤峰市红山区站前街道钢铁社区,15,04,02,省略省
红山区桥北街道清河路,15,04,02,省略省市
内蒙红山文钟镇,15,04,02,省略市+简称
内蒙古自治区赤峰市元宝山区平庄城区街道哈河街2号,15,04,03,完整
赤峰市元宝山区云路街道宝山路社区,15,04,03,省略省
元宝山区平庄镇马蹄营子村,15,04,03,省略省市
内蒙元宝山风水沟镇,15,04,03,省略市+简称
内蒙赤市元宝山区,15,04,03,同音+顺序混乱
内蒙古自治区赤峰市松山区振兴街道玉龙大街3号,15,04,04,完整
赤峰市松山区全宁街道吉祥社区,15,04,04,省略省
松山区穆家营子镇北洼子村,15,04,04,省略省市
内蒙松山太平地镇,15,04,04,省略市+简称
内蒙古自治区赤峰市阿鲁科尔沁旗天山镇汉林路4号,15,04,21,完整
赤峰市阿鲁科尔沁旗天山口镇福星社区,15,04,21,省略省
阿鲁科尔沁旗双胜镇红星村,15,04,21,省略省市
内蒙阿旗坤都镇,15,04,21,省略市+简称
内蒙赤市阿鲁科尔沁旗,15,04,21,同音+顺序混乱
内蒙古自治区赤峰市巴林左旗林东镇沙里街5号,15,04,22,完整
赤峰市巴林左旗十三敖包镇索布嘎社区,15,04,22,省略省
巴林左旗碧流台镇四方城村,15,04,22,省略省市
内蒙巴林左旗隆昌镇,15,04,22,省略市+简称
内蒙古自治区赤峰市巴林右旗大板镇索博日嘎街6号,15,04,23,完整
赤峰市巴林右旗巴彦琥硕镇巴彦社区,15,04,23,省略省
巴林右旗查干诺尔镇羊场村,15,04,23,省略省市
内蒙巴林右旗西拉沐沦苏木,15,04,23,省略市+简称
内蒙赤市巴林右旗,15,04,23,同音+顺序混乱
内蒙古自治区赤峰市林西县城南街道铜都大街7号,15,04,24,完整
赤峰市林西县新林镇东风社区,15,04,24,省略省
林西县官地镇两棵树村,15,04,24,省略省市
内蒙林西大营子乡,15,04,24,省略市+简称
内蒙古自治区赤峰市克什克腾旗经棚镇应昌路8号,15,04,25,完整
赤峰市克什克腾旗同兴镇热水塘社区,15,04,25,省略省
克什克腾旗宇宙地镇三地村,15,04,25,省略省市
内蒙克旗万合永镇,15,04,25,省略市+简称
内蒙赤市克什克腾旗,15,04,25,同音+顺序混乱
内蒙古自治区赤峰市翁牛特旗乌丹镇全宁路9号,15,04,26,完整
赤峰市翁牛特旗乌敦套海镇红山社区,15,04,26,省略省
翁牛特旗桥头镇七大份村,15,04,26,省略省市
内蒙翁旗广德公镇,15,04,26,省略市+简称
内蒙古自治区赤峰市喀喇沁旗锦山镇锦山大街10号,15,04,28,完整
赤峰市喀喇沁旗王爷府镇团结社区,15,04,28,省略省
喀喇沁旗乃林镇南七家村,15,04,28,省略省市
内蒙喀喇沁旗牛家营子镇,15,04,28,省略市+简称
内蒙赤市喀喇沁旗,15,04,28,同音+顺序混乱
内蒙古自治区赤峰市宁城县天义镇哈河大街11号,15,04,29,完整
赤峰市宁城县八里罕镇富家社区,15,04,29,省略省
宁城县大城子镇瓦北村,15,04,29,省略省市
内蒙宁城汐子镇,15,04,29,省略市+简称
内蒙古自治区赤峰市敖汉旗新惠镇新惠路12号,15,04,30,完整
赤峰市敖汉旗下洼镇康家社区,15,04,30,省略省
敖汉旗四家子镇五马沟村,15,04,30,省略省市
内蒙敖汉旗贝子府镇,15,04,30,省略市+简称
内蒙赤市敖汉旗,15,04,30,同音+顺序混乱
内蒙古自治区通辽市科尔沁区西门街道霍林河大街1号,15,05,02,完整
通辽市科尔沁区永清街道民航社区,15,05,02,省略省
科尔沁区明仁街道中心大街,15,05,02,省略省市
内蒙科尔沁大林镇,15,05,02,省略市+简称
内蒙古自治区通辽市霍林郭勒市莫斯台街道珠斯花大街2号,15,05,81,完整
通辽市霍林郭勒市沙尔呼热街道鑫龙社区,15,05,81,省略省
霍林郭勒市达来胡硕苏木查格达村,15,05,81,省略省市
内蒙霍林郭勒宝日呼吉尔街道,15,05,81,省略市+简称
内蒙通市霍林郭勒市,15,05,81,同音+顺序混乱
内蒙古自治区通辽市科尔沁左翼中旗保康镇科尔沁大街3号,15,05,21,完整
通辽市科尔沁左翼中旗舍伯吐镇富民社区,15,05,21,省略省
科尔沁左翼中旗花吐古拉镇北骆驼村,15,05,21,省略省市
内蒙科左中旗架玛吐镇,15,05,21,省略市+简称
内蒙古自治区通辽市科尔沁左翼后旗甘旗卡镇玛拉沁街4号,15,05,22,完整
通辽市科尔沁左翼后旗金宝屯镇铁东社区,15,05,22,省略省
科尔沁左翼后旗吉尔嘎朗镇敖都勒台村,15,05,22,省略省市
内蒙科左后旗阿古拉镇,15,05,22,省略市+简称
内蒙通市科尔沁左翼后旗,15,05,22,同音+顺序混乱
内蒙古自治区通辽市开鲁县开鲁镇民主街5号,15,05,23,完整
通辽市开鲁县小街基镇和平社区,15,05,23,省略省
开鲁县麦新镇林富村,15,05,23,省略省市
内蒙开鲁东风镇,15,05,23,省略市+简称
内蒙古自治区通辽市库伦旗库伦镇中心街6号,15,05,24,完整
通辽市库伦旗扣河子镇南山社区,15,05,24,省略省
库伦旗六家子镇吉利洼村,15,05,24,省略省市
内蒙库伦旗额勒顺镇,15,05,24,省略市+简称
内蒙通市库伦旗,15,05,24,同音+顺序混乱
内蒙古自治区通辽市奈曼旗大沁他拉镇青龙山路7号,15,05,25,完整
通辽市奈曼旗八仙筒镇和谐社区,15,05,25,省略省
奈曼旗青龙山镇莫家湾子村,15,05,25,省略省市
内蒙奈曼旗义隆永镇,15,05,25,省略市+简称
内蒙古自治区通辽市扎鲁特旗鲁北镇黄山街8号,15,05,26,完整
通辽市扎鲁特旗黄花山镇富丽社区,15,05,26,省略省
扎鲁特旗嘎亥图镇尼玛拉吉村,15,05,26,省略省市
内蒙扎鲁特旗香山镇,15,05,26,省略市+简称
内蒙通市扎鲁特旗,15,05,26,同音+顺序混乱
内蒙古自治区鄂尔多斯市东胜区交通街道鄂尔多斯大街1号,15,06,02,完整
鄂尔多斯市东胜区公园街道育才社区,15,06,02,省略省
东胜区建设街道鄂尔多斯东街,15,06,02,省略省市
内蒙东胜铜川镇,15,06,02,省略市+简称
内蒙古自治区鄂尔多斯市康巴什区滨河街道乌兰木伦街2号,15,06,03,完整
鄂尔多斯市康巴什区青春山街道恩和社区,15,06,03,省略省
康巴什区哈巴格希街道乌兰木伦湖,15,06,03,省略省市
内蒙康巴什统筹城乡发展园区,15,06,03,省略市+简称
内蒙鄂市康巴什区,15,06,03,同音+顺序混乱
内蒙古自治区鄂尔多斯市达拉特旗树林召镇锡尼街3号,15,06,21,完整
鄂尔多斯市达拉特旗白泥井镇新华社区,15,06,21,省略省
达拉特旗王爱召镇生成永村,15,06,21,省略省市
内蒙达旗吉格斯太镇,15,06,21,省略市+简称
内蒙古自治区鄂尔多斯市准格尔旗薛家湾镇准格尔路4号,15,06,22,完整
鄂尔多斯市准格尔旗沙圪堵镇富民社区,15,06,22,省略省
准格尔旗大路镇小滩子村,15,06,22,省略省市
内蒙准旗布尔陶亥苏木,15,06,22,省略市+简称
内蒙鄂市准格尔旗,15,06,22,同音+顺序混乱
内蒙古自治区鄂尔多斯市鄂托克前旗敖勒召其镇玛拉迪街5号,15,06,23,完整
鄂尔多斯市鄂托克前旗上海庙镇布拉格社区,15,06,23,省略省
鄂托克前旗昂素镇巴彦乌素村,15,06,23,省略省市
内蒙鄂前旗城川镇,15,06,23,省略市+简称
内蒙古自治区鄂尔多斯市鄂托克旗乌兰镇布日都路6号,15,06,24,完整
鄂尔多斯市鄂托克旗棋盘井镇乌珠尔社区,15,06,24,省略省
鄂托克旗蒙西镇碱柜村,15,06,24,省略省市
内蒙鄂旗阿尔巴斯苏木,15,06,24,省略市+简称
内蒙鄂市鄂托克旗,15,06,24,同音+顺序混乱
内蒙古自治区鄂尔多斯市杭锦旗锡尼镇百灵路7号,15,06,25,完整
鄂尔多斯市杭锦旗巴拉贡镇向阳社区,15,06,25,省略省
杭锦旗伊和乌素苏木巴音孟和村,15,06,25,省略省市
内蒙杭锦旗吉日嘎朗图镇,15,06,25,省略市+简称
内蒙古自治区鄂尔多斯市乌审旗嘎鲁图镇萨拉乌苏街8号,15,06,26,完整
鄂尔多斯市乌审旗图克镇梅林社区,15,06,26,省略省
乌审旗无定河镇河南村,15,06,26,省略省市
内蒙乌审旗乌兰陶勒盖镇,15,06,26,省略市+简称
内蒙鄂市乌审旗,15,06,26,同音+顺序混乱
内蒙古自治区鄂尔多斯市伊金霍洛旗阿勒腾席热镇札萨克街9号,15,06,27,完整
鄂尔多斯市伊金霍洛旗乌兰木伦镇布尔台社区,15,06,27,省略省
伊金霍洛旗红庆河镇哈达图淖尔村,15,06,27,省略省市
内蒙伊旗札萨克镇,15,06,27,省略市+简称
内蒙古自治区呼伦贝尔市海拉尔区正阳街道中央街1号,15,07,02,完整
呼伦贝尔市海拉尔区胜利街道伊敏社区,15,07,02,省略省
海拉尔区靠山街道木兰街,15,07,02,省略省市
内蒙海拉尔奋斗镇,15,07,02,省略市+简称
内蒙古自治区呼伦贝尔市扎赉诺尔区第三街道人民路2号,15,07,03,完整
呼伦贝尔市扎赉诺尔区灵泉街道新兴社区,15,07,03,省略省
扎赉诺尔区第四街道解放路,15,07,03,省略省市
内蒙扎赉诺尔灵泉街道,15,07,03,省略市+简称
内蒙呼市扎赉诺尔区,15,07,03,同音+顺序混乱
内蒙古自治区呼伦贝尔市阿荣旗那吉镇中央街3号,15,07,21,完整
呼伦贝尔市阿荣旗亚东镇太平庄社区,15,07,21,省略省
阿荣旗霍尔奇镇莫尔顶村,15,07,21,省略省市
内蒙阿荣旗六合镇,15,07,21,省略市+简称
内蒙古自治区呼伦贝尔市莫力达瓦达斡尔族自治旗尼尔基镇纳文东大街4号,15,07,22,完整
呼伦贝尔市莫力达瓦达斡尔族自治旗宝山镇万发社区,15,07,22,省略省
莫力达瓦达斡尔族自治旗腾克镇巴卡哈村,15,07,22,省略省市
内蒙莫旗阿尔拉镇,15,07,22,省略市+简称
内蒙呼市莫力达瓦达斡尔族自治旗,15,07,22,同音+顺序混乱
内蒙古自治区呼伦贝尔市鄂伦春自治旗阿里河镇中央街5号,15,07,23,完整
呼伦贝尔市鄂伦春自治旗大杨树镇桥东社区,15,07,23,省略省
鄂伦春自治旗吉文镇光明村,15,07,23,省略省市
内蒙鄂伦春旗克一河镇,15,07,23,省略市+简称
内蒙古自治区呼伦贝尔市鄂温克族自治旗巴彦托海镇中央街6号,15,07,24,完整
呼伦贝尔市鄂温克族自治旗伊敏河镇滨河社区,15,07,24,省略省
鄂温克族自治旗红花尔基镇敖包山村,15,07,24,省略省市
内蒙鄂温克旗锡尼河镇,15,07,24,省略市+简称
内蒙呼市鄂温克族自治旗,15,07,24,同音+顺序混乱
内蒙古自治区呼伦贝尔市陈巴尔虎旗巴彦库仁镇巴尔虎街7号,15,07,25,完整
呼伦贝尔市陈巴尔虎旗宝日希勒镇巴彦社区,15,07,25,省略省
陈巴尔虎旗呼和诺尔镇哈腾胡硕村,15,07,25,省略省市
内蒙陈旗西乌珠尔苏木,15,07,25,省略市+简称
内蒙古自治区呼伦贝尔市新巴尔虎左旗阿木古郎镇阿尔山街8号,15,07,26,完整
呼伦贝尔市新巴尔虎左旗嵯岗镇伊和乌拉社区,15,07,26,省略省
新巴尔虎左旗甘珠尔苏木巴音宝力格村,15,07,26,省略省市
内蒙新左旗罕达盖苏木,15,07,26,省略市+简称
内蒙呼市新巴尔虎左旗,15,07,26,同音+顺序混乱
内蒙古自治区呼伦贝尔市新巴尔虎右旗阿拉坦额莫勒镇乌尔逊街9号,15,07,27,完整
呼伦贝尔市新巴尔虎右旗阿日哈沙特镇克尔伦社区,15,07,27,省略省
新巴尔虎右旗贝尔苏木布达图村,15,07,27,省略省市
内蒙新右旗呼伦镇,15,07,27,省略市+简称
内蒙古自治区呼伦贝尔市满洲里市东山街道二道街10号,15,07,81,完整
呼伦贝尔市满洲里市北区街道海关社区,15,07,81,省略省
满洲里市扎赉诺尔区灵泉街道新开河,15,07,81,省略省市
内蒙满洲里新开河镇,15,07,81,省略市+简称
内蒙呼市满洲里市,15,07,81,同音+顺序混乱
内蒙古自治区呼伦贝尔市牙克石市新工街道兴安街11号,15,07,82,完整
呼伦贝尔市牙克石市红旗街道青松社区,15,07,82,省略省
牙克石市免渡河镇丰收村,15,07,82,省略省市
内蒙牙克石乌尔其汉镇,15,07,82,省略市+简称
内蒙古自治区呼伦贝尔市扎兰屯市兴华街道布特哈北路12号,15,07,83,完整
呼伦贝尔市扎兰屯市繁荣街道永安社区,15,07,83,省略省
扎兰屯市成吉思汗镇和平村,15,07,83,省略省市
内蒙扎兰屯蘑菇气镇,15,07,83,省略市+简称
内蒙呼市扎兰屯市,15,07,83,同音+顺序混乱
内蒙古自治区呼伦贝尔市额尔古纳市拉布大林街道哈撒尔路13号,15,07,84,完整
呼伦贝尔市额尔古纳市上库力街道恩和社区,15,07,84,省略省
额尔古纳市莫尔道嘎镇太平村,15,07,84,省略省市
内蒙额尔古纳黑山头镇,15,07,84,省略市+简称
内蒙古自治区呼伦贝尔市根河市河东街道中央街14号,15,07,85,完整
呼伦贝尔市根河市森工街道林海社区,15,07,85,省略省
根河市金河镇得耳布尔村,15,07,85,省略省市
内蒙根河阿龙山镇,15,07,85,省略市+简称
内蒙呼市根河市,15,07,85,同音+顺序混乱
内蒙古自治区巴彦淖尔市临河区团结街道新华街1号,15,08,02,完整
巴彦淖尔市临河区先锋街道新丰社区,15,08,02,省略省
临河区解放街道胜利南路,15,08,02,省略省市
内蒙临河双河镇,15,08,02,省略市+简称
内蒙古自治区巴彦淖尔市五原县隆兴昌镇前进街2号,15,08,21,完整
巴彦淖尔市五原县塔尔湖镇复兴社区,15,08,21,省略省
五原县天吉泰镇天吉太村,15,08,21,省略省市
内蒙五原套海镇,15,08,21,省略市+简称
内蒙巴市五原县,15,08,21,同音+顺序混乱
内蒙古自治区巴彦淖尔市磴口县巴彦高勒镇和平路3号,15,08,22,完整
巴彦淖尔市磴口县补隆淖镇友谊社区,15,08,22,省略省
磴口县渡口镇新地村,15,08,22,省略省市
内蒙磴口隆盛合镇,15,08,22,省略市+简称
内蒙古自治区巴彦淖尔市乌拉特前旗乌拉山镇红旗大街4号,15,08,23,完整
巴彦淖尔市乌拉特前旗大佘太镇忠厚社区,15,08,23,省略省
乌拉特前旗西小召镇邓存店村,15,08,23,省略省市
内蒙乌前旗新安镇,15,08,23,省略市+简称
内蒙巴市乌拉特前旗,15,08,23,同音+顺序混乱
内蒙古自治区巴彦淖尔市乌拉特中旗海流图镇哈太路5号,15,08,24,完整
巴彦淖尔市乌拉特中旗乌加河镇联丰社区,15,08,24,省略省
乌拉特中旗德岭山镇四义堂村,15,08,24,省略省市
内蒙乌中旗石哈河镇,15,08,24,省略市+简称
内蒙古自治区巴彦淖尔市乌拉特后旗巴音宝力格镇赛乌素路6号,15,08,25,完整
巴彦淖尔市乌拉特后旗呼和温都尔镇广林社区,15,08,25,省略省
乌拉特后旗获各琦苏木乌宝力格村,15,08,25,省略省市
内蒙乌后旗东升庙镇,15,08,25,省略市+简称
内蒙巴市乌拉特后旗,15,08,25,同音+顺序混乱
内蒙古自治区巴彦淖尔市杭锦后旗陕坝镇中山路7号,15,08,26,完整
巴彦淖尔市杭锦后旗三道桥镇众诚社区,15,08,26,省略省
杭锦后旗头道桥镇民建村,15,08,26,省略省市
内蒙杭后团结镇,15,08,26,省略市+简称
内蒙古自治区乌兰察布市集宁区新体路街道恩和路1号,15,09,02,完整
乌兰察布市集宁区桥西街道北官房社区,15,09,02,省略省
集宁区泉山街道杜尔伯特街,15,09,02,省略省市
内蒙集宁马莲渠乡,15,09,02,省略市+简称
内蒙古自治区乌兰察布市卓资县卓资山镇同乐街2号,15,09,21,完整
乌兰察布市卓资县旗下营镇伏虎社区,15,09,21,省略省
卓资县梨花镇狮子沟村,15,09,21,省略省市
内蒙卓资十八台镇,15,09,21,省略市+简称
内蒙乌市卓资县,15,09,21,同音+顺序混乱
内蒙古自治区乌兰察布市化德县长顺镇长春街3号,15,09,22,完整
乌兰察布市化德县朝阳镇德善社区,15,09,22,省略省
化德县七号镇白头山村,15,09,22,省略省市
内蒙化德德包图乡,15,09,22,省略市+简称
内蒙古自治区乌兰察布市商都县城关镇新民街4号,15,09,23,完整
乌兰察布市商都县十八顷镇董家社区,15,09,23,省略省
商都县大黑沙土镇东坊子村,15,09,23,省略省市
内蒙商都屯垦队镇,15,09,23,省略市+简称
内蒙乌市商都县,15,09,23,同音+顺序混乱
内蒙古自治区乌兰察布市兴和县城关镇兴达路5号,15,09,24,完整
乌兰察布市兴和县张皋镇二台子社区,15,09,24,省略省
兴和县赛乌素镇杏花村,15,09,24,省略省市
内蒙兴和鄂尔栋镇,15,09,24,省略市+简称
内蒙古自治区乌兰察布市凉城县鸿茅镇参合路6号,15,09,25,完整
乌兰察布市凉城县六苏木镇刘家夭社区,15,09,25,省略省
凉城县麦胡图镇陈家梁村,15,09,25,省略省市
内蒙凉城蛮汉镇,15,09,25,省略市+简称
内蒙乌市凉城县,15,09,25,同音+顺序混乱
内蒙古自治区乌兰察布市察哈尔右翼前旗土贵乌拉镇解放路7号,15,09,26,完整
乌兰察布市察哈尔右翼前旗平地泉镇万和社区,15,09,26,省略省
察哈尔右翼前旗玫瑰营镇弓沟村,15,09,26,省略省市
内蒙察右前旗巴音塔拉镇,15,09,26,省略市+简称
内蒙古自治区乌兰察布市察哈尔右翼中旗科布尔镇察哈尔街8号,15,09,27,完整
乌兰察布市察哈尔右翼中旗铁沙盖镇大马库联社区,15,09,27,省略省
察哈尔右翼中旗广益隆镇后卜子村,15,09,27,省略省市
内蒙察右中旗乌素图镇,15,09,27,省略市+简称
内蒙乌市察哈尔右翼中旗,15,09,27,同音+顺序混乱
内蒙古自治区乌兰察布市察哈尔右翼后旗白音察干镇繁荣街9号,15,09,28,完整
乌兰察布市察哈尔右翼后旗土牧尔台镇绿洲社区,15,09,28,省略省
察哈尔右翼后旗红格尔图镇大小沟村,15,09,28,省略省市
内蒙察右后旗贲红镇,15,09,28,省略市+简称
内蒙古自治区乌兰察布市四子王旗乌兰花镇和平路10号,15,09,29,完整
乌兰察布市四子王旗吉生太镇富康社区,15,09,29,省略省
四子王旗库伦图镇三元井村,15,09,29,省略省市
内蒙四子王旗供济堂镇,15,09,29,省略市+简称
内蒙乌市四子王旗,15,09,29,同音+顺序混乱
内蒙古自治区乌兰察布市丰镇市旧城区街道顺城街11号,15,09,81,完整
乌兰察布市丰镇市工业区街道北光社区,15,09,81,省略省
丰镇市隆盛庄镇西夭村,15,09,81,省略省市
内蒙丰镇黑土台镇,15,09,81,省略市+简称
内蒙古自治区兴安盟乌兰浩特市城郊街道查干街1号,15,22,01,完整
兴安盟乌兰浩特市爱国街道胜利社区,15,22,01,省略省
乌兰浩特市葛根庙镇哈达那拉嘎查,15,22,01,省略省市
内蒙乌兰浩特太本站镇,15,22,01,省略市+简称
内蒙兴安盟乌兰浩特市,15,22,01,同音+顺序混乱
内蒙古自治区兴安盟阿尔山市林海街道温泉街2号,15,22,02,完整
兴安盟阿尔山市温泉街道河滨社区,15,22,02,省略省
阿尔山市明水河镇西口村,15,22,02,省略省市
内蒙阿尔山伊尔施街道,15,22,02,省略市+简称
内蒙古自治区兴安盟科尔沁右翼前旗科尔沁镇府前街3号,15,22,21,完整
兴安盟科尔沁右翼前旗归流河镇永进社区,15,22,21,省略省
科尔沁右翼前旗大石寨镇猛鹫村,15,22,21,省略省市
内蒙科右前旗察尔森镇,15,22,21,省略市+简称
内蒙兴安盟科尔沁右翼前旗,15,22,21,同音+顺序混乱
内蒙古自治区兴安盟科尔沁右翼中旗巴彦呼舒镇霍林河大街4号,15,22,22,完整
兴安盟科尔沁右翼中旗高力板镇呼和社区,15,22,22,省略省
科尔沁右翼中旗杜尔基镇雅玛图村,15,22,22,省略省市
内蒙科右中旗吐列毛杜镇,15,22,22,省略市+简称
内蒙古自治区兴安盟扎赉特旗音德尔镇神山街5号,15,22,23,完整
兴安盟扎赉特旗新林镇山林社区,15,22,23,省略省
扎赉特旗巴彦乌兰苏木敖宝图嘎查,15,22,23,省略省市
内蒙扎赉特旗好力保镇,15,22,23,省略市+简称
内蒙兴安盟扎赉特旗,15,22,23,同音+顺序混乱
内蒙古自治区兴安盟突泉县突泉镇新华路6号,15,22,24,完整
兴安盟突泉县六户镇向阳社区,15,22,24,省略省
突泉县水泉镇光辉村,15,22,24,省略省市
内蒙突泉太平乡,15,22,24,省略市+简称
内蒙古自治区锡林郭勒盟二连浩特市乌兰街道友谊路1号,15,25,01,完整
锡林郭勒盟二连浩特市东城街道北疆社区,15,25,01,省略省
二连浩特市格日勒敖都苏木呼格吉勒图嘎查,15,25,01,省略省市
内蒙二连浩特额仁淖尔苏木,15,25,01,省略市+简称
内蒙锡盟二连浩特市,15,25,01,同音+顺序混乱
内蒙古自治区锡林郭勒盟锡林浩特市希日塔拉街道察哈尔街2号,15,25,02,完整
锡林郭勒盟锡林浩特市楚古兰街道花园社区,15,25,02,省略省
锡林浩特市巴彦查干街道贝子庙街,15,25,02,省略省市
内蒙锡林浩特宝力根苏木,15,25,02,省略市+简称
内蒙古自治区锡林郭勒盟阿巴嘎旗别力古台镇汉贝路3号,15,25,22,完整
锡林郭勒盟阿巴嘎旗洪格尔高勒镇伊和社区,15,25,22,省略省
阿巴嘎旗那仁宝拉格苏木巴彦敖包嘎查,15,25,22,省略省市
内蒙阿巴嘎旗查干淖尔镇,15,25,22,省略市+简称
内蒙锡盟阿巴嘎旗,15,25,22,同音+顺序混乱
内蒙古自治区锡林郭勒盟苏尼特左旗满都拉图镇达日罕街4号,15,25,23,完整
锡林郭勒盟苏尼特左旗巴彦淖尔镇巴彦昌社区,15,25,23,省略省
苏尼特左旗查干敖包镇乌日根塔拉嘎查,15,25,23,省略省市
内蒙苏尼特左旗巴彦乌拉苏木,15,25,23,省略市+简称
内蒙古自治区锡林郭勒盟苏尼特右旗赛汉塔拉镇赛汉大街5号,15,25,24,完整
锡林郭勒盟苏尼特右旗朱日和镇哈登社区,15,25,24,省略省
苏尼特右旗乌日根塔拉镇额很乌苏嘎查,15,25,24,省略省市
内蒙苏尼特右旗桑宝拉格苏木,15,25,24,省略市+简称
内蒙锡盟苏尼特右旗,15,25,24,同音+顺序混乱
内蒙古自治区锡林郭勒盟东乌珠穆沁旗乌里雅斯太镇乌珠穆沁大街6号,15,25,25,完整
锡林郭勒盟东乌珠穆沁旗嘎达布其镇呼布钦社区,15,25,25,省略省
东乌珠穆沁旗额吉淖尔镇哈日阿图嘎查,15,25,25,省略省市
内蒙东乌旗道特淖尔镇,15,25,25,省略市+简称
内蒙古自治区锡林郭勒盟西乌珠穆沁旗巴拉嘎尔高勒镇巴拉嘎尔街7号,15,25,26,完整
锡林郭勒盟西乌珠穆沁旗吉仁高勒镇宝拉格社区,15,25,26,省略省
西乌珠穆沁旗浩勒图高勒镇巴彦宝拉格嘎查,15,25,26,省略省市
内蒙西乌旗高日罕镇,15,25,26,省略市+简称
内蒙锡盟西乌珠穆沁旗,15,25,26,同音+顺序混乱
内蒙古自治区锡林郭勒盟太仆寺旗宝昌镇解放街8号,15,25,27,完整
锡林郭勒盟太仆寺旗千斤沟镇三结社区,15,25,27,省略省
太仆寺旗红旗镇友谊村,15,25,27,省略省市
内蒙太仆寺旗骆驼山镇,15,25,27,省略市+简称
内蒙古自治区锡林郭勒盟镶黄旗新宝拉格镇宝拉格街9号,15,25,28,完整
锡林郭勒盟镶黄旗巴彦塔拉镇额日敦社区,15,25,28,省略省
镶黄旗翁贡乌拉苏木宝格达音高勒嘎查,15,25,28,省略省市
内蒙镶黄旗宝格达音高勒苏木,15,25,28,省略市+简称
内蒙锡盟镶黄旗,15,25,28,同音+顺序混乱
内蒙古自治区锡林郭勒盟正镶白旗明安图镇朝格温都尔街10号,15,25,29,完整
锡林郭勒盟正镶白旗星耀镇查干淖尔社区,15,25,29,省略省
正镶白旗伊和淖尔苏木宝日陶勒盖嘎查,15,25,29,省略省市
内蒙正镶白旗宝拉根陶海苏木,15,25,29,省略市+简称
内蒙古自治区阿拉善盟阿拉善左旗巴彦浩特镇土尔扈特大街1号,15,29,21,完整
阿拉善盟阿拉善左旗宗别立镇乌兰社区,15,29,21,省略省
阿拉善左旗吉兰泰镇巴彦乌拉嘎查,15,29,21,省略省市
内蒙阿左旗腾格里额里斯镇,15,29,21,省略市+简称
内蒙阿盟阿拉善左旗,15,29,21,同音+顺序混乱
内蒙古自治区阿拉善盟阿拉善右旗巴丹吉林镇曼德拉路2号,15,29,22,完整
阿拉善盟阿拉善右旗雅布赖镇巴丹吉林社区,15,29,22,省略省
阿拉善右旗阿拉腾敖包镇查干通格嘎查,15,29,22,省略省市
内蒙阿右旗曼德拉苏木,15,29,22,省略市+简称
内蒙古自治区阿拉善盟额济纳旗达来呼布镇居延路3号,15,29,23,完整
阿拉善盟额济纳旗东风镇赛汉桃来社区,15,29,23,省略省
额济纳旗马鬃山苏木苏海布拉格嘎查,15,29,23,省略省市
内蒙额济纳旗哈日布日格德音乌拉镇,15,29,23,省略市+简称
内蒙阿盟额济纳旗,15,29,23,同音+顺序混乱
山东省济南市历下区解放路街道解放路36号,37,01,02,完整
济南市历下区解放路街道解放路36号,37,01,02,省略省
历下区解放路街道解放路36号,37,01,02,省略省市
山东历下解放路街道解放路36号,37,01,02,省略市+简称
解放路街道历下区济南市山东省解放路36号,37,01,02,顺序混乱
解fang路街道历下区济南市山东省解放路36号,37,01,02,同音+顺序混乱
山东省济南市市中区杆石桥街道经七路88号,37,01,03,完整
济南市市中区杆石桥街道经七路88号,37,01,03,省略省
杆石桥街道经七路88号,37,01,03,省略省市
山东市中杆石桥街道经七路88号,37,01,03,省略市+简称
杆石桥街道市中区济南市山东省经七路88号,37,01,03,顺序混乱
市中区杆石桥街道经七路88号,37,01,03,同音错误
市中区杆石桥街道,37,01,03,歧义
市中区,37,01,03,歧义
山东省济南市槐荫区兴福街道经十路199号,37,01,04,完整
济南市槐荫区兴福街道经十路199号,37,01,04,省略省
槐荫区兴福街道经十路199号,37,01,04,省略省市
山东槐荫兴福街道经十路199号,37,01,04,省略市+简称
兴福街道槐荫区济南市山东省经十路199号,37,01,04,顺序混乱
槐荫区兴福街道经十路199号,37,01,04,编辑距离错误
山东省济南市天桥区无影山街道无影山路12号,37,01,05,完整
济南市天桥区无影山街道无影山路12号,37,01,05,省略省
天桥区无影山街道无影山路12号,37,01,05,省略省市
山东天桥无影山街道无影山路12号,37,01,05,省略市+简称
无影山街道天桥区济南市山东省无影山路12号,37,01,05,顺序混乱
天桥区无影山街道无影山路12号,37,01,05,同音错误
山东省济南市历城区山大路街道山大路256号,37,01,12,完整
济南市历城区山大路街道山大路256号,37,01,12,省略省
历城区山大路街道山大路256号,37,01,12,省略省市
山东历城山大路街道山大路256号,37,01,12,省略市+简称
山大路街道历城区济南市山东省山大路256号,37,01,12,顺序混乱
历城区山大路街道山大路256号,37,01,12,同音+顺序混乱
山东省济南市长清区文昌街道清河街78号,37,01,13,完整
济南市长清区文昌街道清河街78号,37,01,13,省略省
长清区文昌街道清河街78号,37,01,13,省略省市
山东长清文昌街道清河街78号,37,01,13,省略市+简称
文昌街道长清区济南市长清区清河街78号,37,01,13,顺序混乱
长清区文昌街道清河街78号,37,01,13,编辑距离错误
山东省济南市章丘区明水街道汇泉路101号,37,01,14,完整
济南市章丘区明水街道汇泉路101号,37,01,14,省略省
章丘区明水街道汇泉路101号,37,01,14,省略省市
山东章丘明水街道汇泉路101号,37,01,14,省略市+简称
明水街道章丘区济南市山东省汇泉路101号,37,01,14,顺序混乱
章丘区明水街道汇泉路101号,37,01,14,同音错误
山东省济南市济阳区济阳街道开元大街55号,37,01,15,完整
济南市济阳区济阳街道开元大街55号,37,01,15,省略省
济阳区济阳街道开元大街55号,37,01,15,省略省市
山东济阳济阳街道开元大街55号,37,01,15,省略市+简称
济阳街道济阳区济南市山东省开元大街55号,37,01,15,顺序混乱
济阳区济阳街道开元大街55号,37,01,15,编辑距离错误
山东省济南市莱芜区凤城街道文化北路66号,37,01,16,完整
济南市莱芜区凤城街道文化北路66号,37,01,16,省略省
莱芜区凤城街道文化北路66号,37,01,16,省略省市
山东莱芜凤城街道文化北路66号,37,01,16,省略市+简称
凤城街道莱芜区济南市山东省文化北路66号,37,01,16,顺序混乱
莱芜区凤城街道文化北路66号,37,01,16,同音+顺序混乱
山东省济南市钢城区艾山街道钢都大街33号,37,01,17,完整
济南市钢城区艾山街道钢都大街33号,37,01,17,省略省
钢城区艾山街道钢都大街33号,37,01,17,省略省市
山东钢城艾山街道钢都大街33号,37,01,17,省略市+简称
艾山街道钢城区济南市山东省钢都大街33号,37,01,17,顺序混乱
钢城区艾山街道钢都大街33号,37,01,17,编辑距离错误
山东省济南市平阴县榆山街道翠屏街21号,37,01,24,完整
济南市平阴县榆山街道翠屏街21号,37,01,24,省略省
平阴县榆山街道翠屏街21号,37,01,24,省略省市
山东平阴榆山街道翠屏街21号,37,01,24,省略市+简称
榆山街道平阴县济南市山东省翠屏街21号,37,01,24,顺序混乱
平阴县榆山街道翠屏街21号,37,01,24,同音错误
山东省济南市商河县许商街道明辉路18号,37,01,26,完整
济南市商河县许商街道明辉路18号,37,01,26,省略省
商河县许商街道明辉路18号,37,01,26,省略省市
山东商河许商街道明辉路18号,37,01,26,省略市+简称
许商街道商河县济南市山东省明辉路18号,37,01,26,顺序混乱
商河县许商街道明辉路18号,37,01,26,编辑距离错误
山东省青岛市市南区香港中路街道香港中路100号,37,02,02,完整
青岛市市南区香港中路街道香港中路100号,37,02,02,省略省
市南区香港中路街道香港中路100号,37,02,02,省略省市
山东市南香港中路街道香港中路100号,37,02,02,省略市+简称
香港中路街道市南区青岛市山东省香港中路100号,37,02,02,顺序混乱
市南区香港中路街道香港中路100号,37,02,02,同音错误
山东省青岛市市北区敦化路街道敦化路58号,37,02,03,完整
青岛市市北区敦化路街道敦化路58号,37,02,03,省略省
市北区敦化路街道敦化路58号,37,02,03,省略省市
山东市北敦化路街道敦化路58号,37,02,03,省略市+简称
敦化路街道市北区青岛市山东省敦化路58号,37,02,03,顺序混乱
市北区敦化路街道敦化路58号,37,02,03,编辑距离错误
山东省青岛市黄岛区隐珠街道双珠路120号,37,02,11,完整
青岛市黄岛区隐珠街道双珠路120号,37,02,11,省略省
黄岛区隐珠街道双珠路120号,37,02,11,省略省市
山东黄岛隐珠街道双珠路120号,37,02,11,省略市+简称
隐珠街道黄岛区青岛市山东省双珠路120号,37,02,11,顺序混乱
黄岛区隐珠街道双珠路120号,37,02,11,同音+顺序混乱
山东省青岛市崂山区金家岭街道仙霞岭路9号,37,02,12,完整
青岛市崂山区金家岭街道仙霞岭路9号,37,02,12,省略省
崂山区金家岭街道仙霞岭路9号,37,02,12,省略省市
山东崂山金家岭街道仙霞岭路9号,37,02,12,省略市+简称
金家岭街道崂山区青岛市山东省仙霞岭路9号,37,02,12,顺序混乱
崂山区金家岭街道仙霞岭路9号,37,02,12,编辑距离错误
山东省青岛市李沧区李村街道夏庄路77号,37,02,13,完整
青岛市李沧区李村街道夏庄路77号,37,02,13,省略省
李沧区李村街道夏庄路77号,37,02,13,省略省市
山东李沧李村街道夏庄路77号,37,02,13,省略市+简称
李村街道李沧区青岛市山东省夏庄路77号,37,02,13,顺序混乱
李沧区李村街道夏庄路77号,37,02,13,同音错误
山东省青岛市城阳区城阳街道正阳中路50号,37,02,14,完整
青岛市城阳区城阳街道正阳中路50号,37,02,14,省略省
城阳区城阳街道正阳中路50号,37,02,14,省略省市
山东城阳城阳街道正阳中路50号,37,02,14,省略市+简称
城阳街道城阳区青岛市山东省正阳中路50号,37,02,14,顺序混乱
城阳区城阳街道正阳中路50号,37,02,14,编辑距离错误
山东省青岛市即墨区通济街道振华街62号,37,02,15,完整
青岛市即墨区通济街道振华街62号,37,02,15,省略省
即墨区通济街道振华街62号,37,02,15,省略省市
山东即墨通济街道振华街62号,37,02,15,省略市+简称
通济街道即墨区青岛市山东省振华街62号,37,02,15,顺序混乱
即墨区通济街道振华街62号,37,02,15,同音+顺序混乱
山东省青岛市胶州市三里河街道北京路18号,37,02,81,完整
青岛市胶州市三里河街道北京路18号,37,02,81,省略省
胶州市三里河街道北京路18号,37,02,81,省略省市
山东胶州三里河街道北京路18号,37,02,81,省略市+简称
三里河街道胶州市青岛市山东省北京路18号,37,02,81,顺序混乱
胶州市三里河街道北京路18号,37,02,81,编辑距离错误
山东省青岛市平度市东阁街道人民路200号,37,02,83,完整
青岛市平度市东阁街道人民路200号,37,02,83,省略省
平度市东阁街道人民路200号,37,02,83,省略省市
山东平度东阁街道人民路200号,37,02,83,省略市+简称
东阁街道平度市青岛市山东省人民路200号,37,02,83,顺序混乱
平度市东阁街道人民路200号,37,02,83,同音错误
山东省青岛市莱西市水集街道北京中路8号,37,02,85,完整
青岛市莱西市水集街道北京中路8号,37,02,85,省略省
莱西市水集街道北京中路8号,37,02,85,省略省市
山东莱西水集街道北京中路8号,37,02,85,省略市+简称
水集街道莱西市青岛市山东省北京中路8号,37,02,85,顺序混乱
莱西市水集街道北京中路8号,37,02,85,编辑距离错误
山东省淄博市淄川区般阳路街道松龄西路45号,37,03,02,完整
淄博市淄川区般阳路街道松龄西路45号,37,03,02,省略省
淄川区般阳路街道松龄西路45号,37,03,02,省略省市
山东淄川般阳路街道松龄西路45号,37,03,02,省略市+简称
般阳路街道淄川区淄博市山东省松龄西路45号,37,03,02,顺序混乱
淄川区般阳路街道松龄西路45号,37,03,02,同音错误
山东省淄博市张店区马尚街道联通路99号,37,03,03,完整
淄博市张店区马尚街道联通路99号,37,03,03,省略省
张店区马尚街道联通路99号,37,03,03,省略省市
山东张店马尚街道联通路99号,37,03,03,省略市+简称
马尚街道张店区淄博市山东省联通路99号,37,03,03,顺序混乱
张店区马尚街道联通路99号,37,03,03,编辑距离错误
山东省淄博市博山区城东街道峨眉山路12号,37,03,04,完整
淄博市博山区城东街道峨眉山路12号,37,03,04,省略省
博山区城东街道峨眉山路12号,37,03,04,省略省市
山东博山城东街道峨眉山路12号,37,03,04,省略市+简称
城东街道博山区淄博市山东省峨眉山路12号,37,03,04,顺序混乱
博山区城东街道峨眉山路12号,37,03,04,同音+顺序混乱
山东省淄博市临淄区稷下街道桓公路30号,37,03,05,完整
淄博市临淄区稷下街道桓公路30号,37,03,05,省略省
临淄区稷下街道桓公路30号,37,03,05,省略省市
山东临淄稷下街道桓公路30号,37,03,05,省略市+简称
稷下街道临淄区淄博市山东省桓公路30号,37,03,05,顺序混乱
临淄区稷下街道桓公路30号,37,03,05,编辑距离错误
山东省淄博市周村区丝绸路街道新建西路8号,37,03,06,完整
淄博市周村区丝绸路街道新建西路8号,37,03,06,省略省
周村区丝绸路街道新建西路8号,37,03,06,省略省市
山东周村丝绸路街道新建西路8号,37,03,06,省略市+简称
丝绸路街道周村区淄博市山东省新建西路8号,37,03,06,顺序混乱
周村区丝绸路街道新建西路8号,37,03,06,同音错误
山东省淄博市桓台县少海街道中心大街61号,37,03,21,完整
淄博市桓台县少海街道中心大街61号,37,03,21,省略省
桓台县少海街道中心大街61号,37,03,21,省略省市
山东桓台少海街道中心大街61号,37,03,21,省略市+简称
少海街道桓台县淄博市山东省中心大街61号,37,03,21,顺序混乱
桓台县少海街道中心大街61号,37,03,21,编辑距离错误
山东省淄博市高青县田镇街道黄河路26号,37,03,22,完整
淄博市高青县田镇街道黄河路26号,37,03,22,省略省
高青县田镇街道黄河路26号,37,03,22,省略省市
山东高青田镇街道黄河路26号,37,03,22,省略市+简称
田镇街道高青县淄博市山东省黄河路26号,37,03,22,顺序混乱
高青县田镇街道黄河路26号,37,03,22,同音+顺序混乱
山东省淄博市沂源县历山街道胜利路14号,37,03,23,完整
淄博市沂源县历山街道胜利路14号,37,03,23,省略省
沂源县历山街道胜利路14号,37,03,23,省略省市
山东沂源历山街道胜利路14号,37,03,23,省略市+简称
历山街道沂源县淄博市山东省胜利路14号,37,03,23,顺序混乱
沂源县历山街道胜利路14号,37,03,23,编辑距离错误
山东省枣庄市市中区文化路街道文化路88号,37,04,02,完整
枣庄市市中区文化路街道文化路88号,37,04,02,省略省
市中区文化路街道文化路88号,37,04,02,省略省市
枣庄市中文化路街道文化路88号,37,04,02,省略市+简称
文化路街道市中区枣庄市山东省文化路88号,37,04,02,顺序混乱
市中区文化路街道,37,04,02,歧义
市中区,37,04,02,歧义
山东省枣庄市薛城区常庄街道长江路56号,37,04,03,完整
枣庄市薛城区常庄街道长江路56号,37,04,03,省略省
薛城区常庄街道长江路56号,37,04,03,省略省市
山东薛城常庄街道长江路56号,37,04,03,省略市+简称
常庄街道薛城区枣庄市山东省长江路56号,37,04,03,顺序混乱
薛城区常庄街道长江路56号,37,04,03,同音错误
山东省枣庄市峄城区坛山街道承水路33号,37,04,04,完整
枣庄市峄城区坛山街道承水路33号,37,04,04,省略省
峄城区坛山街道承水路33号,37,04,04,省略省市
山东峄城坛山街道承水路33号,37,04,04,省略市+简称
坛山街道峄城区枣庄市山东省承水路33号,37,04,04,顺序混乱
峄城区坛山街道承水路33号,37,04,04,编辑距离错误
山东省枣庄市台儿庄区运河街道华兴路22号,37,04,05,完整
枣庄市台儿庄区运河街道华兴路22号,37,04,05,省略省
台儿庄区运河街道华兴路22号,37,04,05,省略省市
山东台儿庄运河街道华兴路22号,37,04,05,省略市+简称
运河街道台儿庄区枣庄市山东省华兴路22号,37,04,05,顺序混乱
台儿庄区运河街道华兴路22号,37,04,05,同音+顺序混乱
山东省枣庄市山亭区山城街道府前路41号,37,04,06,完整
枣庄市山亭区山城街道府前路41号,37,04,06,省略省
山亭区山城街道府前路41号,37,04,06,省略省市
山东山亭山城街道府前路41号,37,04,06,省略市+简称
山城街道山亭区枣庄市山东省府前路41号,37,04,06,顺序混乱
山亭区山城街道府前路41号,37,04,06,编辑距离错误
山东省枣庄市滕州市龙泉街道善国路120号,37,04,81,完整
枣庄市滕州市龙泉街道善国路120号,37,04,81,省略省
滕州市龙泉街道善国路120号,37,04,81,省略省市
山东滕州龙泉街道善国路120号,37,04,81,省略市+简称
龙泉街道滕州市枣庄市山东省善国路120号,37,04,81,顺序混乱
滕州市龙泉街道善国路120号,37,04,81,同音错误
山东省东营市东营区文汇街道济南路75号,37,05,02,完整
东营市东营区文汇街道济南路75号,37,05,02,省略省
东营区文汇街道济南路75号,37,05,02,省略省市
山东东营文汇街道济南路75号,37,05,02,省略市+简称
文汇街道东营区东营市山东省济南路75号,37,05,02,顺序混乱
东营区文汇街道济南路75号,37,05,02,编辑距离错误
山东省东营市河口区六合街道海盛路48号,37,05,03,完整
东营市河口区六合街道海盛路48号,37,05,03,省略省
河口区六合街道海盛路48号,37,05,03,省略省市
山东河口六合街道海盛路48号,37,05,03,省略市+简称
六合街道河口区东营市山东省海盛路48号,37,05,03,顺序混乱
河口区六合街道海盛路48号,37,05,03,同音+顺序混乱
山东省东营市垦利区兴隆街道中兴路36号,37,05,05,完整
东营市垦利区兴隆街道中兴路36号,37,05,05,省略省
垦利区兴隆街道中兴路36号,37,05,05,省略省市
山东垦利兴隆街道中兴路36号,37,05,05,省略市+简称
兴隆街道垦利区东营市山东省中兴路36号,37,05,05,顺序混乱
垦利区兴隆街道中兴路36号,37,05,05,编辑距离错误
山东省东营市利津县利津街道津二路19号,37,05,22,完整
东营市利津县利津街道津二路19号,37,05,22,省略省
利津县利津街道津二路19号,37,05,22,省略省市
山东利津利津街道津二路19号,37,05,22,省略市+简称
利津街道利津县东营市山东省津二路19号,37,05,22,顺序混乱
利津县利津街道津二路19号,37,05,22,同音错误
山东省东营市广饶县广饶街道乐安大街62号,37,05,23,完整
东营市广饶县广饶街道乐安大街62号,37,05,23,省略省
广饶县广饶街道乐安大街62号,37,05,23,省略省市
山东广饶广饶街道乐安大街62号,37,05,23,省略市+简称
广饶街道广饶县东营市山东省乐安大街62号,37,05,23,顺序混乱
广饶县广饶街道乐安大街62号,37,05,23,编辑距离错误
山东省烟台市芝罘区向阳街道朝阳街5号,37,06,02,完整
烟台市芝罘区向阳街道朝阳街5号,37,06,02,省略省
芝罘区向阳街道朝阳街5号,37,06,02,省略省市
山东芝罘向阳街道朝阳街5号,37,06,02,省略市+简称
向阳街道芝罘区烟台市山东省朝阳街5号,37,06,02,顺序混乱
芝罘区向阳街道朝阳街5号,37,06,02,同音+顺序混乱
山东省烟台市福山区清洋街道城里街29号,37,06,11,完整
烟台市福山区清洋街道城里街29号,37,06,11,省略省
福山区清洋街道城里街29号,37,06,11,省略省市
山东福山清洋街道城里街29号,37,06,11,省略市+简称
清洋街道福山区烟台市山东省城里街29号,37,06,11,顺序混乱
福山区清洋街道城里街29号,37,06,11,编辑距离错误
山东省烟台市牟平区宁海街道通海路44号,37,06,12,完整
烟台市牟平区宁海街道通海路44号,37,06,12,省略省
牟平区宁海街道通海路44号,37,06,12,省略省市
山东牟平宁海街道通海路44号,37,06,12,省略市+简称
宁海街道牟平区烟台市山东省通海路44号,37,06,12,顺序混乱
牟平区宁海街道通海路44号,37,06,12,同音错误
山东省烟台市莱山区黄海路街道黄海路88号,37,06,13,完整
烟台市莱山区黄海路街道黄海路88号,37,06,13,省略省
莱山区黄海路街道黄海路88号,37,06,13,省略省市
山东莱山黄海路街道黄海路88号,37,06,13,省略市+简称
黄海路街道莱山区烟台市山东省黄海路88号,37,06,13,顺序混乱
莱山区黄海路街道黄海路88号,37,06,13,编辑距离错误
山东省烟台市蓬莱区蓬莱阁街道北关路7号,37,06,14,完整
烟台市蓬莱区蓬莱阁街道北关路7号,37,06,14,省略省
蓬莱区蓬莱阁街道北关路7号,37,06,14,省略省市
山东蓬莱蓬莱阁街道北关路7号,37,06,14,省略市+简称
蓬莱阁街道蓬莱区烟台市山东省北关路7号,37,06,14,顺序混乱
蓬莱区蓬莱阁街道北关路7号,37,06,14,同音+顺序混乱
山东省烟台市龙口市东莱街道港城大道35号,37,06,81,完整
烟台市龙口市东莱街道港城大道35号,37,06,81,省略省
龙口市东莱街道港城大道35号,37,06,81,省略省市
山东龙口东莱街道港城大道35号,37,06,81,省略市+简称
东莱街道龙口市烟台市山东省港城大道35号,37,06,81,顺序混乱
龙口市东莱街道港城大道35号,37,06,81,编辑距离错误
山东省烟台市莱阳市城厢街道金水路51号,37,06,82,完整
烟台市莱阳市城厢街道金水路51号,37,06,82,省略省
莱阳市城厢街道金水路51号,37,06,82,省略省市
山东莱阳城厢街道金水路51号,37,06,82,省略市+简称
城厢街道莱阳市烟台市山东省金水路51号,37,06,82,顺序混乱
莱阳市城厢街道金水路51号,37,06,82,同音错误
山东省烟台市莱州市文昌路街道府前街20号,37,06,83,完整
烟台市莱州市文昌路街道府前街20号,37,06,83,省略省
莱州市文昌路街道府前街20号,37,06,83,省略省市
山东莱州文昌路街道府前街20号,37,06,83,省略市+简称
文昌路街道莱州市烟台市山东省府前街20号,37,06,83,顺序混乱
莱州市文昌路街道府前街20号,37,06,83,编辑距离错误
山东省烟台市招远市罗峰街道温泉路66号,37,06,85,完整
烟台市招远市罗峰街道温泉路66号,37,06,85,省略省
招远市罗峰街道温泉路66号,37,06,85,省略省市
山东招远罗峰街道温泉路66号,37,06,85,省略市+简称
罗峰街道招远市烟台市山东省温泉路66号,37,06,85,顺序混乱
招远市罗峰街道温泉路66号,37,06,85,同音+顺序混乱
山东省烟台市栖霞市翠屏街道霞光路13号,37,06,86,完整
烟台市栖霞市翠屏街道霞光路13号,37,06,86,省略省
栖霞市翠屏街道霞光路13号,37,06,86,省略省市
山东栖霞翠屏街道霞光路13号,37,06,86,省略市+简称
翠屏街道栖霞市烟台市山东省霞光路13号,37,06,86,顺序混乱
栖霞市翠屏街道霞光路13号,37,06,86,编辑距离错误
山东省烟台市海阳市方圆街道海阳路99号,37,06,87,完整
烟台市海阳市方圆街道海阳路99号,37,06,87,省略省
海阳市方圆街道海阳路99号,37,06,87,省略省市
山东海阳方圆街道海阳路99号,37,06,87,省略市+简称
方圆街道海阳市烟台市山东省海阳路99号,37,06,87,顺序混乱
海阳市方圆街道海阳路99号,37,06,87,同音错误
山东省潍坊市潍城区城关街道东风西街40号,37,07,02,完整
潍坊市潍城区城关街道东风西街40号,37,07,02,省略省
潍城区城关街道东风西街40号,37,07,02,省略省市
山东潍城城关街道东风西街40号,37,07,02,省略市+简称
城关街道潍城区潍坊市山东省东风西街40号,37,07,02,顺序混乱
潍城区城关街道东风西街40号,37,07,02,编辑距离错误
山东省潍坊市寒亭区寒亭街道益新街58号,37,07,03,完整
潍坊市寒亭区寒亭街道益新街58号,37,07,03,省略省
寒亭区寒亭街道益新街58号,37,07,03,省略省市
山东寒亭寒亭街道益新街58号,37,07,03,省略市+简称
寒亭街道寒亭区潍坊市山东省益新街58号,37,07,03,顺序混乱
寒亭区寒亭街道益新街58号,37,07,03,同音+顺序混乱
山东省潍坊市坊子区坊城街道凤凰大街31号,37,07,04,完整
潍坊市坊子区坊城街道凤凰大街31号,37,07,04,省略省
坊子区坊城街道凤凰大街31号,37,07,04,省略省市
山东坊子坊城街道凤凰大街31号,37,07,04,省略市+简称
坊城街道坊子区潍坊市山东省凤凰大街31号,37,07,04,顺序混乱
坊子区坊城街道凤凰大街31号,37,07,04,编辑距离错误
山东省潍坊市奎文区东关街道院校街22号,37,07,05,完整
潍坊市奎文区东关街道院校街22号,37,07,05,省略省
奎文区东关街道院校街22号,37,07,05,省略省市
山东奎文东关街道院校街22号,37,07,05,省略市+简称
东关街道奎文区潍坊市山东省院校街22号,37,07,05,顺序混乱
奎文区东关街道院校街22号,37,07,05,同音错误
山东省潍坊市临朐县城关街道山旺路17号,37,07,24,完整
潍坊市临朐县城关街道山旺路17号,37,07,24,省略省
临朐县城关街道山旺路17号,37,07,24,省略省市
山东临朐城关街道山旺路17号,37,07,24,省略市+简称
城关街道临朐县潍坊市山东省山旺路17号,37,07,24,顺序混乱
临朐县城关街道山旺路17号,37,07,24,编辑距离错误
山东省潍坊市昌乐县宝都街道新昌路46号,37,07,25,完整
潍坊市昌乐县宝都街道新昌路46号,37,07,25,省略省
昌乐县宝都街道新昌路46号,37,07,25,省略省市
山东昌乐宝都街道新昌路46号,37,07,25,省略市+简称
宝都街道昌乐县潍坊市山东省新昌路46号,37,07,25,顺序混乱
昌乐县宝都街道新昌路46号,37,07,25,同音+顺序混乱
山东省潍坊市青州市王府街道偶园街8号,37,07,81,完整
潍坊市青州市王府街道偶园街8号,37,07,81,省略省
青州市王府街道偶园街8号,37,07,81,省略省市
山东青州王府街道偶园街8号,37,07,81,省略市+简称
王府街道青州市潍坊市山东省偶园街8号,37,07,81,顺序混乱
青州市王府街道偶园街8号,37,07,81,编辑距离错误
山东省潍坊市诸城市密州街道和平街73号,37,07,82,完整
潍坊市诸城市密州街道和平街73号,37,07,82,省略省
诸城市密州街道和平街73号,37,07,82,省略省市
山东诸城密州街道和平街73号,37,07,82,省略市+简称
密州街道诸城市潍坊市山东省和平街73号,37,07,82,顺序混乱
诸城市密州街道和平街73号,37,07,82,同音错误
山东省潍坊市寿光市圣城街道圣城街120号,37,07,83,完整
潍坊市寿光市圣城街道圣城街120号,37,07,83,省略省
寿光市圣城街道圣城街120号,37,07,83,省略省市
山东寿光圣城街道圣城街120号,37,07,83,省略市+简称
圣城街道寿光市潍坊市山东省圣城街120号,37,07,83,顺序混乱
寿光市圣城街道圣城街120号,37,07,83,编辑距离错误
山东省潍坊市安丘市兴安街道人民路55号,37,07,84,完整
潍坊市安丘市兴安街道人民路55号,37,07,84,省略省
安丘市兴安街道人民路55号,37,07,84,省略省市
山东安丘兴安街道人民路55号,37,07,84,省略市+简称
兴安街道安丘市潍坊市山东省人民路55号,37,07,84,顺序混乱
安丘市兴安街道人民路55号,37,07,84,同音+顺序混乱
山东省潍坊市高密市朝阳街道康成大街60号,37,07,85,完整
潍坊市高密市朝阳街道康成大街60号,37,07,85,省略省
高密市朝阳街道康成大街60号,37,07,85,省略省市
山东高密朝阳街道康成大街60号,37,07,85,省略市+简称
朝阳街道高密市潍坊市山东省康成大街60号,37,07,85,顺序混乱
高密市朝阳街道康成大街60号,37,07,85,编辑距离错误
山东省潍坊市昌邑市奎聚街道交通街33号,37,07,86,完整
潍坊市昌邑市奎聚街道交通街33号,37,07,86,省略省
昌邑市奎聚街道交通街33号,37,07,86,省略省市
山东昌邑奎聚街道交通街33号,37,07,86,省略市+简称
奎聚街道昌邑市潍坊市山东省交通街33号,37,07,86,顺序混乱
昌邑市奎聚街道交通街33号,37,07,86,同音错误
山东省济宁市任城区阜桥街道建设路102号,37,08,11,
湖北省武汉市江岸区大智街道铭新街8号,42,01,02,完整
武汉市江岸区一元街道同兴社区,42,01,02,省略省
江岸区车站街道黄兴路,42,01,02,省略省市
湖北江岸二七街道,42,01,02,省略市+简称
湖北省武汗市江岸区大智街道,42,01,02,编辑距离错误
大智街道江岸区武汉市湖北省,42,01,02,顺序混乱
湖北省武汉市江汉区民族街道江汉路1号,42,01,03,完整
武汉市江汉区满春街道中大社区,42,01,03,省略省
江汉区花楼街道前进一路,42,01,03,省略省市
湖北江汉常青街道,42,01,03,省略市+简称
湖北省武汉市江汗区民族街道,42,01,03,同音错误
民族街道江汉区武汉市湖北省,42,01,03,顺序混乱
湖北省武汉市硚口区古田街道解放大道2号,42,01,04,完整
武汉市硚口区宝丰街道荣华社区,42,01,04,省略省
硚口区汉正街道多福路,42,01,04,省略省市
湖北硚口宗关街道,42,01,04,省略市+简称
湖北省武汉市乔口区古田街道,42,01,04,编辑距离错误
古田街道硚口区武汉市湖北省,42,01,04,顺序混乱
湖北省武汉市汉阳区建桥街道鹦鹉大道3号,42,01,05,完整
武汉市汉阳区晴川街道鹦鹉社区,42,01,05,省略省
汉阳区五里墩街道琴台路,42,01,05,省略省市
湖北汉阳龙阳街道,42,01,05,省略市+简称
湖北省武汉市汉阳区和桥街道,42,01,05,同音错误
建桥街道汉阳区武汉市湖北省,42,01,05,顺序混乱
湖北省武汉市武昌区水果湖街道中北路4号,42,01,06,完整
武汉市武昌区珞珈山街道中科院社区,42,01,06,省略省
武昌区中南路街道武珞路,42,01,06,省略省市
湖北武昌积玉桥街道,42,01,06,省略市+简称
湖北省武汉市武昌区水果湖街道,42,01,06,同音错误
水果湖街道武昌区武汉市湖北省,42,01,06,顺序混乱
湖北省武汉市青山区红卫路街道和平大道5号,42,01,07,完整
武汉市青山区钢花村街道青翠苑社区,42,01,07,省略省
青山区新沟桥街道建设七路,42,01,07,省略省市
湖北青山工人村街道,42,01,07,省略市+简称
湖北省武汉市清山区红卫路街道,42,01,07,同音错误
红卫路街道青山区武汉市湖北省,42,01,07,顺序混乱
湖北省武汉市洪山区珞南街道珞喻路6号,42,01,11,完整
武汉市洪山区关山街道保利社区,42,01,11,省略省
洪山区和平街道团结大道,42,01,11,省略省市
湖北洪山狮子山街道,42,01,11,省略市+简称
湖北省武汉市洪山区各南街道,42,01,11,同音错误
珞南街道洪山区武汉市湖北省,42,01,11,顺序混乱
湖北省武汉市东西湖区吴家山街道东吴大道7号,42,01,12,完整
武汉市东西湖区金银湖街道园博社区,42,01,12,省略省
东西湖区径河街道张公堤,42,01,12,省略省市
湖北东西湖将军路街道,42,01,12,省略市+简称
湖北省武汉市东西湖区和家山街道,42,01,12,同音错误
吴家山街道东西湖区武汉市湖北省,42,01,12,顺序混乱
湖北省武汉市汉南区纱帽街道兴城大道8号,42,01,13,完整
武汉市汉南区东荆街道碧桂社区,42,01,13,省略省
汉南区邓南街道薇湖路,42,01,13,省略省市
湖北汉南湘口街道,42,01,13,省略市+简称
湖北省武汉市汉南区沙帽街道,42,01,13,编辑距离错误
纱帽街道汉南区武汉市湖北省,42,01,13,顺序混乱
湖北省武汉市蔡甸区蔡甸街道知音湖大道9号,42,01,14,完整
武汉市蔡甸区奓山街道常福社区,42,01,14,省略省
蔡甸区永安街道汉阳大街,42,01,14,省略省市
湖北蔡甸侏儒山街道,42,01,14,省略市+简称
湖北省武汉市菜甸区蔡甸街道,42,01,14,同音错误
蔡甸街道蔡甸区武汉市湖北省,42,01,14,顺序混乱
湖北省武汉市江夏区纸坊街道文化大道10号,42,01,15,完整
武汉市江夏区金口街道长山社区,42,01,15,省略省
江夏区郑店街道纸贺路,42,01,15,省略省市
湖北江夏山坡街道,42,01,15,省略市+简称
湖北省武汉市江夏区纸方街道,42,01,15,同音错误
纸坊街道江夏区武汉市湖北省,42,01,15,顺序混乱
湖北省武汉市黄陂区前川街道黄陂大道11号,42,01,16,完整
武汉市黄陂区横店街道后湖社区,42,01,16,省略省
黄陂区滠口街道百秀街,42,01,16,省略省市
湖北黄陂祁家湾街道,42,01,16,省略市+简称
湖北省武汉市黄破区前川街道,42,01,16,编辑距离错误
前川街道黄陂区武汉市湖北省,42,01,16,顺序混乱
湖北省武汉市新洲区邾城街道新洲大街12号,42,01,17,完整
武汉市新洲区阳逻街道柴泊社区,42,01,17,省略省
新洲区汪集街道博物大道,42,01,17,省略省市
湖北新洲仓埠街道,42,01,17,省略市+简称
湖北省武汉市新州区和城街道,42,01,17,同音错误
邾城街道新洲区武汉市湖北省,42,01,17,顺序混乱
湖北省黄石市黄石港区沈家营街道黄石大道1号,42,02,02,完整
黄石市黄石港区胜阳港街道天方社区,42,02,02,省略省
黄石港区花湖街道湖滨路,42,02,02,省略省市
湖北黄石港沈家营街道,42,02,02,省略市+简称
湖北省黄市市黄石港区沈家营街道,42,02,02,同音+顺序混乱
湖北省黄石市西塞山区八泉街道飞云街2号,42,02,03,完整
黄石市西塞山区澄月街道磁湖社区,42,02,03,省略省
西塞山区黄思湾街道沿湖路,42,02,03,省略省市
湖北西塞山牧羊湖街道,42,02,03,省略市+简称
湖北省西塞山区八泉街道飞云街,42,02,03,同音错误
八泉街道西塞山区黄石市湖北省,42,02,03,顺序混乱
西塞山区八泉街道,,,,03,歧义
湖北省黄石市下陆区新下陆街道下陆大道3号,42,02,04,完整
黄石市下陆区团城山街道杭州西路社区,42,02,04,省略省
下陆区老下陆街道长乐路,42,02,04,省略省市
湖北下陆东方山街道,42,02,04,省略市+简称
湖北省下陆区新下陆街道下陆大遒,42,02,04,同音错误
新下陆街道下陆区黄石市湖北省,42,02,04,顺序混乱
湖北省黄石市铁山区铁山街道建设路4号,42,02,05,完整
黄石市铁山区鹿獐山街道矿山社区,42,02,05,省略省
铁山区汪仁镇三岔路,42,02,05,省略省市
湖北铁山木栏街道,42,02,05,省略市+简称
湖北省铁山区铁山街道建没路,42,02,05,编辑距离错误
铁山街道铁山区黄石市湖北省,42,02,05,顺序混乱
湖北省黄石市阳新县兴国镇儒学路5号,42,02,22,完整
黄石市阳新县富池镇丰山社区,42,02,22,省略省
阳新县龙港镇星潭村,42,02,22,省略省市
湖北阳新太子镇,42,02,22,省略市+简称
湖北省阳新县兴国镇需学路,42,02,22,同音错误
兴国镇阳新县黄石市湖北省,42,02,22,顺序混乱
湖北省黄石市大冶市东岳路街道新冶大道6号,42,02,81,完整
黄石市大冶市罗家桥街道东风社区,42,02,81,省略省
大冶市保安镇茶山村,42,02,81,省略省市
湖北大冶还地桥镇,42,02,81,省略市+简称
湖北省大治市东岳路街道,42,02,81,同音错误
东岳路街道大冶市黄石市湖北省,42,02,81,顺序混乱
湖北省十堰市茅箭区二堰街道人民南路1号,42,03,02,完整
十堰市茅箭区五堰街道燕林社区,42,03,02,省略省
茅箭区武当路街道天津路,42,03,02,省略省市
湖北茅箭大川镇,42,03,02,省略市+简称
湖北省十淹市茅箭区二堰街道,42,03,02,同音错误
二堰街道茅箭区十堰市湖北省,42,03,02,顺序混乱
湖北省十堰市张湾区车城路街道车城西路2号,42,03,03,完整
十堰市张湾区红卫街道贵州路社区,42,03,03,省略省
张湾区汉江路街道广东路,42,03,03,省略省市
湖北张湾花果街道,42,03,03,省略市+简称
湖北省张弯区车城路街道,42,03,03,同音错误
车城路街道张湾区十堰市湖北省,42,03,03,顺序混乱
湖北省十堰市郧阳区城关镇解放路3号,42,03,04,完整
十堰市郧阳区茶店镇神河社区,42,03,04,省略省
郧阳区柳陂镇辽瓦村,42,03,04,省略省市
湖北郧阳杨溪铺镇,42,03,04,省略市+简称
湖北省郧阳区城关镇解方路,42,03,04,同音错误
城关镇郧阳区十堰市湖北省,42,03,04,顺序混乱
湖北省十堰市郧西县城关镇武汉路4号,42,03,22,完整
十堰市郧西县观音镇天河社区,42,03,22,省略省
郧西县土门镇关防村,42,03,22,省略省市
湖北郧西上津镇,42,03,22,省略市+简称
湖北省郧西县成关镇,42,03,22,编辑距离错误
城关镇郧西县十堰市湖北省,42,03,22,顺序混乱
湖北省十堰市竹山县城关镇人民路5号,42,03,23,完整
十堰市竹山县宝丰镇施洋社区,42,03,23,省略省
竹山县溢水镇何家湾村,42,03,23,省略省市
湖北竹山上庸镇,42,03,23,省略市+简称
湖北省竹山县城关镇仁民路,42,03,23,同音错误
城关镇竹山县十堰市湖北省,42,03,23,顺序混乱
湖北省十堰市竹溪县城关镇北大街6号,42,03,24,完整
十堰市竹溪县水坪镇向家汇社区,42,03,24,省略省
竹溪县中峰镇青草坪村,42,03,24,省略省市
湖北竹溪蒋家堰镇,42,03,24,省略市+简称
湖北省竹溪县城关镇北大道,42,03,24,同音错误
城关镇竹溪县十堰市湖北省,42,03,24,顺序混乱
湖北省十堰市房县城关镇南大街7号,42,03,25,完整
十堰市房县青峰镇青峰社区,42,03,25,省略省
房县尹吉甫镇珠藏村,42,03,25,省略省市
湖北房县军店镇,42,03,25,省略市+简称
湖北省房县城关镇南大待,42,03,25,编辑距离错误
城关镇房县十堰市湖北省,42,03,25,顺序混乱
湖北省十堰市丹江口市均州路街道人民路8号,42,03,81,完整
十堰市丹江口市三官殿街道太和社区,42,03,81,省略省
丹江口市六里坪镇岗河村,42,03,81,省略省市
湖北丹江口习家店镇,42,03,81,省略市+简称
湖北省丹江口市均州路街道,42,03,81,同音错误
均州路街道丹江口市十堰市湖北省,42,03,81,顺序混乱
湖北省宜昌市西陵区西坝街道西陵一路1号,42,05,02,完整
宜昌市西陵区云集街道二马路社区,42,05,02,省略省
西陵区学院街道珍珠路,42,05,02,省略省市
湖北西陵夜明珠街道,42,05,02,省略市+简称
湖北省宜昌市西陵区西坝街道,42,05,02,同音错误
西坝街道西陵区宜昌市湖北省,42,05,02,顺序混乱
湖北省宜昌市伍家岗区大公桥街道沿江大道2号,42,05,03,完整
宜昌市伍家岗区宝塔河街道岳家冲社区,42,05,03,省略省
伍家岗区万寿桥街道夷陵路,42,05,03,省略省市
湖北伍家岗伍家乡,42,05,03,省略市+简称
湖北省伍家钢区大公桥街道,42,05,03,同音错误
大公桥街道伍家岗区宜昌市湖北省,42,05,03,顺序混乱
湖北省宜昌市点军区点军街道江南大道3号,42,05,04,完整
宜昌市点军区桥边镇天王寺社区,42,05,04,省略省
点军区土城乡李家湾村,42,05,04,省略省市
湖北点军艾家镇,42,05,04,省略市+简称
湖北省点军区点军街道江楠大道,42,05,04,同音错误
点军街道点军区宜昌市湖北省,42,05,04,顺序混乱
湖北省宜昌市猇亭区古老背街道正大路4号,42,05,05,完整
宜昌市猇亭区云池街道下马槽社区,42,05,05,省略省
猇亭区虎牙街道高家店村,42,05,05,省略省市
湖北猇亭虎牙街道,42,05,05,省略市+简称
湖北省宜昌市虎亭区古老背街道,42,05,05,同音错误
古老背街道猇亭区宜昌市湖北省,42,05,05,顺序混乱
湖北省宜昌市夷陵区小溪塔街道夷兴大道5号,42,05,06,完整
宜昌市夷陵区龙泉镇宋家嘴社区,42,05,06,省略省
夷陵区分乡镇天坑村,42,05,06,省略省市
湖北夷陵雾渡河镇,42,05,06,省略市+简称
湖北省夷凌区小溪塔街道,42,05,06,同音错误
小溪塔街道夷陵区宜昌市湖北省,42,05,06,顺序混乱
湖北省宜昌市远安县鸣凤镇解放路6号,42,05,25,完整
宜昌市远安县旧县镇安鹿社区,42,05,25,省略省
远安县花林寺镇横岩村,42,05,25,省略省市
湖北远安洋坪镇,42,05,25,省略市+简称
湖北省远安县鸣风镇,42,05,25,同音错误
鸣凤镇远安县宜昌市湖北省,42,05,25,顺序混乱
湖北省宜昌市兴山县古夫镇香溪大道7号,42,05,26,完整
宜昌市兴山县昭君镇青华社区,42,05,26,省略省
兴山县峡口镇建阳村,42,05,26,省略省市
湖北兴山榛子乡,42,05,26,省略市+简称
湖北省兴山县古夫镇香奚大道,42,05,26,同音错误
古夫镇兴山县宜昌市湖北省,42,05,26,顺序混乱
湖北省宜昌市秭归县茅坪镇平湖大道8号,42,05,27,完整
宜昌市秭归县屈原镇九龙社区,42,05,27,省略省
秭归县郭家坝镇桐树湾村,42,05,27,省略省市
湖北秭归归州镇,42,05,27,省略市+简称
湖北省秭归县茅平镇,42,05,27,同音错误
茅坪镇秭归县宜昌市湖北省,42,05,27,顺序混乱
湖北省宜昌市长阳土家族自治县龙舟坪镇清江路9号,42,05,28,完整
宜昌市长阳土家族自治县磨市镇花桥社区,42,05,28,省略省
长阳土家族自治县都镇湾镇庄溪村,42,05,28,省略省市
湖北长阳大堰乡,42,05,28,省略市+简称
湖北省长阳土家族自治县龙舟平镇,42,05,28,同音错误
龙舟坪镇长阳土家族自治县宜昌市湖北省,42,05,28,顺序混乱
湖北省宜昌市五峰土家族自治县渔洋关镇东西路10号,42,05,29,完整
宜昌市五峰土家族自治县仁和坪镇大栗社区,42,05,29,省略省
五峰土家族自治县采花乡长茂司村,42,05,29,省略省市
湖北五峰湾潭镇,42,05,29,省略市+简称
湖北省五峰土家族自治县渔洋关镇,42,05,29,同音错误
渔洋关镇五峰土家族自治县宜昌市湖北省,42,05,29,顺序混乱
湖北省宜昌市宜都市陆城街道长江大道11号,42,05,81,完整
宜昌市宜都市枝城镇洋溪社区,42,05,81,省略省
宜都市高坝洲镇青林村,42,05,81,省略省市
湖北宜都姚家店镇,42,05,81,省略市+简称
湖北省宜都市陆城街道长扛大道,42,05,81,同音错误
陆城街道宜都市宜昌市湖北省,42,05,81,顺序混乱
湖北省宜昌市当阳市玉泉街道长坂路12号,42,05,82,完整
宜昌市当阳市坝陵街道广家洲社区,42,05,82,省略省
当阳市半月镇宇宙村,42,05,82,省略省市
湖北当阳王店镇,42,05,82,省略市+简称
湖北省当阳市玉泉街道长板路,42,05,82,同音错误
玉泉街道当阳市宜昌市湖北省,42,05,82,顺序混乱
湖北省宜昌市枝江市马家店街道江汉大道13号,42,05,83,完整
宜昌市枝江市董市街道高石社区,42,05,83,省略省
枝江市安福寺镇胡家畈村,42,05,83,省略省市
湖北枝江问安镇,42,05,83,省略市+简称
湖北省枝江市马家店街道江汗大道,42,05,83,同音错误
马家店街道枝江市宜昌市湖北省,42,05,83,顺序混乱
湖北省襄阳市襄城区古城街道檀溪路1号,42,06,02,完整
襄阳市襄城区庞公街道昭明社区,42,06,02,省略省
襄城区卧龙镇黄河村,42,06,02,省略省市
湖北襄城尹集乡,42,06,02,省略市+简称
湖北省襄阳市襄城区古成街道,42,06,02,同音错误
古城街道襄城区襄阳市湖北省,42,06,02,顺序混乱
湖北省襄阳市樊城区汉江路街道长虹路2号,42,06,06,完整
襄阳市樊城区中原街道茂盛社区,42,06,06,省略省
樊城区牛首镇张岗村,42,06,06,省略省市
湖北樊城太平店镇,42,06,06,省略市+简称
湖北省襄阳市繁城区汉江路街道,42,06,06,同音错误
汉江路街道樊城区襄阳市湖北省,42,06,06,顺序混乱
湖北省襄阳市襄州区张湾街道航空路3号,42,06,07,完整
襄阳市襄州区肖湾街道西河社区,42,06,07,省略省
襄州区伙牌镇姜沟村,42,06,07,省略省市
湖北襄州黄龙镇,42,06,07,省略市+简称
湖北省襄阳市襄州区和湾街道,42,06,07,同音错误
张湾街道襄州区襄阳市湖北省,42,06,07,顺序混乱
湖北省襄阳市南漳县城关镇水镜路4号,42,06,24,完整
襄阳市南漳县武安镇向家湾社区,42,06,24,省略省
南漳县巡检镇雁落村,42,06,24,省略省市
湖北南漳李庙镇,42,06,24,省略市+简称
湖北省南漳县城关镇水镜骆,42,06,24,编辑距离错误
城关镇南漳县襄阳市湖北省,42,06,24,顺序混乱
湖北省襄阳市谷城县城关镇粉水街5号,42,06,25,完整
襄阳市谷城县石花镇苍峪社区,42,06,25,省略省
谷城县五山镇熊家岗村,42,06,25,省略省市
湖北谷城盛康镇,42,06,25,省略市+简称
湖北省谷城县成关镇,42,06,25,同音错误
城关镇谷城县襄阳市湖北省,42,06,25,顺序混乱
湖北省襄阳市保康县城关镇清溪路6号,42,06,26,完整
襄阳市保康县马良镇重阳社区,42,06,26,省略省
保康县寺坪镇台口村,42,06,26,省略省市
湖北保康黄堡镇,42,06,26,省略市+简称
湖北省保康县城关镇青溪路,42,06,26,同音错误
城关镇保康县襄阳市湖北省,42,06,26,顺序混乱
湖北省襄阳市老河口市光化街道胜利路7号,42,06,82,完整
襄阳市老河口市仙人渡镇汉江社区,42,06,82,省略省
老河口市孟楼镇曹坡村,42,06,82,省略省市
湖北老河口张集镇,42,06,82,省略市+简称
湖北省老合口市光化街道,42,06,82,同音错误
光化街道老河口市襄阳市湖北省,42,06,82,顺序混乱
湖北省襄阳市枣阳市北城街道中兴大道8号,42,06,83,完整
襄阳市枣阳市南城街道沙店社区,42,06,83,省略省
枣阳市吴店镇皇村,42,06,83,省略省市
湖北枣阳兴隆镇,42,06,83,省略市+简称
湖北省枣阳市北城街道中xing大道,42,06,83,同音错误
北城街道枣阳市襄阳市湖北省,42,06,83,顺序混乱
湖北省襄阳市宜城市鄢城街道中华路9号,42,06,84,完整
襄阳市宜城市龙头街道紫盖社区,42,06,84,省略省
宜城市郑集镇皇城村,42,06,84,省略省市
湖北宜城板桥店镇,42,06,84,省略市+简称
湖北省宜城市焉城街道,42,06,84,同音错误
鄢城街道宜城市襄阳市湖北省,42,06,84,顺序混乱
湖北省鄂州市梁子湖区太和街道太和大道1号,42,07,02,完整
鄂州市梁子湖区东沟镇大垅社区,42,07,02,省略省
梁子湖区沼山镇牛山村,42,07,02,省略省市
湖北梁子湖涂家垴镇,42,07,02,省略市+简称
湖北省鄂州市梁子湖区太合街道,42,07,02,同音错误
太和街道梁子湖区鄂州市湖北省,42,07,02,顺序混乱
湖北省鄂州市华容区华容街道楚藩大道2号,42,07,03,完整
鄂州市华容区葛店镇大湾社区,42,07,03,省略省
华容区庙岭镇红莲村,42,07,03,省略省市
湖北华容段店镇,42,07,03,省略市+简称
湖北省鄂州市华容区华容街道楚潘大道,42,07,03,同音错误
华容街道华容区鄂州市湖北省,42,07,03,顺序混乱
湖北省鄂州市鄂城区古楼街道武昌大道3号,42,07,04,完整
鄂州市鄂城区凤凰街道江家东社区,42,07,04,省略省
鄂城区泽林镇陈桥村,42,07,04,省略省市
湖北鄂城碧石渡镇,42,07,04,省略市+简称
湖北省鄂州市鄂城区鼓楼街道,42,07,04,同音错误
古楼街道鄂城区鄂州市湖北省,42,07,04,顺序混乱
湖北省荆门市东宝区龙泉街道象山大道1号,42,08,02,完整
荆门市东宝区泉口街道浏河社区,42,08,02,省略省
东宝区牌楼镇来龙村,42,08,02,省略省市
湖北东宝石桥驿镇,42,08,02,省略市+简称
湖北省荆门市东宝区龙泉街道像山大道,42,08,02,同音错误
龙泉街道东宝区荆门市湖北省,42,08,02,顺序混乱
湖北省荆门市掇刀区白庙街道深圳大道2号,42,08,04,完整
荆门市掇刀区兴隆街道迎春社区,42,08,04,省略省
掇刀区团林铺镇陈集村,42,08,04,省略省市
湖北掇刀麻城镇,42,08,04,省略市+简称
湖北省荆门市辍刀区白庙街道,42,08,04,同音错误
白庙街道掇刀区荆门市湖北省,42,08,04,顺序混乱
湖北省荆门市沙洋县沙洋镇平湖路3号,42,08,22,完整
荆门市沙洋县后港镇宋湖社区,42,08,22,省略省
沙洋县官垱镇高桥村,42,08,22,省略省市
湖北沙洋沈集镇,42,08,22,省略市+简称
湖北省沙洋县沙洋镇平湖骆,42,08,22,编辑距离错误
沙洋镇沙洋县荆门市湖北省,42,08,22,顺序混乱
湖北省荆门市钟祥市郢中街道阳春大街4号,42,08,81,完整
荆门市钟祥市胡集镇桥垱社区,42,08,81,省略省
钟祥市客店镇南庄村,42,08,81,省略省市
湖北钟祥柴湖镇,42,08,81,省略市+简称
湖北省钟祥市郢中街道阳春大待,42,08,81,同音错误
郢中街道钟祥市荆门市湖北省,42,08,81,顺序混乱
湖北省荆门市京山市新市街道轻机大道5号,42,08,82,完整
荆门市京山市永兴街道文峰社区,42,08,82,省略省
京山市宋河镇高关村,42,08,82,省略省市
湖北京山钱场镇,42,08,82,省略市+简称
湖北省京山市新市街道轻机大遒,42,08,82,同音错误
新市街道京山市荆门市湖北省,42,08,82,顺序混乱
湖北省孝感市孝南区广场街道城站路1号,42,09,02,完整
孝感市孝南区新华街道中山社区,42,09,02,省略省
孝南区朋兴乡华光村,42,09,02,省略省市
湖北孝南卧龙镇,42,09,02,省略市+简称
湖北省孝感市孝南区和场街道,42,09,02,同音错误
广场街道孝南区孝感市湖北省,42,09,02,顺序混乱
湖北省孝感市孝昌县花园镇古城大道2号,42,09,21,完整
孝感市孝昌县周巷镇新龙社区,42,09,21,省略省
孝昌县王店镇港边村,42,09,21,省略省市
湖北孝昌小悟乡,42,09,21,省略市+简称
湖北省孝昌县花园镇古成大道,42,09,21,同音错误
花园镇孝昌县孝感市湖北省,42,09,21,顺序混乱
湖北省孝感市大悟县城关镇长征路3号,42,09,22,完整
孝感市大悟县宣化店镇会馆社区,42,09,22,省略省
大悟县芳畈镇严冲村,42,09,22,省略省市
湖北大悟河口镇,42,09,22,省略市+简称
湖北省大悟县成关镇,42,09,22,编辑距离错误
城关镇大悟县孝感市湖北省,42,09,22,顺序混乱
湖北省孝感市云梦县城关镇建设路4号,42,09,23,完整
孝感市云梦县伍洛镇三湖社区,42,09,23,省略省
云梦县下辛店镇张台村,42,09,23,省略省市
湖北云梦义堂镇,42,09,23,省略市+简称
湖北省云梦县城关镇建没路,42,09,23,编辑距离错误
城关镇云梦县孝感市湖北省,42,09,23,顺序混乱
湖北省孝感市应城市城中街道蒲阳大道5号,42,09,81,完整
孝感市应城市四里棚街道星星社区,42,09,81,省略省
应城市汤池镇方集村,42,09,81,省略省市
湖北应城长江埠街道,42,09,81,省略市+简称
湖北省应城市城中街道蒲阳大遒,42,09,81,同音错误
城中街道应城市孝感市湖北省,42,09,81,顺序混乱
湖北省孝感市安陆市府城街道碧涢路6号,42,09,82,完整
孝感市安陆市南城街道中山社区,42,09,82,省略省
安陆市巡店镇刘桥村,42,09,82,省略省市
湖北安陆洑水镇,42,09,82,省略市+简称
湖北省安陆市府城街道碧涢骆,42,09,82,同音错误
府城街道安陆市孝感市湖北省,42,09,82,顺序混乱
湖北省孝感市汉川市仙女山街道欢乐街7号,42,09,84,完整
孝感市汉川市新河镇涵闸社区,42,09,84,省略省
汉川市马口镇高庙村,42,09,84,省略省市
湖北汉川分水镇,42,09,84,省略市+简称
湖北省汉川市仙女山街道欢东街,42,09,84,同音错误
仙女山街道汉川市孝感市湖北省,42,09,84,顺序混乱
湖北省荆州市沙市区中山街道北京路1号,42,10,02,完整
荆州市沙市区解放街道白云社区,42,10,02,省略省
沙市区关沮镇合心村,42,10,02,省略省市
湖北沙市立新街道,42,10,02,省略市+简称
湖北省荆州市沙市区中山街道北京骆,42,10,02,编辑距离错误
中山街道沙市区荆州市湖北省,42,10,02,顺序混乱
湖北省荆州市荆州区西城街道荆中路2号,42,10,03,完整
荆州市荆州区东城街道荆东社区,42,10,03,省略省
荆州区太湖港街道秘师桥村,42,10,03,省略省市
湖北荆州区八岭山镇,42,10,03,省略市+简称
湖北省荆州市荆州区西城街道荆中骆,42,10,03,同音错误
西城街道荆州区荆州市湖北省,42,10,03,顺序混乱
湖北省荆州市公安县斗湖堤镇油江路3号,42,10,22,完整
荆州市公安县斑竹垱镇同和社区,42,10,22,省略省
公安县南平镇鲍关村,42,10,22,省略省市
湖北公安藕池镇,42,10,22,省略市+简称
湖北省公安县斗湖堤镇油江骆,42,10,22,同音错误
斗湖堤镇公安县荆州市湖北省,42,10,22,顺序混乱
湖北省荆州市江陵县郝穴镇荆江路4号,42,10,24,完整
荆州市江陵县白马寺镇曲白马社区,42,10,24,省略省
江陵县资市镇先进村,42,10,24,省略省市
湖北江陵普济镇,42,10,24,省略市+简称
湖北省江陵县郝穴镇荆扛路,42,10,24,同音错误
郝穴镇江陵县荆州市湖北省,42,10,24,顺序混乱
湖北省荆州市石首市绣林街道笔架山路5号,42,10,81,完整
荆州市石首市笔架山街道槐树堤社区,42,10,81,省略省
石首市调关镇槎港村,42,10,81,省略省市
湖北石首东升镇,42,10,81,省略市+简称
湖北省石首市绣林街道笔架出路,42,10,81,同音错误
绣林街道石首市荆州市湖北省,42,10,81,顺序混乱
湖北省荆州市洪湖市新堤街道文泉大道6号,42,10,83,完整
荆州市洪湖市乌林镇青山社区,42,10,83,省略省
洪湖市峰口镇塘嘴村,42,10,83,省略省市
湖北洪湖瞿家湾镇,42,10,83,省略市+简称
湖北省洪湖市新堤街道文泉大遒,42,10,83,同音错误
新堤街道洪湖市荆州市湖北省,42,10,83,顺序混乱
湖北省荆州市松滋市新江口街道民主路7号,42,10,87,完整
荆州市松滋市刘家场镇官渡坪社区,42,10,87,省略省
松滋市洈水镇团山口村,42,10,87,省略省市
湖北松滋街河市镇,42,10,87,省略市+简称
湖北省松滋市新江口街道民王路,42,10,87,同音错误
新江口街道松滋市荆州市湖北省,42,10,87,顺序混乱
湖北省荆州市监利市容城街道华容路8号,42,10,23,完整
荆州市监利市朱河镇芦陵社区,42,10,23,省略省
监利市新沟镇横台村,42,10,23,省略省市
湖北监利周老嘴镇,42,10,23,省略市+简称
湖北省监利市容城街道华容骆,42,10,23,同音错误
容城街道监利市荆州市湖北省,42,10,23,顺序混乱
湖北省黄冈市黄州区赤壁街道体育路1号,42,11,02,完整
黄冈市黄州区东湖街道三台河社区,42,11,02,省略省
黄州区路口镇丁甲村,42,11,02,省略省市
甘肃省兰州市城关区雁北街道雁滩路1号,62,01,02,完整
兰州城关盐场路街道小沟坪社区12栋,62,01,02,省略省
城关区张掖路街道大众巷25号,62,01,02,省略省市
甘肃城关焦家湾街道焦家湾南路3号,62,01,02,省略市+简称
兰州市城关村雁北街道天水南路,62,01,02,同音错误
雁北街道雁滩路甘肃省兰州市城关区,62,01,02,顺序混乱
甘肃省兰州市七里河区西湖街道兰工坪北街8号,62,01,03,完整
七里河建兰路街道吴西街社区4号楼,62,01,03,省略省
七里河区土门墩街道兰通社区,62,01,03,截断
甘肃七里河龚家湾街道龚西路2号,62,01,03,省略市+简称
兰州市七河区西湖街道兰工坪北街,62,01,03,编辑距离错误
西湖街道兰工坪北街甘肃省兰州市七里河区,62,01,03,顺序混乱
甘肃省兰州市西固区福利路街道福利西路20号,62,01,04,完整
西固西固城街道合水北路5号,62,01,04,省略省
西固区先锋路街道花园小区,62,01,04,截断
甘肃西固陈坪街道西固东路9号,62,01,04,省略市+简称
兰州市西古区福利路街道山丹街,62,01,04,编辑距离错误
福利路街道福利西路甘肃省兰州市西固区,62,01,04,顺序混乱
甘肃省兰州市安宁区西路街道枣林路15号,62,01,05,完整
安宁培黎街道建宁路社区3号楼,62,01,05,省略省
安宁区银滩路街道银滩路,62,01,05,截断
甘肃安宁沙井驿街道齿轮厂社区,62,01,05,省略市+简称
兰州市安宁静西路街道枣林路,62,01,05,同音错误
枣林路安宁区西路街道甘肃省兰州市,62,01,05,顺序混乱
甘肃省兰州市红古区下窑街道二坪台社区1号,62,01,11,完整
红古下窑街道二坪台,62,01,11,截断
红古区窑街街道和平社区,62,01,11,省略省
甘肃红古下瑶街道二坪台社区,62,01,11,编辑距离错误
下窑街道二坪台甘肃省兰州市红古区,62,01,11,顺序混乱
甘肃省兰州市永登县城关镇和平街6号,62,01,21,完整
永登城关镇和平街,62,01,21,省略省
永登县大同镇保家湾村,62,01,21,截断
甘肃永登城光镇和平街,62,01,21,同音错误
和平街永登县城关镇甘肃省兰州市,62,01,21,顺序混乱
甘肃省兰州市皋兰县城关镇名藩大道3号,62,01,22,完整
皋兰石洞镇三川口社区,62,01,22,省略省
皋兰县黑石镇白坡村,62,01,22,截断
甘肃高兰县城关镇名藩大道,62,01,22,编辑距离错误
名藩大道皋兰县城关镇甘肃省兰州市,62,01,22,顺序混乱
甘肃省兰州市榆中县城关镇兴隆路8号,62,01,23,完整
榆中和平镇牡丹园社区,62,01,23,省略省
榆中县夏官营镇高家崖村,62,01,23,截断
甘肃愉中县城关镇兴隆路,62,01,23,编辑距离错误
兴隆路榆中县城关镇甘肃省兰州市,62,01,23,顺序混乱
甘肃省嘉峪关市建设街道胜利路10号,62,02,01,完整
嘉峪关雄关街道友谊社区2号楼,62,02,01,省略省
嘉峪关市长城区建设路,62,02,01,截断
甘肃嘉玉关雄关街道胜利路,62,02,01,编辑距离错误
胜利路嘉峪关市建设街道甘肃省,62,02,01,顺序混乱
甘肃省金昌市金川区北京路街道龙门里社区5号,62,03,02,完整
金川金川路街道龙云里,62,03,02,省略省
金川区滨河路街道龙泉里,62,03,02,截断
甘肃金川北京路街道龙门里社区,62,03,02,省略市+简称
金昌市金川区北京路街道龙云里,62,03,02,同音错误
龙门里社区金川区北京路街道甘肃省金昌市,62,03,02,顺序混乱
甘肃省金昌市永昌县城关镇天锦苑社区3号,62,03,21,完整
永昌河西堡镇化工路,62,03,21,省略省
永昌县朱王堡镇头沟村,62,03,21,截断
甘肃永昌城光镇天锦苑社区,62,03,21,同音错误
天锦苑社区永昌县城关镇甘肃省金昌市,62,03,21,顺序混乱
甘肃省白银市白银区人民路街道中心街12号,62,04,02,完整
白银工农路街道西村社区,62,04,02,省略省
白银区四龙路街道大型社区,62,04,02,截断
甘肃白银公园路街道育才社区,62,04,02,省略市+简称
白银市白银行业人民路街道中心街,62,04,02,同音错误
中心街白银区人民路街道甘肃省白银市,62,04,02,顺序混乱
甘肃省白银市平川区兴平路街道世纪广场2号,62,04,03,完整
平川长征路街道化工社区,62,04,03,省略省
平川区王家山镇万庙村,62,04,03,截断
甘肃平川兴平路街道世纪广场,62,04,03,编辑距离错误
世纪广场平川区兴平路街道甘肃省白银市,62,04,03,顺序混乱
甘肃省白银市靖远县乌兰镇人民路5号,62,04,21,完整
靖远北湾镇古城村,62,04,21,省略省
靖远县东湾镇大坝村,62,04,21,截断
甘肃靖远乌海镇人民路,62,04,21,编辑距离错误
人民路靖远县乌兰镇甘肃省白银市,62,04,21,顺序混乱
甘肃省白银市会宁县会师镇长征路8号,62,04,22,完整
会宁郭城驿镇新堡子村,62,04,22,省略省
会宁县甘沟驿镇五十里铺村,62,04,22,截断
甘肃会宁会帅镇长征路,62,04,22,同音错误
长征路会宁县会师镇甘肃省白银市,62,04,22,顺序混乱
甘肃省白银市景泰县一条山镇人民路3号,62,04,23,完整
景泰芦阳镇城北墩村,62,04,23,省略省
景泰县喜泉镇兴泉村,62,04,23,截断
甘肃景泰一条三镇人民路,62,04,23,编辑距离错误
人民路景泰县一条山镇甘肃省白银市,62,04,23,顺序混乱
甘肃省天水市秦州区天水郡街道皂郊路6号,62,05,02,完整
天水秦州大城街道进步巷,62,05,02,省略省
秦州区七里墩街道长控社区,62,05,02,截断
甘肃秦州天水准街道皂郊路,62,05,02,同音错误
皂郊路秦州区天水郡街道甘肃省天水市,62,05,02,顺序混乱
甘肃省天水市麦积区桥南街道新苑路2号,62,05,03,完整
麦积道北街道北山路社区,62,05,03,省略省
麦积区马跑泉镇什字坪村,62,05,03,截断
甘肃麦积桥南街新苑路,62,05,03,编辑距离错误
新苑路麦积区桥南街道甘肃省天水市,62,05,03,顺序混乱
甘肃省天水市清水县永清镇中山路4号,62,05,21,完整
清水红堡镇杜川村,62,05,21,省略省
清水县白驼镇玉屏村,62,05,21,截断
甘肃清水水平镇中山路,62,05,21,同音错误
中山路清水县永清镇甘肃省天水市,62,05,21,顺序混乱
甘肃省天水市秦安县城兴国镇成纪大道9号,62,05,22,完整
秦安莲花镇冯沟村,62,05,22,省略省
秦安县西川镇侯辛村,62,05,22,截断
甘肃秦安兴果镇成纪大道,62,05,22,同音错误
成纪大道秦安县城兴国镇甘肃省天水市,62,05,22,顺序混乱
甘肃省天水市甘谷县大像山镇冀城路7号,62,05,23,完整
甘谷新兴镇十字道村,62,05,23,省略省
甘谷县磐安镇十甲村,62,05,23,截断
甘肃甘古大像山镇冀城路,62,05,23,编辑距离错误
冀城路甘谷县大像山镇甘肃省天水市,62,05,23,顺序混乱
甘肃省天水市武山县城关镇宁远大道3号,62,05,24,完整
武山洛门镇郭庄村,62,05,24,省略省
武山县鸳鸯镇丁门村,62,05,24,截断
甘肃武山城光镇宁远大路,62,05,24,同音错误
宁远大道武山县城关镇甘肃省天水市,62,05,24,顺序混乱
甘肃省天水市张家川回族自治县张家川镇阿阳大道5号,62,05,25,完整
张家川龙山镇西川村,62,05,25,省略省
张家川回族自治县恭门镇古土村,62,05,25,截断
甘肃张家传张家川镇阿阳大道,62,05,25,同音错误
阿阳大道张家川回族自治县张家川镇甘肃省天水市,62,05,25,顺序混乱
甘肃省武威市凉州区东大街街道文庙路8号,62,06,02,完整
武威凉州西关街街道科技巷,62,06,02,省略省
凉州区高坝镇同益村,62,06,02,截断
甘肃凉州东大街道文庙路,62,06,02,编辑距离错误
文庙路凉州区东大街街道甘肃省武威市,62,06,02,顺序混乱
甘肃省武威市民勤县三雷镇北大街2号,62,06,21,完整
民勤东湖镇西沟村,62,06,21,省略省
民勤县大滩镇大滩社区,62,06,21,截断
甘肃民勤三雷镇北大大街,62,06,21,编辑距离错误
北大街民勤县三雷镇甘肃省武威市,62,06,21,顺序混乱
甘肃省武威市古浪县古浪镇昌松路6号,62,06,22,完整
古浪土门镇台子村,62,06,22,省略省
古浪县西靖镇为民新村,62,06,22,截断
甘肃古浪古浪镇昌松路,62,06,22,同音错误
昌松路古浪县古浪镇甘肃省武威市,62,06,22,顺序混乱
甘肃省武威市天祝藏族自治县华藏寺镇华干路4号,62,06,23,完整
天祝打柴沟镇安家河村,62,06,23,省略省
天祝藏族自治县炭山岭镇菜籽湾村,62,06,23,截断
甘肃天祝华藏寺镇华千路,62,06,23,同音错误
华干路天祝藏族自治县华藏寺镇甘肃省武威市,62,06,23,顺序混乱
甘肃省张掖市甘州区南街街道民主西街10号,62,07,02,完整
张掖甘州北街街道交通巷,62,07,02,省略省
甘州区新墩镇白塔村,62,07,02,截断
甘肃甘州南街街道民主西街,62,07,02,同音错误
民主西街甘州区南街街道甘肃省张掖市,62,07,02,顺序混乱
甘肃省张掖市肃南裕固族自治县红湾寺镇皇城路3号,62,07,21,完整
肃南皇城镇大湖滩村,62,07,21,省略省
肃南裕固族自治县马蹄藏族乡小寺村,62,07,21,截断
甘肃肃南红弯寺镇皇城路,62,07,21,编辑距离错误
皇城路肃南裕固族自治县红湾寺镇甘肃省张掖市,62,07,21,顺序混乱
甘肃省张掖市民乐县洪水镇东西大街5号,62,07,22,完整
民乐六坝镇海潮坝村,62,07,22,省略省
民乐县南丰镇黑山村,62,07,22,截断
甘肃民乐洪三镇东西大街,62,07,22,编辑距离错误
东西大街民乐县洪水镇甘肃省张掖市,62,07,22,顺序混乱
甘肃省张掖市临泽县沙河镇建设路8号,62,07,23,完整
临泽倪家营镇南台村,62,07,23,省略省
临泽县板桥镇西湾村,62,07,23,截断
甘肃临择沙河镇建设路,62,07,23,编辑距离错误
建设路临泽县沙河镇甘肃省张掖市,62,07,23,顺序混乱
甘肃省张掖市高台县城关镇新建东街2号,62,07,24,完整
高台巷道镇小寺村,62,07,24,省略省
高台县黑泉镇定平村,62,07,24,截断
甘肃高台城光镇新建东街,62,07,24,同音错误
新建东街高台县城关镇甘肃省张掖市,62,07,24,顺序混乱
甘肃省张掖市山丹县清泉镇南街6号,62,07,25,完整
山丹东乐镇城西村,62,07,25,省略省
山丹县老军乡丰城村,62,07,25,截断
甘肃山丹清泉镇南大街,62,07,25,编辑距离错误
南街山丹县清泉镇甘肃省张掖市,62,07,25,顺序混乱
甘肃省平凉市崆峒区中街街道西门口1号,62,08,02,完整
平凉崆峒东关街道船舱街,62,08,02,省略省
崆峒区柳湖镇土坝村,62,08,02,截断
甘肃崆峒中街街道西门口,62,08,02,同音错误
西门口崆峒区中街街道甘肃省平凉市,62,08,02,顺序混乱
甘肃省平凉市泾川县城关镇中山街4号,62,08,21,完整
泾川王村镇朱家涧村,62,08,21,省略省
泾川县高平镇任家寺村,62,08,21,截断
甘肃泾川城光镇中山街,62,08,21,同音错误
中山街泾川县城关镇甘肃省平凉市,62,08,21,顺序混乱
甘肃省平凉市灵台县中台镇西大街3号,62,08,22,完整
灵台什字镇草滩村,62,08,22,省略省
灵台县独店镇张坡村,62,08,22,截断
甘肃灵台中台镇西大衔,62,08,22,编辑距离错误
西大街灵台县中台镇甘肃省平凉市,62,08,22,顺序混乱
甘肃省平凉市崇信县锦屏镇西街5号,62,08,23,完整
崇信新窑镇戚家川村,62,08,23,省略省
崇信县柏树镇闫湾村,62,08,23,截断
甘肃崇信锦平镇西街,62,08,23,同音错误
西街崇信县锦屏镇甘肃省平凉市,62,08,23,顺序混乱
甘肃省平凉市华亭市东华街道西大街2号,62,08,24,完整
华亭安口镇晨光村,62,08,24,省略省
华亭市西华镇草滩村,62,08,24,截断
甘肃华停东华街道西大街,62,08,24,编辑距离错误
西大街华亭市东华街道甘肃省平凉市,62,08,24,顺序混乱
甘肃省平凉市庄浪县水洛镇中街7号,62,08,25,完整
庄浪南湖镇席河村,62,08,25,省略省
庄浪县朱店镇吴沟村,62,08,25,截断
甘肃庄浪水洛镇中衔,62,08,25,编辑距离错误
中街庄浪县水洛镇甘肃省平凉市,62,08,25,顺序混乱
甘肃省平凉市静宁县城关镇中街3号,62,08,26,完整
静宁威戎镇马山根村,62,08,26,省略省
静宁县界石铺镇继红村,62,08,26,截断
甘肃静宁城光镇中街,62,08,26,同音错误
中街静宁县城关镇甘肃省平凉市,62,08,26,顺序混乱
甘肃省酒泉市肃州区东南街街道民意街9号,62,09,02,完整
酒泉肃州金泉路社区西环北路,62,09,02,省略省
肃州区下河清镇五坝村,62,09,02,截断
甘肃肃州东南街街道民意街,62,09,02,同音错误
民意街肃州区东南街街道甘肃省酒泉市,62,09,02,顺序混乱
甘肃省酒泉市金塔县金塔镇解放路4号,62,09,21,完整
金塔鼎新镇头分村,62,09,21,省略省
金塔县古城乡新地村,62,09,21,截断
甘肃金塔金搭镇解放路,62,09,21,编辑距离错误
解放路金塔县金塔镇甘肃省酒泉市,62,09,21,顺序混乱
甘肃省酒泉市瓜州县渊泉镇瓜州大道6号,62,09,22,完整
瓜州柳园镇东风村,62,09,22,省略省
瓜州县南岔镇十工村,62,09,22,截断
甘肃瓜州渊泉镇瓜洲大道,62,09,22,同音错误
瓜州大道瓜州县渊泉镇甘肃省酒泉市,62,09,22,顺序混乱
甘肃省酒泉市肃北蒙古族自治县党城湾镇梦柯路2号,62,09,23,完整
肃北马鬃山镇明水村,62,09,23,省略省
肃北蒙古族自治县石包城乡金鱼村,62,09,23,截断
甘肃肃北党成湾镇梦柯路,62,09,23,编辑距离错误
梦柯路肃北蒙古族自治县党城湾镇甘肃省酒泉市,62,09,23,顺序混乱
甘肃省酒泉市阿克塞哈萨克族自治县红柳湾镇金山路3号,62,09,24,完整
阿克塞阿勒腾乡苏干湖村,62,09,24,省略省
阿克塞哈萨克族自治县民主社区,62,09,24,截断
甘肃阿克赛红柳湾镇金山路,62,09,24,同音错误
金山路阿克塞哈萨克族自治县红柳湾镇甘肃省酒泉市,62,09,24,顺序混乱
甘肃省酒泉市玉门市新市区街道铁人路5号,62,09,81,完整
玉门老市区和平路社区,62,09,81,省略省
玉门市昌马镇水峡村,62,09,81,截断
甘肃玉门新市街铁人路,62,09,81,编辑距离错误
铁人路玉门市新市区街道甘肃省酒泉市,62,09,81,顺序混乱
甘肃省酒泉市敦煌市沙州镇阳关中路8号,62,09,82,完整
敦煌七里镇三号桥村,62,09,82,省略省
敦煌市莫高镇新墩村,62,09,82,截断
甘肃敦惶沙州镇阳关中路,62,09,82,同音错误
阳关中路敦煌市沙州镇甘肃省酒泉市,62,09,82,顺序混乱
甘肃省庆阳市西峰区南街街道育才路10号,62,10,02,完整
庆阳西峰北街街道九龙北路,62,10,02,省略省
西峰区董志镇周岭村,62,10,02,截断
甘肃西峰南街街道育材路,62,10,02,同音错误
育才路西峰区南街街道甘肃省庆阳市,62,10,02,顺序混乱
甘肃省庆阳市庆城县城庆城镇庆北社区3号,62,10,21,完整
庆城驿马镇儒林村,62,10,21,省略省
庆城县桐川镇党崾岘村,62,10,21,截断
甘肃庆城城庆镇庆北社区,62,10,21,同音错误
庆北社区庆城县城庆城镇甘肃省庆阳市,62,10,21,顺序混乱
甘肃省庆阳市环县环城镇中街5号,62,10,22,完整
环县曲子镇孟家寨村,62,10,22,省略省
环县洪德镇李达掌村,62,10,22,截断
甘肃环县环城填中街,62,10,22,编辑距离错误
中街环县环城镇甘肃省庆阳市,62,10,22,顺序混乱
甘肃省庆阳市华池县柔远镇中街2号,62,10,23,完整
华池南梁镇荔园堡村,62,10,23,省略省
华池县悦乐镇高河村,62,10,23,截断
甘肃华池柔远镇中衔,62,10,23,编辑距离错误
中街华池县柔远镇甘肃省庆阳市,62,10,23,顺序混乱
甘肃省庆阳市合水县西华池镇中街6号,62,10,24,完整
合水老城镇庙庄村,62,10,24,省略省
合水县太白镇连家砭村,62,10,24,截断
甘肃合水西华地镇中街,62,10,24,编辑距离错误
中街合水县西华池镇甘肃省庆阳市,62,10,24,顺序混乱
甘肃省庆阳市正宁县山河镇中街4号,62,10,25,完整
正宁宫河镇彭家川村,62,10,25,省略省
正宁县永和镇罗川村,62,10,25,截断
甘肃正宁山和镇中街,62,10,25,同音错误
中街正宁县山河镇甘肃省庆阳市,62,10,25,顺序混乱
甘肃省庆阳市宁县新宁镇中街7号,62,10,26,完整
宁县长庆桥镇西郭村,62,10,26,省略省
宁县和盛镇吴家村,62,10,26,截断
甘肃宁县新宇镇中街,62,10,26,同音错误
中街宁县新宁镇甘肃省庆阳市,62,10,26,顺序混乱
甘肃省庆阳市镇原县城关镇中街3号,62,10,27,完整
镇原平泉镇秦铺村,62,10,27,省略省
镇原县临泾镇包庄村,62,10,27,截断
甘肃镇原城光镇中街,62,10,27,同音错误
中街镇原县城关镇甘肃省庆阳市,62,10,27,顺序混乱
甘肃省定西市安定区中华路街道西岩山1号,62,11,02,完整
定西安定永定路街道解放巷,62,11,02,省略省
安定区内官营镇锦屏村,62,11,02,截断
甘肃安定中华路街道西严山,62,11,02,编辑距离错误
西岩山安定区中华路街道甘肃省定西市,62,11,02,顺序混乱
甘肃省定西市通渭县平襄镇中街5号,62,11,21,完整
通渭马营镇赤砂村,62,11,21,省略省
通渭县陇川镇石峰村,62,11,21,截断
甘肃通谓平襄镇中街,62,11,21,编辑距离错误
中街通渭县平襄镇甘肃省定西市,62,11,21,顺序混乱
甘肃省定西市陇西县巩昌镇中街8号,62,11,22,完整
陇西文峰镇交通社区,62,11,22,省略省
陇西县首阳镇梁家营村,62,11,22,截断
甘肃陇西巩昌镇中衔,62,11,22,编辑距离错误
中街陇西县巩昌镇甘肃省定西市,62,11,22,顺序混乱
甘肃省定西市渭源县清源镇中街4号,62,11,23,完整
渭源会川镇西关村,62,11,23,省略省
渭源县莲峰镇古迹坪村,62,11,23,截断
甘肃渭源清原镇中街,62,11,23,同音错误
中街渭源县清源镇甘肃省定西市,62,11,23,顺序混乱
甘肃省定西市临洮县洮阳镇文峰路6号,62,11,24,完整
临洮新添镇潘家庄村,62,11,24,省略省
临洮县衙下集镇赵家集村,62,11,24,截断
甘肃临桃洮阳镇文峰路,62,11,24,编辑距离错误
文峰路临洮县洮阳镇甘肃省定西市,62,11,24,顺序混乱
甘肃省定西市漳县武阳镇中街3号,62,11,25,完整
漳县大草滩镇新联村,62,11,25,省略省
漳县盐井镇杜家庄村,62,11,25,截断
甘肃章县武阳镇中街,62,11,25,同音错误
中街漳县武阳镇甘肃省定西市,62,11,25,顺序混乱
甘肃省定西市岷县岷阳镇中街7号,62,11,26,完整
岷县梅川镇牙利村,62,11,26,省略省
岷县锁龙乡拔那村,62,11,26,截断
甘肃民县岷阳镇中街,62,11,26,同音错误
中街岷县岷阳镇甘肃省定西市,62,11,26,顺序混乱
甘肃省陇南市武都区城关镇建设巷2号,62,12,02,完整
陇南武都钟楼街道梁园社区,62,12,02,省略省
武都区安化镇曾街村,62,12,02,截断
甘肃武都城关镇建社巷,62,12,02,编辑距离错误
建设巷武都区城关镇甘肃省陇南市,62,12,02,顺序混乱
甘肃省陇南市成县城关镇陇南大道5号,62,12,21,完整
成县小川镇西狭村,62,12,21,省略省
成县抛沙镇广化村,62,12,21,截断
甘肃城县城关镇陇南大道,62,12,21,同音错误
陇南大道成县城关镇甘肃省陇南市,62,12,21,顺序混乱
甘肃省陇南市文县城关镇江南街3号,62,12,22,完整
文县天池镇天池村,62,12,22,省略省
文县碧口镇曲水村,62,12,22,截断
甘肃文城城关镇江南街,62,12,22,同音错误
江南街文县城关镇甘肃省陇南市,62,12,22,顺序混乱
甘肃省陇南市宕昌县城关镇长征路6号,62,12,23,完整
宕昌哈达铺镇玉岗村,62,12,23,省略省
宕昌县沙湾镇沙坝村,62,12,23,截断
甘肃当昌城关镇长证路,62,12,23,编辑距离错误
长征路宕昌县城关镇甘肃省陇南市,62,12,23,顺序混乱
甘肃省陇南市康县城关镇中街4号,62,12,24,完整
康县阳坝镇油房坝村,62,12,24,省略省
康县王坝镇何家庄村,62,12,24,截断
甘肃康城城关镇中衔,62,12,24,编辑距离错误
中街康县城关镇甘肃省陇南市,62,12,24,顺序混乱
甘肃省陇南市西和县汉源镇中山路8号,62,12,25,完整
西和长道镇大柳村,62,12,25,省略省
西和县马元镇马沟村,62,12,25,截断
甘肃西和汉源镇中出路,62,12,25,编辑距离错误
中山路西和县汉源镇甘肃省陇南市,62,12,25,顺序混乱
甘肃省陇南市礼县城关镇东城路3号,62,12,26,完整
礼县盐官镇新合村,62,12,26,省略省
礼县祁山镇西汉村,62,12,26,截断
甘肃礼城城关镇东成路,62,12,26,同音错误
东城路礼县城关镇甘肃省陇南市,62,12,26,顺序混乱
甘肃省陇南市徽县城关镇金徽大道5号,62,12,27,完整
徽县伏家镇架山村,62,12,27,省略省
徽县江洛镇赵河村,62,12,27,截断
甘肃辉县城关镇金徽大道,62,12,27,同音错误
金徽大道徽县城关镇甘肃省陇南市,62,12,27,顺序混乱
甘肃省陇南市两当县城关镇广金路2号,62,12,28,完整
两当杨店镇灵官村,62,12,28,省略省
两当县站儿巷镇站儿巷村,62,12,28,截断
甘肃两当城城关镇广金路,62,12,28,同音错误
广金路两当县城关镇甘肃省陇南市,62,12,28,顺序混乱
甘肃省临夏回族自治州临夏市城南街道新华路6号,62,29,01,完整
临夏城南东关街道水泉巷,62,29,01,省略省
临夏市西关街道华寺街,62,29,01,截断
甘肃临夏城南街道新华路,62,29,01,同音错误
新华路临夏市城南街道甘肃省临夏回族自治州,62,29,01,顺序混乱
甘肃省临夏回族自治州临夏县韩集镇万惠路3号,62,29,21,完整
临夏县土桥镇重台塬村,62,29,21,省略省
临夏县新集镇杨川村,62,29,21,截断
甘肃临夏韩集镇万会路,62,29,21,同音错误
万惠路临夏县韩集镇甘肃省临夏回族自治州,62,29,21,顺序混乱
甘肃省临夏回族自治州康乐县城附城镇新治街5号,62,29,22,完整
康乐胭脂镇郭家麻村,62,29,22,省略省
康乐县八松乡纳沟村,62,29,22,截断
甘肃康乐附城填新治街,62,29,22,编辑距离错误
新治街康乐县城附城镇甘肃省临夏回族自治州,62,29,22,顺序混乱
甘肃省临夏回族自治州永靖县刘家峡镇川东路8号,62,29,23,完整
永靖盐锅峡镇新西社区,62,29,23,省略省
永靖县太极镇大川村,62,29,23,截断
甘肃永静刘家峡镇川东路,62,29,23,同音错误
川东路永靖县刘家峡镇甘肃省临夏回族自治州,62,29,23,顺序混乱
甘肃省临夏回族自治州广河县城关镇河北街2号,62,29,24,完整
广河三甲集镇水家村,62,29,24,省略省
广河县齐家镇黄家湾村,62,29,24,截断
甘肃广河城光镇河北街,62,29,24,同音错误
河北街广河县城关镇甘肃省临夏回族自治州,62,29,24,顺序混乱
甘肃省临夏回族自治州和政县城关镇和汇路4号,62,29,25,完整
和政松鸣镇扁都口村,62,29,25,省略省
和政县买家集镇团结村,62,29,25,截断
甘肃和正城关镇和汇路,62,29,25,同音错误
和汇路和政县城关镇甘肃省临夏回族自治州,62,29,25,顺序混乱
甘肃省临夏回族自治州东乡族自治县锁南镇东西大街6号,62,29,26,完整
东乡达板镇崔家村,62,29,26,省略省
东乡族自治县河滩镇小庄村,62,29,26,截断
甘肃东乡锁南镇东西大衔,62,29,26,编辑距离错误
东西大街东乡族自治县锁南镇甘肃省临夏回族自治州,62,29,26,顺序混乱
甘肃省临夏回族自治州积石山保安族东乡族撒拉族自治县吹麻滩镇临夏路3号,62,29,27,完整
积石山大河家镇康吊村,62,29,27,省略省
积石山保安族东乡族撒拉族自治县关家川乡何家村,62,29,27,截断
甘肃积石山吹麻摊镇临夏路,62,29,27,同音错误
临夏路积石山保安族东乡族撒拉族自治县吹麻滩镇甘肃省临夏回族自治州,62,29,27,顺序混乱
甘肃省甘南藏族自治州合作市当周街道卓尼路5号,62,30,01,完整
合作坚木克尔街道绍玛路,62,30,01,省略省
合作市那吾镇绍玛村,62,30,01,截断
甘肃甘南合作当周街道卓足路,62,30,01,同音错误
卓尼路合作市当周街道甘肃省甘南藏族自治州,62,30,01,顺序混乱
甘肃省甘南藏族自治州临潭县城关镇西大街2号,62,30,21,完整
临潭新城城镇西沟村,62,30,21,省略省
临潭县冶力关镇池沟村,62,30,21,截断
甘肃临谭城关镇西大衔,62,30,21,编辑距离错误
西大街临潭县城关镇甘肃省甘南藏族自治州,62,30,21,顺序混乱
甘肃省甘南藏族自治州卓尼县柳林镇上城门3号,62,30,22,完整
卓尼扎古录镇塔扎村,62,30,22,省略省
卓尼县木耳镇多坝村,62,30,22,截断
甘肃卓尼柳林镇上成们,62,30,22,编辑距离错误
上城门卓尼县柳林镇甘肃省甘南藏族自治州,62,30,22,顺序混乱
甘肃省甘南藏族自治州舟曲县城关镇西街6号,62,30,23,完整
舟曲立节镇水地村,62,30,23,省略省
舟曲县大川镇土桥村,62,30,23,截断
甘肃舟曲城光镇西街,62,30,23,同音错误
西街舟曲县城关镇甘肃省甘南藏族自治州,62,30,23,顺序混乱
甘肃省甘南藏族自治州迭部县城电尕镇西大街4号,62,30,24,完整
迭部旺藏镇让尕村,62,30,24,省略省
迭部县腊子口镇久里才村,62,30,24,截断
甘肃叠部电尕镇西大街,62,30,24,同音错误
西大街迭部县城电尕镇甘肃省甘南藏族自治州,62,30,24,顺序混乱
甘肃省甘南藏族自治州玛曲县城尼玛镇西街2号,62,30,25,完整
玛曲曼日玛镇耀达尔村,62,30,25,省略省
玛曲县阿万仓镇贡塞尔村,62,30,25,截断
甘肃马曲尼玛镇西街,62,30,25,同音错误
西街玛曲县城尼玛镇甘肃省甘南藏族自治州,62,30,25,顺序混乱
甘肃省甘南藏族自治州碌曲县城玛艾镇西街5号,62,30,26,完整
碌曲郎木寺镇贡巴村,62,30,26,省略省
碌曲县尕海镇秀哇村,62,30,26,截断
甘肃禄曲玛艾镇西街,62,30,26,同音错误
西街碌曲县城玛艾镇甘肃省甘南藏族自治州,62,30,26,顺序混乱
甘肃省甘南藏族自治州夏河县拉卜楞镇人民西街3号,62,30,27,完整
夏河王格尔塘镇塘尕村,62,30,27,省略省
湖南省长沙市芙蓉区韭菜园街道桐荫里社区18号,43,01,02,完整
长沙市芙蓉区五一大道982号,43,01,02,完整
芙蓉区定王台街道浏正街社区,43,01,02,截断
长沙芙蓉区都正街街道白果巷3号,43,01,02,省略市+简称
芙蓉区韭菜园街道,43,01,02,省略省市
湖南芙蓉区文艺路街道乔庄社区,43,01,02,省略市
芙容区韭菜园街道桐荫里社区18号,43,01,02,同音错误
胡南省长沙市芙蓉区定王台街道,43,01,02,编辑距离错误
芙蓉区湖南省长沙市韭菜园街道,43,01,02,顺序混乱
芙容区定王台街道湖南长沙,43,01,02,同音+顺序混乱
湖南省长沙市天心区城南路街道白沙花园社区25号,43,01,03,完整
长沙市天心区青园街道万芙路188号,43,01,03,完整
天心区金盆岭街道夏家冲社区,43,01,03,截断
长沙天心区新开铺街道猴子石社区,43,01,03,省略市+简称
天心区文源街道青园路,43,01,03,省略省市
湖南天心区桂花坪街道九峰小区,43,01,03,省略市
天心区城南街街道,43,01,03,同音错误
胡南省长沙市天心区先锋街道,43,01,03,编辑距离错误
天心区长沙市湖南省暮云街道,43,01,03,顺序混乱
天信区城南路街道湖南长沙,43,01,03,同音+顺序混乱
湖南省长沙市岳麓区望岳街道七里营社区32号,43,01,04,完整
长沙市岳麓区学士街道联丰路58号,43,01,04,完整
岳麓区咸嘉湖街道西大门社区,43,01,04,截断
长沙岳麓区梅溪湖街道金茂社区,43,01,04,省略市+简称
岳麓区观沙岭街道茶子山路,43,01,04,省略省市
湖南岳麓区银盆岭街道桐梓坡社区,43,01,04,省略市
岳丽区望岳街道七里营社区,43,01,04,同音错误
胡南省长沙市岳麓区学士街道,43,01,04,编辑距离错误
岳麓区湖南省长沙市咸嘉湖街道,43,01,04,顺序混乱
月麓区银盆岭街道长沙湖南,43,01,04,同音+顺序混乱
湖南省长沙市开福区通泰街街道连升街社区9号,43,01,05,完整
长沙市开福区芙蓉北路街道福城路120号,43,01,05,完整
开福区秀峰街道宿龙桥社区,43,01,05,截断
长沙开福区伍家岭街道紫荆园社区,43,01,05,省略市+简称
开福区浏阳河街道福元路,43,01,05,省略省市
湖南开福区四方坪街道科大社区,43,01,05,省略市
开福区通太街街道连升街,43,01,05,同音错误
胡南省长沙市开福区秀峰街道,43,01,05,编辑距离错误
开福区长沙市湖南省伍家岭街道,43,01,05,顺序混乱
开复区芙蓉北路街道长沙湖南,43,01,05,同音+顺序混乱
湖南省长沙市雨花区圭塘街道大塘社区88号,43,01,11,完整
长沙市雨花区砂子塘街道韶山中路256号,43,01,11,完整
雨花区东塘街道政院社区,43,01,11,截断
长沙雨花区侯家塘街道广济桥社区,43,01,11,省略市+简称
雨花区高桥街道马王堆路,43,01,11,省略省市
湖南雨花区洞井街道鄱阳小区,43,01,11,省略市
雨花区圭圹街道大塘社区,43,01,11,同音错误
胡南省长沙市雨花区东塘街道,43,01,11,编辑距离错误
雨花区长沙市湖南省砂子塘街道,43,01,11,顺序混乱
宇花区高桥街道长沙湖南,43,01,11,同音+顺序混乱
湖南省长沙市望城区高塘岭街道雷锋东路66号,43,01,12,完整
长沙市望城区靖港镇保健街社区,43,01,12,完整
望城区铜官街道誓港社区,43,01,12,截断
长沙望城乔口镇柏乐园路,43,01,12,省略市+简称
望城区茶亭镇梅花岭社区,43,01,12,省略省市
湖南望城区白箬铺镇光明村,43,01,12,省略市
望城区高唐岭街道雷锋东路,43,01,12,同音错误
胡南省长沙市望城区靖港镇,43,01,12,编辑距离错误
望城区长沙市湖南省铜官街道,43,01,12,顺序混乱
望诚区乔口镇长沙湖南,43,01,12,同音+顺序混乱
湖南省长沙县星沙街道开元路178号,43,01,21,完整
长沙县黄花镇机场大道9号,43,01,21,完整
长沙县金井镇金井社区,43,01,21,截断
长沙星沙泉塘街道板仓路,43,01,21,省略市+简称
长沙县江背镇五美路,43,01,21,省略省市
湖南长沙县春华镇武塘村,43,01,21,省略市
长沙县星沙街道路,43,01,21,同音错误
胡南省长沙县黄花镇,43,01,21,编辑距离错误
星沙街道长沙市湖南省长沙县,43,01,21,顺序混乱
星沙县黄花镇长沙湖南,43,01,21,同音+顺序混乱
湖南省浏阳市关口街道白沙路28号,43,01,81,完整
浏阳市大瑶镇南川社区,43,01,81,完整
浏阳市永安镇坪头村,43,01,81,截断
浏阳集里街道金沙路,43,01,81,省略市+简称
浏阳市文家市镇岩前村,43,01,81,省略省市
湖南浏阳市中和镇苍坊村,43,01,81,省略市
浏阳市关门口街道白沙路,43,01,81,同音错误
胡南省浏阳市大瑶镇,43,01,81,编辑距离错误
关口街道浏阳市湖南省,43,01,81,顺序混乱
刘阳市永安镇长沙湖南,43,01,81,同音+顺序混乱
湖南省宁乡市玉潭街道二环路99号,43,01,82,完整
宁乡市煤炭坝镇贺家湾村,43,01,82,完整
宁乡市双江口镇双江口社区,43,01,82,截断
宁乡玉潭道林镇善山岭村,43,01,82,省略市+简称
宁乡市花明楼镇安源村,43,01,82,省略省市
湖南宁乡市灰汤镇紫龙湾,43,01,82,省略市
宁乡市玉谭街道二环路,43,01,82,同音错误
胡南省宁乡市煤炭坝镇,43,01,82,编辑距离错误
玉潭街道宁乡市湖南省,43,01,82,顺序混乱
宁香市灰汤镇长沙湖南,43,01,82,同音+顺序混乱
湖南省株洲市荷塘区桂花街道向阳广场1号,43,02,02,完整
株洲市荷塘区仙庾镇仙庾岭村,43,02,02,完整
荷塘区宋家桥街道新塘社区,43,02,02,截断
株洲荷塘茨菇塘街道新华西路,43,02,02,省略市+简称
荷塘区月塘街道文化路,43,02,02,省略省市
湖南荷塘区明照街道太平桥村,43,02,02,省略市
荷塘区桂华街道向阳广场,43,02,02,同音错误
胡南省株洲市荷塘区仙庾镇,43,02,02,编辑距离错误
荷塘区株洲市湖南省桂花街道,43,02,02,顺序混乱
荷溏区宋家桥街道株洲湖南,43,02,02,同音+顺序混乱
湖南省株洲市芦淞区建设街道七一路88号,43,02,03,完整
株洲市芦淞区枫溪街道坚栗路12号,43,02,03,完整
芦淞区白关镇白关铺社区,43,02,03,截断
株洲芦淞庆云街道太子路,43,02,03,省略市+简称
芦淞区龙泉街道桠枝塘,43,02,03,省略省市
湖南芦淞区董家塅街道南华社区,43,02,03,省略市
芦淞区建没街道七一路,43,02,03,同音错误
胡南省株洲市芦淞区枫溪街道,43,02,03,编辑距离错误
建设街道芦淞区湖南省株洲市,43,02,03,顺序混乱
卢淞区庆云街道株洲湖南,43,02,03,同音+顺序混乱
湖南省株洲市石峰区响石岭街道建设北路300号,43,02,04,完整
株洲市石峰区清水塘街道响石西路,43,02,04,完整
石峰区铜塘湾街道清水塘社区,43,02,04,截断
株洲石峰田心街道北山路,43,02,04,省略市+简称
石峰区井龙街道时代路,43,02,04,省略省市
湖南石峰区学林街道大丰社区,43,02,04,省略市
石峰区响石领街道建设北路,43,02,04,同音错误
胡南省株洲市石峰区清水塘街道,43,02,04,编辑距离错误
响石岭街道石峰区湖南省株洲市,43,02,04,顺序混乱
石风区田心街道株洲湖南,43,02,04,同音+顺序混乱
湖南省株洲市天元区嵩山路街道长江广场6号,43,02,11,完整
株洲市天元区三门镇苍霞村,43,02,11,完整
天元区泰山街道滨江社区,43,02,11,截断
株洲天元栗雨街道黄河北路,43,02,11,省略市+简称
天元区马家河街道新马西路,43,02,11,省略省市
湖南天元区雷打石镇铁离村,43,02,11,省略市
天元区松山路街道长江广场,43,02,11,同音错误
胡南省株洲市天元区三门镇,43,02,11,编辑距离错误
嵩山路街道天元区湖南省株洲市,43,02,11,顺序混乱
天圆区栗雨街道株洲湖南,43,02,11,同音+顺序混乱
湖南省株洲市渌口区渌口镇津口东路18号,43,02,12,完整
株洲市渌口区朱亭镇黄洲村,43,02,12,完整
渌口区龙船镇王十万村,43,02,12,截断
株洲渌口古岳峰镇白马村,43,02,12,省略市+简称
渌口区南洲镇早竹村,43,02,12,省略省市
湖南渌口区淦田镇宏图村,43,02,12,省略市
渌口区绿口镇津口东路,43,02,12,同音错误
胡南省株洲市渌口区朱亭镇,43,02,12,编辑距离错误
渌口镇渌口区湖南省株洲市,43,02,12,顺序混乱
绿口区南洲镇株洲湖南,43,02,12,同音+顺序混乱
湖南省株洲市攸县联星街道交通路21号,43,02,23,完整
株洲攸县网岭镇洞井村,43,02,23,完整
攸县酒埠江镇酒仙湖村,43,02,23,截断
株洲攸县皇图岭镇皇图村,43,02,23,省略市+简称
攸县丫江桥镇联江村,43,02,23,省略省市
湖南攸县莲塘坳镇下田村,43,02,23,省略市
攸县联星街通道路,43,02,23,同音错误
胡南省株洲市攸县网岭镇,43,02,23,编辑距离错误
联星街道攸县湖南省株洲市,43,02,23,顺序混乱
悠县皇图岭镇株洲湖南,43,02,23,同音+顺序混乱
湖南省株洲市茶陵县云阳街道炎帝中路45号,43,02,24,完整
株洲茶陵县严塘镇上合村,43,02,24,完整
茶陵县界首镇界首社区,43,02,24,截断
株洲茶陵腰陂镇东南村,43,02,24,省略市+简称
茶陵县高陇镇祖安村,43,02,24,省略省市
湖南茶陵县洣江街道诸睦村,43,02,24,省略市
茶陵县云扬街道炎帝中路,43,02,24,同音错误
胡南省株洲市茶陵县严塘镇,43,02,24,编辑距离错误
云阳街道茶陵县湖南省株洲市,43,02,24,顺序混乱
茶凌县腰陂镇株洲湖南,43,02,24,同音+顺序混乱
湖南省株洲市炎陵县霞阳镇解放路10号,43,02,25,完整
株洲炎陵县鹿原镇鹿原陂村,43,02,25,完整
炎陵县水口镇水口村,43,02,25,截断
株洲炎陵中村瑶族乡龙潭村,43,02,25,省略市+简称
炎陵县沔渡镇上馆村,43,02,25,省略省市
湖南炎陵县十都镇 low岗村,43,02,25,省略市
炎陵县霞扬镇解放路,43,02,25,同音错误
胡南省株洲市炎陵县鹿原镇,43,02,25,编辑距离错误
霞阳镇炎陵县湖南省株洲市,43,02,25,顺序混乱
炎凌县中村乡株洲湖南,43,02,25,同音+顺序混乱
湖南省株洲市醴陵市仙岳山街道左权路77号,43,02,81,完整
株洲醴陵市白兔潭镇金牛社区,43,02,81,完整
醴陵市来龙门街道马放塘社区,43,02,81,截断
株洲醴陵泗汾镇符田村,43,02,81,省略市+简称
醴陵市浦口镇天符社区,43,02,81,省略省市
湖南醴陵市东富镇莲旗村,43,02,81,省略市
醴陵市仙越山街道左权路,43,02,81,同音错误
胡南省株洲市醴陵市白兔潭镇,43,02,81,编辑距离错误
仙岳山街道醴陵市湖南省株洲市,43,02,81,顺序混乱
醴陵市泗汾镇株洲湖南,43,02,81,同音+顺序混乱
湖南省湘潭市雨湖区雨湖路街道建设北路30号,43,03,02,完整
湘潭市雨湖区姜畲镇尚源新村,43,03,02,完整
雨湖区窑湾街道唐兴寺社区,43,03,02,截断
湘潭雨湖楠竹山镇永丰路,43,03,02,省略市+简称
雨湖区鹤岭镇云龙路,43,03,02,省略省市
湖南雨湖区万楼街道富强社区,43,03,02,省略市
雨湖区雨胡路街道建设北路,43,03,02,同音错误
胡南省湘潭市雨湖区姜畲镇,43,03,02,编辑距离错误
雨湖路街道雨湖区湖南省湘潭市,43,03,02,顺序混乱
雨胡区窑湾街道湘潭湖南,43,03,02,同音+顺序混乱
湖南省湘潭市岳塘区岳塘街道建设南路66号,43,03,04,完整
湘潭市岳塘区昭山街道昭山村,43,03,04,完整
岳塘区五里堆街道金耐社区,43,03,04,截断
湘潭岳塘荷塘街道团山铺路,43,03,04,省略市+简称
岳塘区双马街道吉安路,43,03,04,省略省市
湖南岳塘区书院路街道新塘村,43,03,04,省略市
岳塘区岳圹街道建设南路,43,03,04,同音错误
胡南省湘潭市岳塘区昭山街道,43,03,04,编辑距离错误
岳塘街道岳塘区湖南省湘潭市,43,03,04,顺序混乱
岳溏区五里堆街道湘潭湖南,43,03,04,同音+顺序混乱
湖南省湘潭市湘潭县易俗河镇大鹏路88号,43,03,21,完整
湘潭湘潭县花石镇罗汉村,43,03,21,完整
湘潭县石潭镇石潭社区,43,03,21,截断
湘潭湘潭县乌石镇乌石村,43,03,21,省略市+简称
湘潭县射埠镇继述桥村,43,03,21,省略省市
湖南湘潭县青山桥镇青山桥村,43,03,21,省略市
湘潭县易俗河填大鹏路,43,03,21,同音错误
胡南省湘潭市湘潭县花石镇,43,03,21,编辑距离错误
易俗河镇湘潭县湖南省湘潭市,43,03,21,顺序混乱
湘谭县乌石镇湘潭湖南,43,03,21,同音+顺序混乱
湖南省湘潭市湘乡市望春门街道东风路15号,43,03,81,完整
湘潭湘乡市棋梓镇小罗村,43,03,81,完整
湘乡市东山街道张江口社区,43,03,81,截断
湘潭湘乡泉塘镇泉塘村,43,03,81,省略市+简称
湘乡市白田镇白田村,43,03,81,省略省市
湖南湘乡市龙洞镇小田村,43,03,81,省略市
湘乡市望春门街道路,43,03,81,同音错误
胡南省湘潭市湘乡市棋梓镇,43,03,81,编辑距离错误
望春门街道湘乡市湖南省湘潭市,43,03,81,顺序混乱
湘相市泉塘镇湘潭湖南,43,03,81,同音+顺序混乱
湖南省湘潭市韶山市清溪镇英雄路1号,43,03,82,完整
湘潭韶山市银田镇银田寺社区,43,03,82,完整
韶山市杨林乡杨林村,43,03,82,截断
湘潭韶山如意镇恒心村,43,03,82,省略市+简称
韶山市韶山乡韶山村,43,03,82,省略省市
湖南韶山市清溪镇故园路,43,03,82,省略市
韶山市清西镇英雄路,43,03,82,同音错误
胡南省湘潭市韶山市银田镇,43,03,82,编辑距离错误
清溪镇韶山市湖南省湘潭市,43,03,82,顺序混乱
召山市如意镇湘潭湖南,43,03,82,同音+顺序混乱
湖南省衡阳市珠晖区广东路街道东风路20号,43,04,05,完整
衡阳市珠晖区茶山坳镇金甲村,43,04,05,完整
珠晖区东风街道一六村社区,43,04,05,截断
衡阳珠晖苗圃街道光明街,43,04,05,省略市+简称
珠晖区冶金街道互助里,43,04,05,省略省市
湖南珠晖区和平乡湖东村,43,04,05,省略市
珠晖区广东路街道东风路,43,04,05,同音错误
胡南省衡阳市珠晖区茶山坳镇,43,04,05,编辑距离错误
广东路街道珠晖区湖南省衡阳市,43,04,05,顺序混乱
珠辉区苗圃街道衡阳湖南,43,04,05,同音+顺序混乱
湖南省衡阳市雁峰区雁峰街道先锋路51号,43,04,06,完整
衡阳市雁峰区白沙洲街道塑田社区,43,04,06,完整
雁峰区天马山街道岳屏公园旁,43,04,06,截断
衡阳雁峰先锋街道黄青巷,43,04,06,省略市+简称
雁峰区黄茶岭街道营盘村,43,04,06,省略省市
湖南雁峰区岳屏镇满意村,43,04,06,省略市
雁峰区燕峰街道先锋路,43,04,06,同音错误
胡南省衡阳市雁峰区白沙洲街道,43,04,06,编辑距离错误
雁峰街道雁峰区湖南省衡阳市,43,04,06,顺序混乱
燕峰区天马山街道衡阳湖南,43,04,06,同音+顺序混乱
湖南省衡阳市石鼓区人民路街道蒸阳北路9号,43,04,07,完整
衡阳市石鼓区角山镇三星村,43,04,07,完整
石鼓区青山街道西湖一村,43,04,07,截断
衡阳石鼓黄沙湾街道松木塘,43,04,07,省略市+简称
石鼓区合江街道江霞村,43,04,07,省略省市
湖南石鼓区五一街道杨家坪,43,04,07,省略市
石鼓区人明路街道蒸阳北路,43,04,07,同音错误
胡南省衡阳市石鼓区角山镇,43,04,07,编辑距离错误
人民路街道石鼓区湖南省衡阳市,43,04,07,顺序混乱
石古区黄沙湾街道衡阳湖南,43,04,07,同音+顺序混乱
湖南省衡阳市蒸湘区蒸湘街道船山大道66号,43,04,08,完整
衡阳市蒸湘区呆鹰岭镇新阳村,43,04,08,完整
蒸湘区红湘街道联合村,43,04,08,截断
衡阳蒸湘雨母山镇雨母村,43,04,08,省略市+简称
蒸湘区长湖乡松亭村,43,04,08,省略省市
湖南蒸湘区联合街道大立村,43,04,08,省略市
蒸湘区蒸湘街道路,43,04,08,同音错误
胡南省衡阳市蒸湘区呆鹰岭镇,43,04,08,编辑距离错误
蒸湘街道蒸湘区湖南省衡阳市,43,04,08,顺序混乱
蒸湘区雨母山镇衡阳湖南,43,04,08,同音+顺序混乱
湖南省衡阳市南岳区祝融街道祝融路8号,43,04,12,完整
衡阳市南岳区南岳镇红星村,43,04,12,完整
南岳区寿岳乡岳林村,43,04,12,截断
衡阳南岳祝融街道半山亭,43,04,12,省略市+简称
南岳区龙凤乡水帘村,43,04,12,省略省市
湖南南岳区延寿村,43,04,12,省略市
南岳区祝荣街道祝融路,43,04,12,同音错误
胡南省衡阳市南岳区南岳镇,43,04,12,编辑距离错误
祝融街道南岳区湖南省衡阳市,43,04,12,顺序混乱
南粤区寿岳乡衡阳湖南,43,04,12,同音+顺序混乱
湖南省衡阳县西渡镇春风路33号,43,04,21,完整
衡阳市衡阳县洪市镇洪市社区,43,04,21,完整
衡阳县金兰镇金兰村,43,04,21,截断
衡阳衡阳集兵镇集兵村,43,04,21,省略市+简称
衡阳县曲兰镇高汉村,43,04,21,省略省市
湖南衡阳县樟木乡塔兴村,43,04,21,省略市
衡阳县西渡填春风路,43,04,21,同音错误
胡南省衡阳市衡阳县洪市镇,43,04,21,编辑距离错误
西渡镇衡阳县湖南省衡阳市,43,04,21,顺序混乱
衡阳悬金兰镇衡阳湖南,43,04,21,同音+顺序混乱
湖南省衡南县云集街道黄金路12号,43,04,22,完整
衡阳市衡南县三塘镇龙头岭村,43,04,22,完整
衡南县车江街道神山村,43,04,22,截断
衡阳衡南栗江镇栗江村,43,04,22,省略市+简称
衡南县宝盖镇宝盖村,43,04,22,省略省市
湖南衡南县茅市镇占禾村,43,04,22,省略市
衡南县云集聚街道黄金路,43,04,22,同音错误
胡南省衡阳市衡南县三塘镇,43,04,22,编辑距离错误
云集街道衡南县湖南省衡阳市,43,04,22,顺序混乱
衡南悬栗江镇衡阳湖南,43,04,22,同音+顺序混乱
湖南省衡山县开云镇解放路41号,43,04,23,完整
衡阳市衡山县白果镇瓦铺村,43,04,23,完整
衡山县萱洲镇萱洲河社区,43,04,23,截断
衡阳衡山长江镇侨源村,43,04,23,省略市+简称
衡山县店门镇店门社区,43,04,23,省略省市
湖南衡山县福田铺乡白云村,43,04,23,省略市
衡山县开云填解放路,43,04,23,同音错误
胡南省衡阳市衡山县白果镇,43,04,23,编辑距离错误
开云镇衡山县湖南省衡阳市,43,04,23,顺序混乱
衡山悬长江镇衡阳湖南,43,04,23,同音+顺序混乱
湖南省衡东县洣水镇兴衡路55号,43,04,24,完整
衡阳市衡东县新塘镇潭泊村,43,04,24,完整
衡东县大浦镇新庄村,43,04,24,截断
衡阳衡东荣桓镇南湾村,43,04,24,省略市+简称
衡东县石滩乡荷包村,43,04,24,省略省市
湖南衡东县甘溪镇夏浦村,43,04,24,省略市
衡东县洣水填兴衡路,43,04,24,同音错误
胡南省衡阳市衡东县新塘镇,43,04,24,编辑距离错误
洣水镇衡东县湖南省衡阳市,43,04,24,顺序混乱
衡东悬荣桓镇衡阳湖南,43,04,24,同音+顺序混乱
湖南省祁东县洪桥街道县正东路80号,43,04,26,完整
衡阳市祁东县白地市镇白地市社区,43,04,26,完整
祁东县归阳镇归阳社区,43,04,26,截断
衡阳祁东步云桥镇步云村,43,04,26,省略市+简称
祁东县双桥镇双桥村,43,04,26,省略省市
湖南祁东县过水坪镇逢源村,43,04,26,省略市
祁东县洪桥街道路,43,04,26,同音错误
胡南省衡阳市祁东县白地市镇,43,04,26,编辑距离错误
洪桥街道祁东县湖南省衡阳市,43,04,26,顺序混乱
祁东悬步云桥镇衡阳湖南,43,04,26,同音+顺序混乱
湖南省耒阳市蔡子池街道五一东路9号,43,04,81,完整
衡阳耒阳市小水镇小水村,43,04,81,完整
耒阳市水东江街道新和村,43,04,81,截断
衡阳耒阳灶市街街道火车站社区,43,04,81,省略市+简称
耒阳市三都镇三都社区,43,04,81,省略省市
湖南耒阳市导子镇上浔村,43,04,81,省略市
耒阳市菜子池街道五一东路,43,04,81,同音错误
胡南省衡阳市耒阳市小水镇,43,04,81,编辑距离错误
蔡子池街道耒阳市湖南省衡阳市,43,04,81,顺序混乱
来阳市水东江街道衡阳湖南,43,04,81,同音+顺序混乱
湖南省常宁市宜阳街道群英西路17号,43,04,82,完整
衡阳常宁市松柏镇松柏村,43,04,82,完整
常宁市柏坊镇柏坊社区,43,04,82,截断
衡阳常宁官岭镇官岭村,43,04,82,省略市+简称
常宁市塔山瑶族乡狮园村,43,04,82,省略省市
湖南常宁市新河镇相时村,43,04,82,省略市
常宁市宜阳街道理群英西路,43,04,82,同音错误
胡南省衡阳市常宁市松柏镇,43,04,82,编辑距离错误
宜阳街道常宁市湖南省衡阳市,43,04,82,顺序混乱
尝宁市官岭镇衡阳湖南,43,04,82,同音+顺序混乱
湖南省邵阳市双清区火车站乡红旗路8号,43,05,02,完整
邵阳市双清区东风路街道宝庆东路,43,05,02,完整
双清区小江湖街道晏家垅社区,43,05,02,截断
邵阳双清龙须塘街道五里牌,43,05,02,省略市+简称
双清区高崇山镇短陂桥村,43,05,02,省略省市
湖南双清区渡头桥镇新渡村,43,05,02,省略市
双清区火车战乡红旗路,43,05,02,同音错误
胡南省邵阳市双清区东风路街道,43,05,02,编辑距离错误
火车站乡双清区湖南省邵阳市,43,05,02,顺序混乱
双青区龙须塘街道邵阳湖南,43,05,02,同音+顺序混乱
湖南省邵阳市大祥区红旗路街道宝庆中路22号,43,05,03,完整
邵阳市大祥区板桥乡蔡家村,43,05,03,完整
大祥区城南街道茅坪社区,43,05,03,截断
邵阳大祥百春庵街道西外街,43,05,03,省略市+简称
大祥区雨溪街道唐四村,43,05,03,省略省市
湖南大祥区罗市镇雷湾村,43,05,03,省略市
大祥区红期路街道宝庆中路,43,05,03,同音错误
胡南省邵阳市大祥区板桥乡,43,05,03,编辑距离错误
红旗路街道大祥区湖南省邵阳市,43,05,03,顺序混乱
大详区城南街道邵阳湖南,43,05,03,同音+顺序混乱
湖南省邵阳市北塔区新滩镇街道魏源西路5号,43,05,11,完整
邵阳市北塔区陈家桥乡万桥社区,43,05,11,完整
北塔区状元洲街道资园社区,43,05,11,截断
邵阳北塔田江街道高撑村,43,05,11,省略市+简称
北塔区茶元头街道枫林村,43,05,11,省略省市
湖南北塔区状元洲街道江北大道,43,05,11,省略市
北塔区新摊镇街道魏源西路,43,05,11,同音错误
胡南省邵阳市北塔区陈家桥乡,43,05,11,编辑距离错误
新滩镇街道北塔区湖南省邵阳市,43,05,11,顺序混乱
北他区田江街道邵阳湖南,43,05,11,同音+顺序混乱
湖南省新邵县酿溪镇大新街19号,43,05,22,完整
邵阳市新邵县坪上镇坪上村,43,05,22,完整
新邵县寸石镇寸石村,43,05,22,截断
邵阳新邵龙溪铺镇龙溪铺村,43,05,22,省略市+简称
新邵县巨口铺镇巨口村,43,05,22,省略省市
湖南新邵县严塘镇严塘村,43,05,22,省略市
新邵县酿溪填大新街,43,05,22,同音错误
胡南省邵阳市新邵县坪上镇,43,05,22,编辑距离错误
酿溪镇新邵县湖南省邵阳市,43,05,22,顺序混乱
新邵悬龙溪铺镇邵阳湖南,43,05,22,同音+顺序混乱
湖南省邵阳县塘渡口镇振羽大道60号,43,05,23,完整
邵阳市邵阳县五峰铺镇五峰铺社区,43,05,23,完整
邵阳县白仓镇白仓社区,43,05,23,截断
邵阳邵阳下花桥镇长阳村,43,05,23,省略市+简称
邵阳县岩口铺镇岩口村,43,05,23,省略省市
湖南邵阳县长乐乡长乐村,43,05,23,省略市
邵阳县塘渡口填振羽大道,43,05,23,同音错误
胡南省邵阳市邵阳县五峰铺镇,43,05,23,编辑距离错误
塘渡口镇邵阳县湖南省邵阳市,43,05,23,顺序混乱
邵阳悬下花桥镇邵阳湖南,43,05,23,同音+顺序混乱
湖南省隆回县桃洪镇桃洪中路88号,43,05,24,完整
邵阳市隆回县金石桥镇金石桥村,43,05,24,完整
隆回县六都寨镇六都寨社区,43,05,24,截断
邵阳隆回滩头镇滩头村,43,05,24,省略市+简称
隆回县小沙江镇肖家垅村,43,05,24,省略省市
湖南隆回县虎形山瑶族乡万贯冲村,43,05,24,省略市
隆回县桃红镇桃洪中路,43,05,24,同音错误
胡南省邵阳市隆回县金石桥镇,43,05,24,编辑距离错误
桃洪镇隆回县湖南省邵阳市,43,05,24,顺序混乱
龙回县滩头镇邵阳湖南,43,05,24,同音+顺序混乱
湖南省洞口县文昌街道桔城路35号,43,05,25,完整
邵阳市洞口县高沙镇高沙社区,43,05,25,完整
洞口县山门镇山门村,43,05,25,截断
邵阳洞口石江镇石江村,43,05,25,省略市+简称
洞口县罗溪瑶族乡宝瑶村,43,05,25,省略省市
湖南洞口县毓兰镇毓兰村,43,05,25,省略市
洞口县文冒街道桔城路,43,05,25,同音错误
胡南省邵阳市洞口县高沙镇,43,05,25,编辑距离错误
文昌街道洞口县湖南省邵阳市,43,05,25,顺序混乱
洞囗县山门镇邵阳湖南,43,05,25,同音+顺序混乱
湖南省绥宁县绿洲大道长铺子街道1号,43,05,27,完整
邵阳市绥宁县武阳镇武阳村,43,05,27,完整
绥宁县东山侗族乡东山村,43,05,27,截断
邵阳绥宁李熙桥镇李熙村,43,05,27,省略市+简称
绥宁县寨市苗族侗族乡寨市村,43,05,27,省略省市
湖南绥宁县乐安铺苗族侗族乡大团村,43,05,27,省略市
绥宁县绿州大道长铺子街道,43,05,27,同音错误
胡南省邵阳市绥宁县武阳镇,43,05,27,编辑距离错误
长铺子街道绥宁县湖南省邵阳市,43,05,27,顺序混乱
绥宁悬李熙桥镇邵阳湖南,43,05,27,同音+顺序混乱
湖南省新宁县金石镇春风路46号,43,05,28,完整
邵阳市新宁县回龙寺镇回龙村,43,05,28,完整
新宁县黄龙镇黄龙村,43,05,28,截断
邵阳新宁崀山镇窑市村,43,05,28,省略市+简称
新宁县一渡水镇一渡水村,43,05,28,省略省市
湖南新宁县飞仙桥乡飞仙桥村,43,05,28,省略市
新宁县金市街道春风路,43,05,28,同音错误
胡南省邵阳市新宁县回龙寺镇,43,05,28,编辑距离错误
金石镇新宁县湖南省邵阳市,43,05,28,顺序混乱
新宁悬崀山镇邵阳湖南,43,05,28,同音+顺序混乱
湖南省城步苗族自治县儒林镇人民路11号,43,05,29,完整
邵阳市城步苗族自治县西岩镇西岩社区,43,05,29,完整
城步县丹口镇丹口村,43,05,29,截断
邵阳城步汀坪乡汀坪村,43,05,29,省略市+简称
城步县长安营镇长安营村,43,05,29,省略省市
湖南城步县白毛坪镇白毛坪村,43,05,29,省略市
城步县儒林镇人名路,43,05,29,同音错误
胡南省邵阳市城步苗族自治县西岩镇,43,05,29,编辑距离错误
儒林镇城步苗族自治县湖南省邵阳市,43,05,29,顺序混乱
城步县丹口镇邵阳湖南,43,05,29,同音+顺序混乱
湖南省武冈市迎春亭街道都梁路28号,43,05,81,完整
邵阳市武冈市邓家铺镇邓家铺社区,43,05,81,完整
武冈市湾头桥镇湾头桥村,43,05,81,截断
邵阳武冈荆竹铺镇荆竹村,43,05,81,省略市+简称
武冈市邓元泰镇邓元泰村,43,05,81,省略省市
湖南武冈市辕门口街道旱西门,43,05,81,省略市
武冈市迎春停街道都梁路,43,05,81,同音错误
胡南省邵阳市武冈市邓家铺镇,43,05,81,编辑距离错误
迎春亭街道武冈市湖南省邵阳市,43,05,81,顺序混乱
武岗市湾头桥镇邵阳湖南,43,05,81,同音+顺序混乱
湖南省邵东市两市塘街道兴和路33号,43,05,82,完整
邵阳市邵东市廉桥镇廉桥村,43,05,82,完整
邵东市火厂坪镇火厂坪社区,43,05,82,截断
邵阳邵东仙槎桥镇仙槎桥村,43,05,82,省略市+简称
邵东市牛马司镇牛马司村,43,05,82,省略省市
湖南邵东市九龙岭镇复兴村,43,05,82,省略市
邵东市两市镇街道兴和路,43,05,82,同音错误
胡南省邵阳市邵东市廉桥镇,43,05,82,编辑距离错误
广东省广州市越秀区农林街道农林上路1号,44,01,04,完整
广州越秀区农林街道农林上路社区,44,01,04,省略省
越秀区农林街道农林上路,44,01,04,省略省市
广东越秀农林农林上路,44,01,04,省略市+简称
广州市雨秀区农林街道农林上路,44,01,04,同音错误
渐州市越秀区农林街道农林上路,44,01,04,编辑距离错误
农林街道农林上路越秀区广州市,44,01,04,顺序混乱
雨秀区农林街道农林上路广州,44,01,04,同音+顺序混乱
广东省广州市海珠区南华西街道海天社区,44,01,05,完整
广州海珠区南华西街道海天社区,44,01,05,省略省
海珠区南华西街道海天,44,01,05,省略省市
广东海珠南华西海天,44,01,05,省略市+简称
广州市海株区南华西街道海天社区,44,01,05,同音错误
广州市南华西街道海珠区海天,44,01,05,顺序混乱
广东省广州市荔湾区龙津街道华福社区,44,01,03,完整
荔湾龙津街道华福社区,44,01,03,省略省
龙津街道华福社区荔湾区,44,01,03,顺序混乱
广东省广州市天河区猎德街道猎德社区,44,01,06,完整
广州天河猎德街道猎德社区,44,01,06,省略省
天河区猎德社区,44,01,06,省略省市
广东天河猎德猎德,44,01,06,省略市+简称
广州市天合区猎德街道猎德社区,44,01,06,同音错误
猎德社区猎德街道天河区广州,44,01,06,顺序混乱
广东省广州市白云区钟落潭镇龙岗村,44,01,11,完整
广州白云区钟落潭镇龙岗村,44,01,11,省略省
白云区钟落潭镇龙岗,44,01,11,省略省市
广东白云钟落潭龙岗,44,01,11,省略市+简称
广州市白运区钟落潭镇龙岗村,44,01,11,同音错误
钟落潭镇龙岗村白云区广州市,44,01,11,顺序混乱
广东省广州市黄埔区云埔街道爱特城社区,44,01,12,完整
广州黄埔云埔街道爱特城社区,44,01,12,省略省
黄埔区云埔街道爱特城,44,01,12,省略省市
广东黄埔云埔爱特城,44,01,12,省略市+简称
广州市黄莆区云埔街道爱特城社区,44,01,12,同音错误
云埔街道爱特城黄埔区广州,44,01,12,顺序混乱
广东省广州市番禺区市桥街先锋社区,44,01,13,完整
广州番禺区市桥街先锋社区,44,01,13,省略省
番禺区市桥街先锋,44,01,13,省略省市
广东番禺市桥先锋,44,01,13,省略市+简称
广州市潘禺区市桥街先锋社区,44,01,13,同音错误
市桥街先锋社区番禺区广州市,44,01,13,顺序混乱
广东省广州市花都区花城街道牡丹社区,44,01,14,完整
广州花都花城街道牡丹社区,44,01,14,省略省
花都区花城街道牡丹,44,01,14,省略省市
广东花都花城牡丹,44,01,14,省略市+简称
广州市花部区花城街道牡丹社区,44,01,14,同音错误
花城街道牡丹花都区广州,44,01,14,顺序混乱
广东省广州市南沙区珠江街西新社区,44,01,15,完整
广州南沙珠江街西新社区,44,01,15,省略省
南沙区珠江街西新,44,01,15,省略省市
广东南沙珠江西新,44,01,15,省略市+简称
广州市南莎区珠江街西新社区,44,01,15,同音错误
珠江街西新南沙区广州市,44,01,15,顺序混乱
广东省广州市从化区城郊街道河滨北社区,44,01,17,完整
广州从化城郊街道河滨北社区,44,01,17,省略省
从化区城郊街道河滨北,44,01,17,省略省市
广东从化城郊河滨北,44,01,17,省略市+简称
广州市从华区城郊街道河滨北社区,44,01,17,同音错误
城郊街道河滨北从化区广州,44,01,17,顺序混乱
广东省广州市增城区永宁街道凤宁社区,44,01,18,完整
广州增城永宁街道凤宁社区,44,01,18,省略省
增城区永宁街道凤宁,44,01,18,省略省市
广东增城永宁凤宁,44,01,18,省略市+简称
广州市曾城区永宁街道凤宁社区,44,01,18,同音错误
永宁街道凤宁增城区广州,44,01,18,顺序混乱
广东省深圳市罗湖区桂园街道松园社区,44,03,03,完整
深圳罗湖桂园街道松园社区,44,03,03,省略省
罗湖区桂园街道松园,44,03,03,省略省市
广东罗湖桂园松园,44,03,03,省略市+简称
深圳市罗胡区桂园街道松园社区,44,03,03,同音错误
桂园街道松园罗湖区深圳,44,03,03,顺序混乱
广东省深圳市福田区园岭街道长城社区,44,03,04,完整
深圳福田园岭街道长城社区,44,03,04,省略省
福田区园岭街道长城,44,03,04,省略省市
广东福田园岭长城,44,03,04,省略市+简称
深圳市付田区园岭街道长城社区,44,03,04,同音错误
园岭街道长城福田区深圳,44,03,04,顺序混乱
广东省深圳市南山区沙河街道高发社区,44,03,05,完整
深圳南山沙河街道高发社区,44,03,05,省略省
南山区沙河街道高发,44,03,05,省略省市
广东南山沙河高发,44,03,05,省略市+简称
深圳市南山区沙河街道高发社区,44,03,05,同音错误
沙河街道高发南山区深圳,44,03,05,顺序混乱
广东省深圳市宝安区西乡街道福中福社区,44,03,06,完整
深圳宝安西乡街道福中福社区,44,03,06,省略省
宝安区西乡街道福中福,44,03,06,省略省市
广东宝安西乡福中福,44,03,06,省略市+简称
深圳市宝按区西乡街道福中福社区,44,03,06,同音错误
西乡街道福中福宝安区深圳,44,03,06,顺序混乱
广东省深圳市龙岗区坂田街道四季花城社区,44,03,07,完整
深圳龙岗坂田街道四季花城社区,44,03,07,省略省
龙岗区坂田街道四季花城,44,03,07,省略省市
广东龙岗坂田四季花城,44,03,07,省略市+简称
深圳市龙刚区坂田街道四季花城社区,44,03,07,同音错误
坂田街道四季花城龙岗区深圳,44,03,07,顺序混乱
广东省深圳市盐田区梅沙街道滨海社区,44,03,08,完整
深圳盐田梅沙街道滨海社区,44,03,08,省略省
盐田区梅沙街道滨海,44,03,08,省略省市
广东盐田梅沙滨海,44,03,08,省略市+简称
深圳市盐田区梅纱街道滨海社区,44,03,08,同音错误
梅沙街道滨海盐田区深圳,44,03,08,顺序混乱
广东省深圳市龙华区大浪街道龙平社区,44,03,09,完整
深圳龙华大浪街道龙平社区,44,03,09,省略省
龙华区大浪街道龙平,44,03,09,省略省市
广东龙华大浪龙平,44,03,09,省略市+简称
深圳市龙华区大浪街道龙平社区,44,03,09,同音错误
大浪街道龙平龙华区深圳,44,03,09,顺序混乱
广东省深圳市坪山区坑梓街道坑梓社区,44,03,10,完整
深圳坪山坑梓街道坑梓社区,44,03,10,省略省
坪山区坑梓街道坑梓,44,03,10,省略省市
广东坪山坑梓坑梓,44,03,10,省略市+简称
深圳市平山区坑梓街道坑梓社区,44,03,10,同音错误
坑梓街道坑梓坪山区深圳,44,03,10,顺序混乱
广东省深圳市光明区光明街道迳口社区,44,03,11,完整
深圳光明光明街道迳口社区,44,03,11,省略省
光明区光明街道迳口,44,03,11,省略省市
广东光明光明迳口,44,03,11,省略市+简称
深圳市光名区光明街道迳口社区,44,03,11,同音错误
光明街道迳口光明区深圳,44,03,11,顺序混乱
广东省珠海市香洲区湾仔街道湾仔社区,44,04,02,完整
珠海香洲湾仔街道湾仔社区,44,04,02,省略省
香洲区湾仔街道湾仔,44,04,02,省略省市
广东香洲湾仔湾仔,44,04,02,省略市+简称
珠海市香州区的湾仔街道湾仔社区,44,04,02,同音错误
湾仔街道湾仔香洲区珠海,44,04,02,顺序混乱
广东省珠海市斗门区白藤街道家和社区,44,04,03,完整
珠海斗门白藤街道家和社区,44,04,03,省略省
斗门区白藤街道家和,44,04,03,省略省市
广东斗门白藤家和,44,04,03,省略市+简称
珠海市头门区白藤街道家和社区,44,04,03,同音错误
白藤街道家和斗门区珠海,44,04,03,顺序混乱
广东省珠海市金湾区三灶镇三灶社区,44,04,04,完整
珠海金湾三灶镇三灶社区,44,04,04,省略省
金湾区三灶镇三灶,44,04,04,省略省市
广东金湾三灶三灶,44,04,04,省略市+简称
珠海市金弯区三灶镇三灶社区,44,04,04,同音错误
三灶镇三灶金湾区珠海,44,04,04,顺序混乱
广东省汕头市龙湖区东方街道滨海社区,44,05,07,完整
汕头龙湖东方街道滨海社区,44,05,07,省略省
龙湖区东方街道滨海,44,05,07,省略省市
广东龙湖东方滨海,44,05,07,省略市+简称
汕头市隆湖区东方街道滨海社区,44,05,07,同音错误
东方街道滨海龙湖区汕头,44,05,07,顺序混乱
广东省汕头市金平区东方街道滨海社区,44,05,11,完整
汕头金平东方街道滨海社区,44,05,11,省略省
金平区东方街道滨海,44,05,11,省略省市
广东金平东方滨海,44,05,11,省略市+简称
汕头市金苹区东方街道滨海社区,44,05,11,同音错误
东方街道滨海金平区汕头,44,05,11,顺序混乱
广东省汕头市潮阳区铜盂镇凤壶村,44,05,13,完整
汕头潮阳铜盂镇凤壶村,44,05,13,省略省
潮阳区铜盂镇凤壶,44,05,13,省略省市
广东潮阳铜盂凤壶,44,05,13,省略市+简称
汕头市朝阳区铜盂镇凤壶村,44,05,13,同音错误
铜盂镇凤壶潮阳区汕头,44,05,13,顺序混乱
广东省汕头市澄海区澄华街道华文社区,44,05,15,完整
汕头澄海澄华街道华文社区,44,05,15,省略省
澄海区澄华街道华文,44,05,15,省略省市
广东澄海澄华华文,44,05,15,省略市+简称
汕头市成海区澄华街道华文社区,44,05,15,同音错误
澄华街道华文澄海区汕头,44,05,15,顺序混乱
广东省汕头市南澳县云澳镇中柱村,44,05,23,完整
汕头南澳云澳镇中柱村,44,05,23,省略省
南澳县云澳镇中柱,44,05,23,省略省市
广东南澳云澳中柱,44,05,23,省略市+简称
汕头市南奥县云澳镇中柱村,44,05,23,同音错误
云澳镇中柱南澳县汕头,44,05,23,顺序混乱
广东省佛山市禅城区石湾镇街道丽豪社区,44,06,04,完整
佛山禅城石湾镇街道丽豪社区,44,06,04,省略省
禅城区石湾镇街道丽豪,44,06,04,省略省市
广东禅城石湾丽豪,44,06,04,省略市+简称
佛山市婵城区石湾镇街道丽豪社区,44,06,04,同音错误
石湾镇街道丽豪禅城区佛山,44,06,04,顺序混乱
广东省佛山市南海区里水镇河村社区,44,06,05,完整
佛山南海里水镇河村社区,44,06,05,省略省
南海区里水镇河村,44,06,05,省略省市
广东南海里水河村,44,06,05,省略市+简称
佛山市南嗨区里水镇河村社区,44,06,05,同音错误
里水镇河村南海区佛山,44,06,05,顺序混乱
广东省佛山市顺德区北滘镇黄龙村,44,06,06,完整
佛山顺德北滘镇黄龙村,44,06,06,省略省
顺德区北滘镇黄龙,44,06,06,省略省市
广东顺德北滘黄龙,44,06,06,省略市+简称
佛山市顺得区北滘镇黄龙村,44,06,06,同音错误
北滘镇黄龙顺德区佛山,44,06,06,顺序混乱
广东省佛山市三水区西南街道江根村,44,06,07,完整
佛山三水西南街道江根村,44,06,07,省略省
三水区西南街道江根,44,06,07,省略省市
广东三水西南江根,44,06,07,省略市+简称
佛山市三水区西面街道江根村,44,06,07,同音错误
西南街道江根三水区佛山,44,06,07,顺序混乱
广东省佛山市高明区明城镇明阳村,44,06,08,完整
佛山高明明城镇明阳村,44,06,08,省略省
高明区明城镇明阳,44,06,08,省略省市
广东高明明城明阳,44,06,08,省略市+简称
佛山市高名区明城镇明阳村,44,06,08,同音错误
明城镇明阳高明区佛山,44,06,08,顺序混乱
广东省韶关市武江区惠民街道惠民社区,44,02,03,完整
韶关武江惠民街道惠民社区,44,02,03,省略省
武江区惠民街道惠民,44,02,03,省略省市
广东武江惠民惠民,44,02,03,省略市+简称
韶关市伍江区惠民街道惠民社区,44,02,03,同音错误
惠民街道惠民武江区韶关,44,02,03,顺序混乱
广东省韶关市曲江区马坝镇府前社区,44,02,05,完整
韶关曲江马坝镇府前社区,44,02,05,省略省
曲江区马坝镇府前,44,02,05,省略省市
广东曲江马坝府前,44,02,05,省略市+简称
韶关市曲江马镇府前社区,44,02,05,同音错误
马坝镇府前曲江区韶关,44,02,05,顺序混乱
广东省韶关市仁化县丹霞街道高坪社区,44,02,24,完整
韶关仁化丹霞街道高坪社区,44,02,24,省略省
仁化县丹霞街道高坪,44,02,24,省略省市
广东仁化丹霞高坪,44,02,24,省略市+简称
韶关市仁化县丹霞街导高坪社区,44,02,24,同音错误
丹霞街道高坪仁化县韶关,44,02,24,顺序混乱
广东省韶关市乳源瑶族自治县乳城镇云门村,44,02,32,完整
韶关乳源乳城镇云门村,44,02,32,省略省
乳源瑶族自治县乳城镇云门,44,02,32,省略省市
广东乳源乳城云门,44,02,32,省略市+简称
韶关市乳原瑶族自治县乳城镇云门村,44,02,32,同音错误
乳城镇云门乳源瑶族自治县韶关,44,02,32,顺序混乱
广东省江门市蓬江区棠下镇良溪村,44,07,03,完整
江门蓬江棠下镇良溪村,44,07,03,省略省
蓬江区棠下镇良溪,44,07,03,省略省市
广东蓬江棠下良溪,44,07,03,省略市+简称
江门市逢江区棠下镇良溪村,44,07,03,同音错误
棠下镇良溪蓬江区江门,44,07,03,顺序混乱
广东省江门市新会区会城街道惠民社区,44,07,05,完整
江门新会会城街道惠民社区,44,07,05,省略省
新会区会城街道惠民,44,07,05,省略省市
广东新会会城惠民,44,07,05,省略市+简称
江门市新会区会城街导惠民社区,44,07,05,同音错误
会城街道惠民新会区江门,44,07,05,顺序混乱
广东省江门市台山市台城街道环南社区,44,07,81,完整
江门台山台城街道环南社区,44,07,81,省略省
台山市台城街道环南,44,07,81,省略省市
广东台山台城环南,44,07,81,省略市+简称
江门市台山市台成街道环南社区,44,07,81,同音错误
台城街道环南台山市江门,44,07,81,顺序混乱
广东省湛江市赤坎区中华街道社区中心,44,08,02,完整
湛江赤坎中华街道社区中心,44,08,02,省略省
赤坎区中华街道社区,44,08,02,省略省市
广东赤坎中华社区,44,08,02,省略市+简称
湛江市亦坎区中华街道社区中心,44,08,02,同音错误
中华街道社区赤坎区湛江,44,08,02,顺序混乱
广东省湛江市霞山区爱国街道洪屋社区,44,08,03,完整
湛江霞山爱国街道洪屋社区,44,08,03,省略省
霞山区爱国街道洪屋,44,08,03,省略省市
广东霞山爱国洪屋,44,08,03,省略市+简称
湛江市瑕山区爱国街道洪屋社区,44,08,03,同音错误
爱国街道洪屋霞山区湛江,44,08,03,顺序混乱
广东省湛江市遂溪县遂城街道东南社区,44,08,23,完整
湛江遂溪遂城街道东南社区,44,08,23,省略省
遂溪县遂城街道东南,44,08,23,省略省市
广东遂溪遂城东南,44,08,23,省略市+简称
湛江市逐溪县遂城街道东南社区,44,08,23,同音错误
遂城街道东南遂溪县湛江,44,08,23,顺序混乱
广东省茂名市茂南区河东街道物业社区,44,09,02,完整
茂名茂南河东街道物业社区,44,09,02,省略省
茂南区河东街道物业,44,09,02,省略省市
广东茂南河东物业,44,09,02,省略市+简称
茂名市茂南区河乐街道物业社区,44,09,02,同音错误
河东街道物业茂南区茂名,44,09,02,顺序混乱
广东省茂名市电白区水东街道新湖社区,44,09,04,完整
茂名电白水东街道新湖社区,44,09,04,省略省
电白区水东街道新湖,44,09,04,省略省市
广东电白水东新湖,44,09,04,省略市+简称
茂名市电白区水东街导新湖社区,44,09,04,同音错误
水东街道新湖电白区茂名,44,09,04,顺序混乱
广东省茂名市高州市潘州街道南关社区,44,09,81,完整
茂名高州潘州街道南关社区,44,09,81,省略省
高州市潘州街道南关,44,09,81,省略省市
广东高州潘州南关,44,09,81,省略市+简称
茂名市高洲市潘州街道南关社区,44,09,81,同音错误
潘州街道南关高州市茂名,44,09,81,顺序混乱
广东省肇庆市端州区城东街道杏花社区,44,12,02,完整
肇庆端州城东街道杏花社区,44,12,02,省略省
端州区城东街道杏花,44,12,02,省略省市
广东端州城东杏花,44,12,02,省略市+简称
肇庆市瑞州区城东街道杏花社区,44,12,02,同音错误
城东街道杏花端州区肇庆,44,12,02,顺序混乱
广东省肇庆市高要区金渡镇大坑社区,44,12,04,完整
肇庆高要金渡镇大坑社区,44,12,04,省略省
高要区金渡镇大坑,44,12,04,省略省市
广东高要金渡大坑,44,12,04,省略市+简称
肇庆市高要区金度镇大坑社区,44,12,04,同音错误
金渡镇大坑高要区肇庆,44,12,04,顺序混乱
广东省惠州市惠城区江南街道祝屋巷社区,44,13,02,完整
惠州惠城江南街道祝屋巷社区,44,13,02,省略省
惠城区江南街道祝屋巷,44,13,02,省略省市
广东惠州惠城江南祝屋巷,44,13,02,省略市+简称
惠州市慧城区江南街道祝屋巷社区,44,13,02,同音错误
江南街道祝屋巷惠城区惠州,44,13,02,顺序混乱
广东省惠州市惠阳区淡水街道滨河社区,44,13,03,完整
惠州惠阳淡水街道滨河社区,44,13,03,省略省
惠阳区淡水街道滨河,44,13,03,省略省市
广东惠州惠阳淡水滨河,44,13,03,省略市+简称
惠州市惠阳区淡小街道滨河社区,44,13,03,同音错误
淡水街道滨河惠阳区惠州,44,13,03,顺序混乱
广东省惠州市博罗县园洲镇园洲社区,44,13,22,完整
惠州博罗园洲镇园洲社区,44,13,22,省略省
博罗县园洲镇园洲,44,13,22,省略省市
广东博罗园洲园洲,44,13,22,省略市+简称
惠州市博萝县园洲镇园洲社区,44,13,22,同音错误
园洲镇园洲博罗县惠州,44,13,22,顺序混乱
广东省梅州市梅江区金山街道社区中心,44,14,02,完整
梅州梅江金山街道社区中心,44,14,02,省略省
梅江区金山街道社区,44,14,02,省略省市
广东梅州梅江金山社区,44,14,02,省略市+简称
梅州市梅工区金山街道社区中心,44,14,02,同音错误
金山街道社区梅江区梅州,44,14,02,顺序混乱
广东省梅州市兴宁市兴田街道宝华社区,44,14,81,完整
梅州兴宁兴田街道宝华社区,44,14,81,省略省
兴宁市兴田街道宝华,44,14,81,省略省市
广东梅州兴宁兴田宝华,44,14,81,省略市+简称
梅州市兴宁市兴田街导宝华社区,44,14,81,同音错误
兴田街道宝华兴宁市梅州,44,14,81,顺序混乱
广东省汕尾市城区马宫街道金町村,44,15,02,完整
汕尾城区马宫街道金町村,44,15,02,省略省
城区马宫街道金町,44,15,02,省略省市
广东汕尾城区马宫金町,44,15,02,省略市+简称
汕尾市成区马宫街道金町村,44,15,02,同音错误
马宫街道金町城区汕尾,44,15,02,顺序混乱
广东省汕尾市海丰县海城镇城北社区,44,15,21,完整
汕尾海丰海城镇城北社区,44,15,21,省略省
海丰县海城镇城北,44,15,21,省略省市
广东汕尾海丰海城城北,44,15,21,省略市+简称
汕尾市海峰县海城镇城北社区,44,15,21,同音错误
海城镇城北海丰县汕尾,44,15,21,顺序混乱
广东省河源市源城区东埔街道永昌社区,44,16,02,完整
河源源城东埔街道永昌社区,44,16,02,省略省
源城区东埔街道永昌,44,16,02,省略省市
广东河源源城东埔永昌,44,16,02,省略市+简称
河源市原城区东埔街道永昌社区,44,16,02,同音错误
东埔街道永昌源城区河源,44,16,02,顺序混乱
广东省阳江市江城区城东街道马南社区,44,17,02,完整
阳江江城城东街道马南社区,44,17,02,省略省
江城区城东街道马南,44,17,02,省略省市
广东阳江江城城东马南,44,17,02,省略市+简称
阳江市江成区城东街道马南社区,44,17,02,同音错误
城东街道马南江城区阳江,44,17,02,顺序混乱
广东省阳江市阳西县织篢镇西湖社区,44,17,21,完整
阳江阳西织篢镇西湖社区,44,17,21,省略省
阳西县织篢镇西湖,44,17,21,省略省市
广东阳江阳西织篢西湖,44,17,21,省略市+简称
阳江市阳西县织簧镇西湖社区,44,17,21,同音错误
织篢镇西湖阳西县阳江,44,17,21,顺序混乱
广东省清远市清城区凤城街道麦围社区,44,18,02,完整
清远清城凤城街道麦围社区,44,18,02,省略省
清城区凤城街道麦围,44,18,02,省略省市
广东清远清城凤城麦围,44,18,02,省略市+简称
清远市清成区凤城街道麦围社区,44,18,02,同音错误
凤城街道麦围清城区清远,44,18,02,顺序混乱
广东省清远市连山壮族瑶族自治县吉田镇金山社区,44,18,25,完整
清远连山吉田镇金山社区,44,18,25,省略省
连山壮族瑶族自治县吉田镇金山,44,18,25,省略省市
广东清远连山吉田金山,44,18,25,省略市+简称
清远市连珊壮族瑶族自治县吉田镇金山社区,44,18,25,同音错误
吉田镇金山连山壮族瑶族自治县清远,44,18,25,顺序混乱
广东省潮州市湘桥区桥东街道下津村,44,51,02,完整
潮州湘桥桥东街道下津村,44,51,02,省略省
湘桥区桥东街道下津,44,51,02,省略省市
广东潮州湘桥桥东下津,44,51,02,省略市+简称
潮州市湘乔区桥东街道下津村,44,51,02,同音错误
桥东街道下津湘桥区潮州,44,51,02,顺序混乱
广东省揭阳市榕城区梅云街道何厝社区,44,52,02,完整
揭阳榕城梅云街道何厝社区,44,52,02,省略省
榕城区梅云街道何厝,44,52,02,省略省市
广东揭阳榕城梅云何厝,44,52,02,省略市+简称
揭阳市溶城区梅云街道何厝社区,44,52,02,同音错误
梅云街道何厝榕城区揭阳,44,52,02,顺序混乱
广东省云浮市云城区思劳镇城村,44,53,02,完整
云浮云城思劳镇城村,44,53,02,省略省
云城区思劳镇城,44,53,02,省略省市
广东云浮云城思劳城,44,53,02,省略市+简称
云浮市云成区思劳镇城村,44,53,02,同音错误
思劳镇城村云城区云浮,44,53,02,顺序混乱
城区马宫街道金町村,,,02,歧义
高新区软件大道1号,,,02,歧义
新区科技路88号,,,02,歧义
江西省南昌市东湖区墩子塘街道叠山路100号,36,01,02,完整
南昌东湖董家窑街道南京西路25号,36,01,02,省略省
东湖区百花洲街道小金台社区,36,01,02,省略省市
东胡区豫章街道二经路8号,36,01,02,同音错误
墩子塘街道豫章路12号江西省南昌市,36,01,02,顺序混乱
东湖区滕王阁街道紫云路3号,36,01,02,截断
江西省南昌市西湖区南站街道站前路66号,36,01,03,完整
南昌西湖绳金塔街道金盘路9号,36,01,03,省略省
西湖区桃源街道朝阳洲中路18号,36,01,03,省略省市
西湖区朝农街道兰宫路7号,36,01,03,截断
渐江省南昌西湖区丁公路街道丁公路5号,36,01,03,编辑距离错误
南浦街道象山南路江西省南昌市西湖区,36,01,03,顺序混乱
江西省南昌市青云谱区三家店街道解放西路30号,36,01,04,完整
南昌青云谱徐家坊街道警民路12号,36,01,04,省略省
青云谱区岱山街道施尧路88号,36,01,04,省略省市
青云谱区洪都街道新溪桥路5号,36,01,04,截断
青云普区京山街道京山南路7号,36,01,04,同音错误
徐家坊街道青云谱区南昌市江西省,36,01,04,顺序混乱
江西省南昌市青山湖区湖坊镇顺外路200号,36,01,11,完整
南昌青山湖塘山镇南京东路99号,36,01,11,省略省
青山湖区京东镇京安路18号,36,01,11,省略省市
青山湖区罗家镇昌安路6号,36,01,11,截断
青山胡区上海路街道上海路33号,36,01,11,同音错误
塘山镇青山湖区南昌江西省上海路,36,01,11,顺序混乱
江西省南昌市新建区望城镇祥云大道1号,36,01,12,完整
南昌新建长绫街道新建大道8号,36,01,12,省略省
新建区松湖镇松湖街12号,36,01,12,省略省市
新建区大塘坪乡大塘街5号,36,01,12,截断
新建区蛟桥街道德路10号,36,01,12,编辑距离错误
望城镇新建区南昌市江西省,36,01,12,顺序混乱
江西省南昌市红谷滩区沙井街道红谷中大道88号,36,01,13,完整
南昌红谷滩卫东街道世贸路19号,36,01,13,省略省
红谷滩区生米街道九龙大道6号,36,01,13,省略省市
红谷滩区凤凰洲街道濠江路3号,36,01,13,截断
红骨滩区九龙湖街道九龙湖路7号,36,01,13,同音错误
沙井街道红谷滩区南昌江西省,36,01,13,顺序混乱
江西省南昌县莲塘街道澄湖西路50号,36,01,21,完整
南昌南昌县向塘镇向塘西大道9号,36,01,21,省略省
南昌县蒋巷镇蒋巷大道12号,36,01,21,省略省市
南昌县幽兰镇幽兰街5号,36,01,21,截断
南冒县东新街道东新路8号,36,01,21,编辑距离错误
莲塘街道南昌县江西省南昌市,36,01,21,顺序混乱
江西省安义县龙津街道文峰路18号,36,01,23,完整
安义龙津镇龙津大道6号,36,01,23,省略省
安义县万埠镇万埠街9号,36,01,23,省略省市
安义县石鼻镇石鼻路5号,36,01,23,截断
安义县鼎湖镇鼎湖街12号,36,01,23,完整
龙津街道安义县南昌市江西,36,01,23,顺序混乱
江西省进贤县民和街道胜利路20号,36,01,24,完整
进贤民和镇云桥路8号,36,01,24,省略省
进贤县李渡镇李渡大道15号,36,01,24,省略省市
进贤县文港镇文港街6号,36,01,24,截断
进贤县温圳镇温圳路9号,36,01,24,完整
民和街道进贤县南昌江西,36,01,24,顺序混乱
江西省景德镇市昌江区西郊街道昌南大道66号,36,02,02,完整
景德镇昌江新枫街道迎宾路12号,36,02,02,省略省
昌江区吕蒙街道吕蒙路8号,36,02,02,省略省市
昌江区鲇鱼山镇鲇鱼山路5号,36,02,02,截断
昌扛区荷塘乡荷塘路9号,36,02,02,编辑距离错误
西郊街道昌江区景德镇江西,36,02,02,顺序混乱
江西省景德镇市珠山区新村街道广场北路30号,36,02,03,完整
景德镇珠山石狮埠街道中山北路18号,36,02,03,省略省
珠山区里村街道里村路6号,36,02,03,省略省市
珠山区新厂街道新厂路9号,36,02,03,截断
珠山区太白园街道太白园路7号,36,02,03,完整
新村街道珠山区景德镇市江西,36,02,03,顺序混乱
江西省浮梁县浮梁镇高岭路25号,36,02,22,完整
浮梁浮梁镇瓷都大道9号,36,02,22,省略省
浮梁县鹅湖镇鹅湖街12号,36,02,22,省略省市
浮梁县瑶里镇瑶里路5号,36,02,22,截断
浮梁县湘湖镇湘湖路8号,36,02,22,完整
浮梁镇浮梁县景德镇江西,36,02,22,顺序混乱
江西省乐平市泊阳街道人民路40号,36,02,81,完整
乐平后港街道后港路12号,36,02,81,省略省
乐平市涌山镇涌山街9号,36,02,81,省略省市
乐平市众埠镇众埠路5号,36,02,81,截断
乐平市塔山街道塔山路8号,36,02,81,完整
泊阳街道乐平市景德镇江西,36,02,81,顺序混乱
江西省萍乡市安源区后埠街道跃进北路50号,36,03,02,完整
萍乡安源八一街道八一西路18号,36,03,02,省略省
安源区凤凰街道凤凰池路6号,36,03,02,省略省市
安源区白源街道白源路9号,36,03,02,截断
安原区丹江街道丹江路7号,36,03,02,同音错误
后埠街道安源区萍乡江西,36,03,02,顺序混乱
江西省萍乡市湘东区湘东镇湘泉路30号,36,03,13,完整
萍乡湘东峡山口街道峡山口路12号,36,03,13,省略省
湘东区老关镇老关街9号,36,03,13,省略省市
湘东区下埠镇下埠路5号,36,03,13,截断
湘东区麻山镇麻山路8号,36,03,13,完整
湘东镇湘东区萍乡江西,36,03,13,顺序混乱
江西省莲花县琴亭镇解放街28号,36,03,21,完整
莲花琴亭镇琴亭路12号,36,03,21,省略省
莲花县坊楼镇坊楼街9号,36,03,21,省略省市
莲花县升坊镇升坊路5号,36,03,21,截断
莲花县良坊镇良坊路8号,36,03,21,完整
琴亭镇莲花县萍乡江西,36,03,21,顺序混乱
江西省上栗县上栗镇平安路26号,36,03,22,完整
上栗上栗镇栗都路12号,36,03,22,省略省
上栗县金山镇金山街9号,36,03,22,省略省市
上栗县桐木镇桐木路5号,36,03,22,截断
上栗县杨岐乡杨岐路8号,36,03,22,完整
上栗镇上栗县萍乡江西,36,03,22,顺序混乱
江西省芦溪县芦溪镇人民路24号,36,03,23,完整
芦溪芦溪镇芦溪大道12号,36,03,23,省略省
芦溪县宣风镇宣风街9号,36,03,23,省略省市
芦溪县上埠镇上埠路5号,36,03,23,截断
芦溪县张佳坊乡张佳坊路8号,36,03,23,完整
芦溪镇芦溪县萍乡江西,36,03,23,顺序混乱
江西省九江市濂溪区五里街道前进东路60号,36,04,02,完整
九江濂溪十里街道南山路18号,36,04,02,省略省
濂溪区新港镇新港路9号,36,04,02,省略省市
濂溪区莲花镇莲花路5号,36,04,02,截断
廉溪区五里街道五里路8号,36,04,02,同音错误
十里街道濂溪区九江江西,36,04,02,顺序混乱
江西省九江市浔阳区甘棠街道浔阳路50号,36,04,03,完整
九江浔阳人民路街道人民路18号,36,04,03,省略省
浔阳区白水湖街道白水湖路9号,36,04,03,省略省市
浔阳区湓浦街道湓浦路5号,36,04,03,截断
浔阳区南湖路12号,36,04,03,完整
甘棠街道浔阳区九江江西,36,04,03,顺序混乱
江西省九江市柴桑区沙河街道沙河大道40号,36,04,04,完整
九江柴桑狮子街道狮子路12号,36,04,04,省略省
柴桑区岷山乡岷山路9号,36,04,04,省略省市
柴桑区港口街镇港口路5号,36,04,04,截断
柴桑区沙河街道沙河路8号,36,04,04,完整
沙河街道柴桑区九江江西,36,04,04,顺序混乱
江西省武宁县豫宁街道建昌路30号,36,04,23,完整
武宁豫宁街道豫宁路12号,36,04,23,省略省
武宁县罗坪镇罗坪街9号,36,04,23,省略省市
武宁县宋溪镇宋溪路5号,36,04,23,截断
武宁县澧溪镇澧溪路8号,36,04,23,完整
豫宁街道武宁县九江江西,36,04,23,顺序混乱
江西省修水县义宁镇秀水大道28号,36,04,24,完整
修水义宁镇义宁路12号,36,04,24,省略省
修水县宁州镇宁州大道9号,36,04,24,省略省市
修水县何市镇何市街5号,36,04,24,截断
修水县渣津镇渣津路8号,36,04,24,完整
义宁镇修水县九江江西,36,04,24,顺序混乱
江西省永修县虬津镇建新路26号,36,04,25,完整
永修永修镇建昌路12号,36,04,25,省略省
永修县涂埠镇涂埠街9号,36,04,25,省略省市
永修县梅棠镇梅棠路5号,36,04,25,截断
永修县三溪桥镇三溪桥路8号,36,04,25,完整
虬津镇永修县九江江西,36,04,25,顺序混乱
江西省德安县蒲亭镇义峰路24号,36,04,26,完整
德安蒲亭镇蒲亭路12号,36,04,26,省略省
德安县吴山镇吴山街9号,36,04,26,省略省市
德安县宝塔乡宝塔路5号,36,04,26,截断
德安县邹桥乡邹桥路8号,36,04,26,完整
蒲亭镇德安县九江江西,36,04,26,顺序混乱
江西省都昌县都昌镇东风大道22号,36,04,28,完整
都昌都昌镇都昌路12号,36,04,28,省略省
都昌县三汊港镇三汊港街9号,36,04,28,省略省市
都昌县蔡岭镇蔡岭路5号,36,04,28,截断
都昌县徐埠镇徐埠路8号,36,04,28,完整
都昌镇都昌县九江江西,36,04,28,顺序混乱
江西省湖口县双钟镇三里大道20号,36,04,29,完整
湖口双钟镇双钟路12号,36,04,29,省略省
湖口县流泗镇流泗街9号,36,04,29,省略省市
湖口县城山镇城山街5号,36,04,29,截断
湖口县舜德乡舜德路8号,36,04,29,完整
双钟镇湖口县九江江西,36,04,29,顺序混乱
江西省彭泽县龙城镇龙城大道18号,36,04,30,完整
彭泽龙城镇龙城路12号,36,04,30,省略省
彭泽县马当镇马当街9号,36,04,30,省略省市
彭泽县定山镇定山街5号,36,04,30,截断
彭泽县东升镇东升路8号,36,04,30,完整
龙城镇彭泽县九江江西,36,04,30,顺序混乱
江西省瑞昌市湓城街道人民北路40号,36,04,81,完整
瑞昌湓城街道湓城路12号,36,04,81,省略省
瑞昌市码头镇码头街9号,36,04,81,省略省市
瑞昌市高丰镇高丰路5号,36,04,81,截断
瑞昌市夏畈镇夏畈路8号,36,04,81,完整
湓城街道瑞昌市九江江西,36,04,81,顺序混乱
江西省共青城市甘露镇共青大道30号,36,04,82,完整
共青城甘露镇甘露路12号,36,04,82,省略省
共青城市金湖乡金湖街9号,36,04,82,省略省市
共青城市江益镇江益路5号,36,04,82,截断
共青城市苏家垱乡苏家垱路8号,36,04,82,完整
甘露镇共青城市九江江西,36,04,82,顺序混乱
江西省庐山市南康镇星光大道28号,36,04,83,完整
庐山南康镇南康路12号,36,04,83,省略省
庐山市温泉镇温泉街9号,36,04,83,省略省市
庐山市星子镇星子路5号,36,04,83,截断
庐山市华林镇华林路8号,36,04,83,完整
南康镇庐山市九江江西,36,04,83,顺序混乱
江西省新余市渝水区城北街道北湖西路50号,36,05,02,完整
新余渝水袁河街道抱石大道18号,36,05,02,省略省
渝水区新钢街道新钢路9号,36,05,02,省略省市
渝水区罗坊镇罗坊街5号,36,05,02,截断
渝水区城南街道城南路8号,36,05,02,完整
城北街道渝水区新余江西,36,05,02,顺序混乱
江西省分宜县分宜镇钤阳西路30号,36,05,21,完整
分宜分宜镇分宜路12号,36,05,21,省略省
分宜县杨桥镇杨桥街9号,36,05,21,省略省市
分宜县双林镇双林路5号,36,05,21,截断
分宜县操场乡操场路8号,36,05,21,完整
分宜镇分宜县新余江西,36,05,21,顺序混乱
江西省鹰潭市月湖区江边街道胜利西路40号,36,06,02,完整
鹰潭月湖交通街道交通路18号,36,06,02,省略省
月湖区四青街道四青路9号,36,06,02,省略省市
月湖区白露街道白露路5号,36,06,02,截断
月湖区梅园街道梅园路8号,36,06,02,完整
江边街道月湖区鹰潭江西,36,06,02,顺序混乱
江西省鹰潭市余江区邓埠街道白塔西路30号,36,06,03,完整
鹰潭余江邓埠街道邓埠路12号,36,06,03,省略省
余江区锦江镇锦江街9号,36,06,03,省略省市
余江区画桥镇画桥路5号,36,06,03,截断
余江区潢溪镇潢溪路8号,36,06,03,完整
邓埠街道余江区鹰潭江西,36,06,03,顺序混乱
江西省贵溪市雄石街道信江路40号,36,06,81,完整
贵溪雄石街道雄石路12号,36,06,81,省略省
贵溪市花园街道花园街9号,36,06,81,省略省市
贵溪市塘湾镇塘湾路5号,36,06,81,截断
贵溪市泗沥镇泗沥路8号,36,06,81,完整
雄石街道贵溪市鹰潭江西,36,06,81,顺序混乱
江西省赣州市章贡区解放街道红旗大道60号,36,07,02,完整
赣州章贡赣江街道赣江路18号,36,07,02,省略省
章贡区南外街道文明大道9号,36,07,02,省略省市
章贡区东外街道张家围路5号,36,07,02,截断
章贡区水南街道长征大道8号,36,07,02,完整
解放街道章贡区赣州市江西,36,07,02,顺序混乱
江西省赣州市南康区蓉江街道蓉江大道50号,36,07,03,完整
赣州南康东山街道东山北路18号,36,07,03,省略省
南康区唐江镇唐江街9号,36,07,03,省略省市
南康区龙岭镇龙岭路5号,36,07,03,截断
南康区镜坝镇镜坝路8号,36,07,03,完整
蓉江街道南康区赣州市江西,36,07,03,顺序混乱
江西省赣州市赣县区梅林街道梅林大街40号,36,07,04,完整
赣州赣县梅林街道梅林路12号,36,07,04,省略省
赣县区王母渡镇王母渡街9号,36,07,04,省略省市
赣县区江口镇江口路5号,36,07,04,截断
赣县区田村镇田村路8号,36,07,04,完整
梅林街道赣县区赣州市江西,36,07,04,顺序混乱
江西省信丰县嘉定镇解放路30号,36,07,22,完整
信丰嘉定镇嘉定大道12号,36,07,22,省略省
信丰县大塘埠镇大塘街9号,36,07,22,省略省市
信丰县铁石口镇铁石口路5号,36,07,22,截断
信丰县西牛镇西牛路8号,36,07,22,完整
嘉定镇信丰县赣州市江西,36,07,22,顺序混乱
江西省大余县南安镇伯坚大道28号,36,07,23,完整
大余南安镇南安路12号,36,07,23,省略省
大余县新城镇新城街9号,36,07,23,省略省市
大余县池江镇池江路5号,36,07,23,截断
大余县青龙镇青龙路8号,36,07,23,完整
南安镇大余县赣州市江西,36,07,23,顺序混乱
江西省上犹县东山镇犹江大道26号,36,07,24,完整
上犹东山片区东山街12号,36,07,24,省略省
上犹县社溪镇社溪街9号,36,07,24,省略省市
上犹县营前镇营前路5号,36,07,24,截断
上犹县黄埠镇黄埠路8号,36,07,24,完整
东山镇上犹县赣州市江西,36,07,24,顺序混乱
江西省崇义县横水镇阳岭大道24号,36,07,25,完整
崇义横水镇横水路12号,36,07,25,省略省
崇义县扬眉镇扬眉街9号,36,07,25,省略省市
崇义县过埠镇过埠路5号,36,07,25,截断
崇义县铅厂镇铅厂路8号,36,07,25,完整
横水镇崇义县赣州市江西,36,07,25,顺序混乱
江西省安远县欣山镇九龙大道22号,36,07,26,完整
安远欣山镇欣山街12号,36,07,26,省略省
安远县孔田镇孔田路9号,36,07,26,省略省市
安远县版石镇版石路5号,36,07,26,截断
安远县三百山镇三百山大道8号,36,07,26,完整
欣山镇安远县赣州市江西,36,07,26,顺序混乱
江西省定南县历市镇建设东路20号,36,07,28,完整
定南历市镇历市路12号,36,07,28,省略省
定南县天九镇天九街9号,36,07,28,省略省市
定南县岭北镇岭北路5号,36,07,28,截断
定南县老城镇老城路8号,36,07,28,完整
历市镇定南县赣州市江西,36,07,28,顺序混乱
江西省全南县成厢镇含江路18号,36,07,29,完整
全南城厢镇城厢街12号,36,07,29,省略省
全南县金龙镇金龙路9号,36,07,29,省略省市
全南县南迳镇南迳路5号,36,07,29,截断
全南县陂头镇陂头路8号,36,07,29,完整
成厢镇全南县赣州市江西,36,07,29,编辑距离错误
江西省宁都县梅江镇翠微路30号,36,07,30,完整
宁都梅江镇梅江大道12号,36,07,30,省略省
宁都县小布镇小布街9号,36,07,30,省略省市
宁都县黄石镇黄石路5号,36,07,30,截断
宁都县赖村镇赖村路8号,36,07,30,完整
梅江镇宁都县赣州市江西,36,07,30,顺序混乱
江西省于都县贡江镇长征大道28号,36,07,31,完整
于都贡江镇贡江路12号,36,07,31,省略省
于都县梓山镇梓山街9号,36,07,31,省略省市
于都县岭背镇岭背路5号,36,07,31,截断
于都县葛坳镇葛坳路8号,36,07,31,完整
贡江镇于都县赣州市江西,36,07,31,顺序混乱
江西省兴国县潋江镇平川大道26号,36,07,32,完整
兴国潋江镇潋江路12号,36,07,32,省略省
兴国县高兴镇高兴街9号,36,07,32,省略省市
兴国县良村镇良村路5号,36,07,32,截断
兴国县龙口镇龙口路8号,36,07,32,完整
潋江镇兴国县赣州市江西,36,07,32,顺序混乱
江西省会昌县文武坝镇红旗大道24号,36,07,33,完整
会昌文武坝镇文武路12号,36,07,33,省略省
会昌县麻州镇麻州街9号,36,07,33,省略省市
会昌县周田镇周田路5号,36,07,33,截断
会昌县西江镇西江路8号,36,07,33,完整
文武坝镇会昌县赣州市江西,36,07,33,顺序混乱
江西省寻乌县长宁镇中山路22号,36,07,34,完整
寻乌龙廷镇龙廷街12号,36,07,34,省略省
寻乌县留车镇留车街9号,36,07,34,省略省市
寻乌县晨光镇晨光路5号,36,07,34,截断
寻乌县吉潭镇吉潭路8号,36,07,34,完整
长宁镇寻乌县赣州市江西,36,07,34,顺序混乱
江西省石城县琴江镇西华北路20号,36,07,35,完整
石城琴江镇琴江路12号,36,07,35,省略省
石城县小松镇小松街9号,36,07,35,省略省市
石城县屏山镇屏山路5号,36,07,35,截断
石城县横江镇横江路8号,36,07,35,完整
琴江镇石城县赣州市江西,36,07,35,顺序混乱
江西省瑞金市象湖街道红都大道40号,36,07,81,完整
瑞金象湖街道象湖路12号,36,07,81,省略省
瑞金市壬田镇壬田街9号,36,07,81,省略省市
瑞金市沙洲坝镇沙洲坝路5号,36,07,81,截断
瑞金市九堡镇九堡路8号,36,07,81,完整
象湖街道瑞金市赣州市江西,36,07,81,顺序混乱
江西省龙南市龙南镇龙翔大道38号,36,07,83,完整
龙南龙南镇龙南大道12号,36,07,83,省略省
龙南市里仁镇里仁街9号,36,07,83,省略省市
龙南市杨村镇杨村路5号,36,07,83,截断
龙南市关西镇关西路8号,36,07,83,完整
龙南镇龙南市赣州市江西,36,07,83,顺序混乱
江西省吉安市吉州区北门街道韶山西路50号,36,08,02,完整
吉安吉州习溪桥街道井冈山大道18号,36,08,02,省略省
吉州区永叔街道永叔路9号,36,08,02,省略省市
吉州区文山街道文山路5号,36,08,02,截断
吉州区白塘街道白塘路8号,36,08,02,完整
北门街道吉州区吉安市江西,36,08,02,顺序混乱
江西省吉安市青原区河东街道青原大道40号,36,08,03,完整
吉安青原滨江街道滨江路12号,36,08,03,省略省
青原区天玉镇天玉街9号,36,08,03,省略省市
青原区值夏镇值夏路5号,36,08,03,截断
青原区富滩镇富滩路8号,36,08,03,完整
河东街道青原区吉安市江西,36,08,03,顺序混乱
江西省吉安县敦厚镇庐陵大道30号,36,08,21,完整
吉安吉安县敦厚镇敦厚路12号,36,08,21,省略省
吉安县永阳镇永阳街9号,36,08,21,省略省市
吉安县固江镇固江路5号,36,08,21,截断
吉安县万福镇万福路8号,36,08,21,完整
敦厚镇吉安县吉安江西,36,08,21,顺序混乱
江西省吉水县文峰镇文化东路28号,36,08,22,完整
吉水文峰镇文峰路12号,36,08,22,省略省
吉水县金滩镇金滩街9号,36,08,22,省略省市
吉水县醪桥镇醪桥路5号,36,08,22,截断
吉水县八都镇八都路8号,36,08,22,完整
文峰镇吉水县吉安江西,36,08,22,顺序混乱
江西省峡江县水边镇玉笥大道26号,36,08,23,完整
峡江水边镇水边路12号,36,08,23,省略省
峡江县巴邱镇巴邱街9号,36,08,23,省略省市
峡江县马埠镇马埠路5号,36,08,23,截断
峡江县桐林乡桐林路8号,36,08,23,完整
水边镇峡江县吉安江西,36,08,23,顺序混乱
江西省新干县金川镇金川大道24号,36,08,24,完整
新干金川镇金川路12号,36,08,24,省略省
新干县大洋洲镇大洋洲街9号,36,08,24,省略省市
新干县界埠镇界埠路5号,36,08,24,截断
新干县三湖镇三湖路8号,36,08,24,完整
金川镇新干县吉安江西,36,08,24,顺序混乱
江西省永丰县恩江镇恩江大道22号,36,08,25,完整
永丰恩江镇恩江路12号,36,08,25,省略省
永丰县藤田镇藤田街9号,36,08,25,省略省市
永丰县沙溪镇沙溪路5号,36,08,25,截断
永丰县坑田镇坑田路8号,36,08,25,完整
恩江镇永丰县吉安江西,36,08,25,顺序混乱
江西省泰和县澄江镇白凤大道20号,36,08,26,完整
泰和澄江镇澄江路12号,36,08,26,省略省
泰和县螺溪镇螺溪街9号,36,08,26,省略省市
泰和县马市镇马市路5号,36,08,26,截断
泰和县沙村镇沙村路8号,36,08,26,完整
澄江镇泰和县吉安江西,36,08,26,顺序混乱
江西省遂川县泉江镇工农兵大道18号,36,08,27,完整
遂川泉江镇泉江路12号,36,08,27,省略省
遂川县雩田镇雩田街9号,36,08,27,省略省市
遂川县草林镇草林路5号,36,08,27,截断
遂川县堆子前镇堆子前路8号,36,08,27,完整
泉江镇遂川县吉安江西,36,08,27,顺序混乱
江西省万安县芙蓉镇五云路16号,36,08,28,完整
万安芙蓉镇芙蓉路12号,36,08,28,省略省
万安县枧头镇枧头街9号,36,08,28,省略省市
万安县窑头镇窑头路5号,36,08,28,截断
万安县百嘉镇百嘉路8号,36,08,28,完整
芙蓉镇万安县吉安江西,36,08,28,顺序混乱
江西省安福县平都镇武功山大道14号,36,08,29,完整
安福平都镇平都路12号,36,08,29,省略省
安福县洲湖镇洲湖街9号,36,08,29,省略省市
安福县严田镇严田路5号,36,08,29,截断
安福县枫田镇枫田路8号,36,08,29,完整
平都镇安福县吉安江西,36,08,29,顺序混乱
江西省永新县禾川镇湘赣大道12号,36,08,30,完整
永新禾川镇禾川路12号,36,08,30,省略省
永新县埠前镇埠前街9号,36,08,30,省略省市
永新县文竹镇文竹路5号,36,08,30,截断
永新县龙源口镇龙源口路8号,36,08,30,完整
禾川镇永新县吉安江西,36,08,30,顺序混乱
江西省井冈山市红星街道井冈山大道40号,36,08,81,完整
井冈山茨坪镇茨坪路12号,36,08,81,省略省
井冈山市龙市镇龙市街9号,36,08,81,省略省市
井冈山市新城镇新城路5号,36,08,81,截断
井冈山市厦坪镇厦坪路8号,36,08,81,完整
红星街道井冈山市吉安江西,36,08,81,顺序混乱
江西省宜春市袁州区灵泉街道袁山大道60号,36,09,02,完整
宜春袁州下浦街道卢洲南路18号,36,09,02,省略省
袁州区湛郎街道朝阳路9号,36,09,02,省略省市
袁州区化成街道化成路5号,36,09,02,截断
袁州区珠泉街道珠泉路8号,36,09,02,完整
灵泉街道袁州区宜春江西,36,09,02,顺序混乱
江西省奉新县冯川镇冯川西路30号,36,09,21,完整
奉新冯川镇冯川路12号,36,09,21,省略省
奉新县赤岸镇赤岸街9号,36,09,21,省略省市
奉新县干洲镇干洲路5号,36,09,21,截断
奉新县宋埠镇宋埠路8号,36,09,21,完整
冯川镇奉新县宜春江西,36,09,21,顺序混乱
江西省万载县康乐街道建成大道28号,36,09,22,完整
万载康乐街道康乐路12号,36,09,22,省略省
万载县株潭镇株潭街9号,36,09,22,省略省市
万载县潭埠镇潭埠路5号,36,09,22,截断
万载县马步乡马步路8号,36,09,22,完整
康乐街道万载县宜春江西,36,09,22,顺序混乱
江西省上高县敖阳街道镜山大道26号,36,09,23,完整
上高敖阳街道敖阳路12号,36,09,23,省略省
上高县泗溪镇泗溪街9号,36,09,23,省略省市
上高县锦江镇锦江路5号,36,09,23,截断
上高县田心镇田心路8号,36,09,23,完整
敖阳街道上高县宜春江西,36,09,23,顺序混乱
江西省宜丰县新昌镇新昌大道24号,36,09,24,完整
宜丰新昌镇新昌路12号,36,09,24,省略省
宜丰县潭山镇潭山街9号,36,09,24,省略省市
宜丰县棠浦镇棠浦路5号,36,09,24,截断
宜丰县芳溪镇芳溪路8号,36,09,24,完整
新昌镇宜丰县宜春江西,36,09,24,顺序混乱
江西省靖安县双溪镇双溪大道22号,36,09,25,完整
靖安双溪镇双溪路12号,36,09,25,省略省
靖安县宝峰镇宝峰街9号,36,09,25,省略省市
靖安县高湖镇高湖路5号,36,09,25,截断
靖安县仁首镇仁首路8号,36,09,25,完整
双溪镇靖安县宜春江西,36,09,25,顺序混乱
江西省铜鼓县永宁镇定江东路20号,36,09,26,完整
铜鼓永宁镇永宁路12号,36,09,26,省略省
铜鼓县温泉镇温泉街9号,36,09,26,省略省市
铜鼓县棋坪镇棋坪路5号,36,09,26,截断
铜鼓县大塅镇大塅路8号,36,09,26,完整
永宁镇铜鼓县宜春江西,36,09,26,顺序混乱
江西省丰城市剑光街道东方红大街40号,36,09,81,完整
丰城剑光街道剑光路12号,36,09,81,省略省
丰城市河洲街道河洲街9号,36,09,81,省略省市
丰城市尚庄街道尚庄路5号,36,09,81,截断
丰城市拖船镇拖船路8号,36,09,81,完整
剑光街道丰城市宜春江西,36,09,81,顺序混乱
江西省樟树市淦阳街道药都南大道38号,36,09,82,完整
樟树淦阳街道淦阳路12号,36,09,82,省略省
樟树市鹿江街道鹿江街9号,36,09,82,省略省市
樟树市阁山镇阁山路5号,36,09,82,截断
樟树市张家山街道张家山路8号,36,09,82,完整
淦阳街道樟树市宜春江西,36,09,82,顺序混乱
江西省高安市瑞州街道瑞阳大道36号,36,09,83,完整
高安瑞州街道瑞州路12号,36,09,83,省略省
高安市筠阳街道筠阳街9号,36,09,83,省略省市
高安市灰埠镇灰埠路5号,36,09,83,截断
高安市石脑镇石脑路8号,36,09,83,完整
瑞州街道高安市宜春江西,36,09,83,顺序混乱
江西省抚州市临川区西大街街道赣东大道50号,36,10,02,完整
抚州临川荆公路街道大公路18号,36,10,02,省略省
临川区青云街道青云路9号,36,10,02,省略省市
临川区上顿渡镇上顿渡街5号,36,10,02,截断
临川区文昌街道文昌路8号,36,10,02,完整
西大街街道临川区抚州江西,36,10,02,顺序混乱
江西省抚州市东乡区金峰街道恒安西路40号,36,10,03,完整
抚州东乡金峰街道金峰路12号,36,10,03,省略省
东乡区孝岗镇孝岗街9号,36,10,03,省略省市
东乡区马圩镇马圩路5号,36,10,03,截断
东乡区圩上桥镇圩上桥路8号,36,10,03,完整
金峰街道东乡区抚州江西,36,10,03,顺序混乱
东乡区金峰街道恒安路18号,,03,歧义
东乡孝岗镇昌景路9号,,03,歧义
江西省南城县建昌镇盱江大道30号,36,10,21,完整
抚州南城建昌镇建昌路12号,36,10,21,省略省
南城县洪门镇洪门街9号,36,10,21,省略省市
南城县株良镇株良路5号,36,10,21,截断
南城县里塔镇里塔路8号,36,,,
广西壮族自治区南宁市兴宁区朝阳街道兴东社区1号,45,01,02,完整
南宁兴宁区民生街道人民路22号,45,01,02,完整
兴宁区朝阳街道中华路5号,45,01,02,截断
广西南宁市兴宁区三塘镇三塘街8号,45,01,02,完整
兴宁区五塘镇五塘大道3号,45,01,02,截断
南宁市兴宁区昆仑镇昆仑街12号,45,01,02,完整
青秀区建政街道建政路1号,45,01,03,完整
广西南宁青秀区新竹街道新竹路9号,45,01,03,完整
青秀区中山街道民族大道18号,45,01,03,截断
南宁青秀区津头街道双拥路6号,45,01,03,完整
青秀区南湖街道青山路2号,45,01,03,完整
广西青秀区刘圩镇刘圩街11号,45,01,03,截断
江南区江南街道星光大道7号,45,01,05,完整
南宁江南区福建园街道福建路3号,45,01,05,完整
江南区那洪街道友谊路14号,45,01,05,截断
广西南宁市江南区沙井街道沙井大道5号,45,01,05,完整
江南区金凯街道金凯路8号,45,01,05,完整
南宁江南区苏圩镇苏圩街2号,45,01,05,截断
西乡塘区西乡塘街道大学东路1号,45,01,07,完整
广西南宁西乡塘区衡阳街道衡阳路6号,45,01,07,完整
西乡塘区北湖街道北湖北路9号,45,01,07,截断
南宁西乡塘区安吉街道安吉大道12号,45,01,07,完整
西乡塘区新阳街道新阳路3号,45,01,07,完整
广西西乡塘区坛洛镇坛洛街5号,45,01,07,截断
良庆区大沙田街道银海大道2号,45,01,08,完整
南宁良庆区玉洞街道玉洞路8号,45,01,08,完整
良庆区良庆镇良庆街1号,45,01,08,截断
广西南宁市良庆区那马镇那马街6号,45,01,08,完整
良庆区那陈镇那陈大道3号,45,01,08,完整
南宁良庆区大塘镇大塘街9号,45,01,08,截断
邕宁区蒲庙镇蒲庙街1号,45,01,09,完整
广西南宁邕宁区那楼镇那楼大道4号,45,01,09,完整
邕宁区新江镇新江街2号,45,01,09,截断
南宁邕宁区百济镇百济路6号,45,01,09,完整
邕宁区中和镇中和街3号,45,01,09,完整
广西邕宁区蒲庙镇龙岗社区龙祥路8号,45,01,09,完整
武鸣区城厢镇灵水路1号,45,01,10,完整
南宁武鸣区太平镇太平街2号,45,01,10,完整
武鸣区双桥镇双桥大道5号,45,01,10,截断
广西南宁市武鸣区宁武镇宁武街3号,45,01,10,完整
武鸣区锣圩镇锣圩路6号,45,01,10,完整
南宁武鸣区陆斡镇陆斡社区陆韩街9号,45,01,10,完整
隆安县隆安县城厢镇兴隆路1号,45,01,23,完整
广西南宁隆安县雁江镇雁江街4号,45,01,23,完整
隆安县那桐镇那桐大道2号,45,01,23,截断
南宁隆安县乔建镇乔建路6号,45,01,23,完整
隆安县丁当镇丁当街3号,45,01,23,完整
广西隆安县城厢镇震东社区江安街8号,45,01,23,完整
马山县马山县白山镇中学路1号,45,01,24,完整
广西南宁马山县周鹿镇周鹿街2号,45,01,24,完整
马山县林圩镇林圩大道3号,45,01,24,截断
南宁马山县古零镇古零街5号,45,01,24,完整
马山县永州镇永州社区永州街6号,45,01,24,完整
广西马山县白山镇合作社区江滨路9号,45,01,24,完整
上林县上林县大丰镇丰岭路1号,45,01,25,完整
广西南宁上林县明亮镇明亮街2号,45,01,25,完整
上林县塘红乡塘红街3号,45,01,25,截断
南宁上林县三里镇三里大道5号,45,01,25,完整
上林县西燕镇西燕街4号,45,01,25,完整
广西上林县大丰镇云城社区明山路8号,45,01,25,完整
宾阳县宾阳县宾州镇临浦路1号,45,01,26,完整
广西南宁宾阳县黎塘镇建设路2号,45,01,26,完整
宾阳县甘棠镇甘棠街3号,45,01,26,截断
南宁宾阳县新桥镇新桥大道5号,45,01,26,完整
宾阳县宾州镇商贸城社区城东大道7号,45,01,26,完整
广西宾阳县思陇镇思陇街6号,45,01,26,完整
横州市横州市横州镇茉莉花大道1号,45,01,81,完整
广西南宁横州市校椅镇校椅街2号,45,01,81,完整
横州市云表镇云表大道3号,45,01,81,截断
南宁横州市峦城镇峦城街5号,45,01,81,完整
横州市横州镇城司社区魁星路8号,45,01,81,完整
广西横州市陶圩镇陶圩社区陶园路6号,45,01,81,完整
柳州市城中区公园街道东台路1号,45,02,02,完整
广西柳州城中区河东街道桂中大道6号,45,02,02,完整
城中区中南街道中山西路3号,45,02,02,截断
柳州城中区静兰街道静兰路9号,45,02,02,完整
城中区潭中街道潭中东路2号,45,02,02,完整
广西城中区公园街道东台社区文惠桥旁5号,45,02,02,完整
鱼峰区天马街道屏山大道1号,45,02,03,完整
柳州鱼峰区驾鹤街道驾鹤路6号,45,02,03,完整
鱼峰区荣军街道荣军路2号,45,02,03,截断
广西柳州市鱼峰区箭盘山街道箭盘路9号,45,02,03,完整
鱼峰区五里亭街道东环路3号,45,02,03,完整
柳州鱼峰区白莲街道白莲大道5号,45,02,03,完整
柳南区柳南街道飞鹅路1号,45,02,04,完整
广西柳州柳南区河西街道河西路6号,45,02,04,完整
柳南区鹅山街道鹅山路2号,45,02,04,截断
柳州柳南区银山街道银桐路9号,45,02,04,完整
柳南区潭西街道潭中西路3号,45,02,04,完整
广西柳南区太阳镇太阳村街5号,45,02,04,完整
柳北区柳北区内河路1号,45,02,05,完整
柳州柳北区雅儒街道雅儒路6号,45,02,05,完整
柳北区胜利街道胜利路2号,45,02,05,截断
广西柳州市柳北区雀儿山街道雀儿山路9号,45,02,05,完整
柳北区锦绣街道锦绣路3号,45,02,05,完整
柳州柳北区沙塘镇沙塘街5号,45,02,05,完整
柳江区拉堡镇柳江大道1号,45,02,06,完整
广西柳州柳江区进德镇进德街2号,45,02,06,完整
柳江区成团镇成团路3号,45,02,06,截断
柳州柳江区穿山镇穿山大道5号,45,02,06,完整
柳江区三都镇三都街4号,45,02,06,完整
广西柳江区拉堡镇农贸社区兴柳路8号,45,02,06,完整
柳城县柳城县大埔镇胜利路1号,45,02,22,完整
广西柳州柳城县太平镇太平街2号,45,02,22,完整
柳城县沙埔镇沙埔大道3号,45,02,22,截断
柳州柳城县东泉镇东泉街5号,45,02,22,完整
柳城县大埔镇城北社区白阳路8号,45,02,22,完整
广西柳城县古砦仫佬族乡古砦街6号,45,02,22,完整
鹿寨县鹿寨县鹿寨镇创业路1号,45,02,23,完整
广西柳州鹿寨县中渡镇中渡街2号,45,02,23,完整
鹿寨县寨沙镇寨沙大道3号,45,02,23,截断
柳州鹿寨县黄冕镇黄冕街5号,45,02,23,完整
鹿寨县鹿寨镇城西社区建中东路8号,45,02,23,完整
广西鹿寨县导江乡导江街6号,45,02,23,完整
融安县融安县长安镇长安路1号,45,02,24,完整
广西柳州融安县浮石镇浮石街2号,45,02,24,完整
融安县大良镇大良大道3号,45,02,24,截断
柳州融安县泗顶镇泗顶街5号,45,02,24,完整
融安县长安镇广场社区立新街8号,45,02,24,完整
广西融安县雅瑶乡雅瑶街6号,45,02,24,完整
融水苗族自治县融水苗族自治县融水镇寿星路1号,45,02,25,完整
广西柳州融水县和睦镇和睦街2号,45,02,25,完整
融水苗族自治县怀宝镇怀宝大道3号,45,02,25,截断
柳州融水苗族自治县永乐镇永乐街5号,45,02,25,完整
融水苗族自治县融水镇城北社区民族路8号,45,02,25,完整
广西融水苗族自治县安太乡安太街6号,45,02,25,完整
三江侗族自治县三江县古宜镇侗乡路1号,45,02,26,完整
广西柳州三江侗族自治县斗江镇斗江街2号,45,02,26,完整
三江侗族自治县丹洲镇丹洲大道3号,45,02,26,截断
柳州三江县八江镇八江街5号,45,02,26,完整
三江侗族自治县古宜镇河东社区中山路8号,45,02,26,完整
广西三江县同乐苗族乡同乐街6号,45,02,26,完整
桂林市秀峰区丽君街道西山路1号,45,03,02,完整
广西桂林秀峰区秀峰街道正阳路6号,45,03,02,完整
秀峰区甲山街道中隐路2号,45,03,02,截断
桂林秀峰区丽君街道骝马山社区桃花江路5号,45,03,02,完整
秀峰区王城街道王城路3号,45,03,02,完整
广西秀峰区甲山街道阳江社区芦笛路9号,45,03,02,完整
叠彩区叠彩街道中山北路1号,45,03,03,完整
广西桂林叠彩区北门街道北辰路6号,45,03,03,完整
叠彩区大河乡大河路2号,45,03,03,截断
桂林叠彩区叠彩街道回龙社区芦笛路5号,45,03,03,完整
叠彩区北门街道圣隆社区圣隆路3号,45,03,03,完整
广西叠彩区大河乡星华街9号,45,03,03,完整
象山区象山街道环城西一路1号,45,03,04,完整
广西桂林象山区平山街道瓦窑路6号,45,03,04,完整
象山区南门街道中山南路2号,45,03,04,截断
桂林象山区平山街道将军桥社区凯风路5号,45,03,04,完整
象山区二塘乡万福路3号,45,03,04,完整
广西象山区南门街道龙船坪社区雉山路9号,45,03,04,完整
七星区七星街道七星路1号,45,03,05,完整
广西桂林七星区东江街道自由路6号,45,03,05,完整
七星区漓东街道空明西路2号,45,03,05,截断
桂林七星区东江街道电子科大社区金鸡路5号,45,03,05,完整
七星区漓东街道毅峰社区穿山东路3号,45,03,05,完整
广西七星区朝阳乡朝阳路9号,45,03,05,完整
雁山区雁山街道雁中路1号,45,03,11,完整
广西桂林雁山区柘木镇柘木街2号,45,03,11,完整
雁山区大埠乡大埠路3号,45,03,11,截断
桂林雁山区雁山街道良丰社区良丰路5号,45,03,11,完整
雁山区草坪回族乡草坪街4号,45,03,11,完整
广西雁山区柘木镇窑头社区桂阳路9号,45,03,11,完整
临桂区临桂镇世纪东路1号,45,03,12,完整
广西桂林临桂区会仙镇会仙大道2号,45,03,12,完整
临桂区五通镇五通街3号,45,03,12,截断
桂林临桂区临桂镇榕山社区锦秀路5号,45,03,12,完整
临桂区四塘镇四塘街4号,45,03,12,完整
广西临桂区宛田瑶族乡宛田街9号,45,03,12,完整
阳朔县阳朔镇抗战路1号,45,03,21,完整
广西桂林阳朔县白沙镇白沙街2号,45,03,21,完整
阳朔县兴坪镇兴坪大道3号,45,03,21,截断
桂林阳朔县阳朔镇莲峰社区城西路5号,45,03,21,完整
阳朔县福利镇福利街4号,45,03,21,完整
广西阳朔县高田镇高田街9号,45,03,21,完整
灵川县灵川镇灵南路1号,45,03,23,完整
广西桂林灵川县大圩镇大圩街2号,45,03,23,完整
灵川县灵田镇灵田路3号,45,03,23,截断
桂林灵川县灵川镇城西社区银渠路5号,45,03,23,完整
灵川县九屋镇九屋街4号,45,03,23,完整
广西灵川县三街镇三街大道9号,45,03,23,完整
全州县全州镇桂黄中路1号,45,03,24,完整
广西桂林全州县绍水镇绍水街2号,45,03,24,完整
全州县才湾镇才湾大道3号,45,03,24,截断
桂林全州县全州镇北门社区江南路5号,45,03,24,完整
全州县石塘镇石塘街4号,45,03,24,完整
广西全州县庙头镇庙头街9号,45,03,24,完整
兴安县兴安镇志玲路1号,45,03,26,完整
广西桂林兴安县溶江镇溶江街2号,45,03,26,完整
兴安县界首镇界首大道3号,45,03,26,截断
桂林兴安县兴安镇灵湖社区双灵路5号,45,03,26,完整
兴安县湘漓镇湘漓街4号,45,03,26,完整
广西兴安县华江瑶族乡华江街9号,45,03,26,完整
永福县永福镇凤城路1号,45,03,27,完整
广西桂林永福县百寿镇百寿街2号,45,03,27,完整
永福县苏桥镇苏桥大道3号,45,03,27,截断
桂林永福县永福镇龙泉社区连江路5号,45,03,27,完整
永福县三皇镇三皇街4号,45,03,27,完整
广西永福县罗锦镇罗锦街9号,45,03,27,完整
灌阳县灌阳镇灌江路1号,45,03,28,完整
广西桂林灌阳县新街镇新街2号,45,03,28,完整
灌阳县黄关镇黄关大道3号,45,03,28,截断
桂林灌阳县灌阳镇城北社区都庞岭路5号,45,03,28,完整
灌阳县新圩镇新圩街4号,45,03,28,完整
广西灌阳县西山瑶族乡西山路9号,45,03,28,完整
龙胜各族自治县龙胜镇古龙街1号,45,03,29,完整
广西桂林龙胜各族自治县龙脊镇龙脊大道2号,45,03,29,完整
龙胜各族自治县瓢里镇瓢里街3号,45,03,29,截断
桂林龙胜各族自治县龙胜镇桂龙社区体育路5号,45,03,29,完整
龙胜各族自治县乐江镇乐江街4号,45,03,29,完整
广西龙胜各族自治县三门镇三门街9号,45,03,29,完整
资源县资源镇西延路1号,45,03,30,完整
广西桂林资源县中峰镇中峰街2号,45,03,30,完整
资源县梅溪镇梅溪大道3号,45,03,30,截断
桂林资源县资源镇大合社区合浦街5号,45,03,30,完整
资源县两水苗族乡两水街4号,45,03,30,完整
广西资源县瓜里乡瓜里街9号,45,03,30,完整
平乐县平乐镇中华街1号,45,03,32,完整
广西桂林平乐县二塘镇二塘街2号,45,03,32,完整
平乐县沙子镇沙子大道3号,45,03,32,截断
桂林平乐县平乐镇上关社区正西街5号,45,03,32,完整
平乐县张家镇张家街4号,45,03,32,完整
广西平乐县源头镇源头街9号,45,03,32,完整
恭城瑶族自治县恭城镇拱辰路1号,45,03,82,完整
广西桂林恭城瑶族自治县莲花镇莲花街2号,45,03,82,完整
恭城瑶族自治县栗木镇栗木大道3号,45,03,82,截断
桂林恭城瑶族自治县恭城镇茶东社区茶西路5号,45,03,82,完整
恭城瑶族自治县西岭镇西岭街4号,45,03,82,完整
广西恭城瑶族自治县三江乡三江街9号,45,03,82,完整
荔浦市荔浦市荔城镇滨江路1号,45,03,81,完整
广西桂林荔浦市马岭镇马岭街2号,45,03,81,完整
荔浦市青山镇青山大道3号,45,03,81,截断
桂林荔浦市荔城镇城北社区文体路5号,45,03,81,完整
荔浦市修仁镇修仁街4号,45,03,81,完整
广西荔浦市双江镇双江街9号,45,03,81,完整
梧州市万秀区城南街道西江路1号,45,04,03,完整
广西梧州万秀区城北街道北环路6号,45,04,03,完整
万秀区角嘴街道新兴路2号,45,04,03,截断
梧州万秀区城南街道南中社区大学路5号,45,04,03,完整
万秀区东兴街道西堤路3号,45,04,03,完整
广西万秀区夏郢镇夏郢街9号,45,04,03,完整
长洲区长洲街道新兴二路1号,45,04,05,完整
广西梧州长洲区大塘街道新兴三路6号,45,04,05,完整
长洲区兴龙街道红岭路2号,45,04,05,截断
梧州长洲区大塘街道恒祥社区冬湖路5号,45,04,05,完整
长洲区倒水镇倒水街3号,45,04,05,完整
广西长洲区兴龙街道两广社区三龙大道9号,45,04,05,完整
龙圩区龙圩镇龙城路1号,45,04,06,完整
广西梧州龙圩区新地镇新地街2号,45,04,06,完整
龙圩区大坡镇大坡大道3号,45,04,06,截断
梧州龙圩区龙圩镇城东社区苍梧大道5号,45,04,06,完整
龙圩区广平镇广平街4号,45,04,06,完整
广西龙圩区新地镇新铺社区政通路9号,45,04,06,完整
苍梧县苍梧县石桥镇龙城路1号,45,04,21,完整
广西梧州苍梧县岭脚镇岭脚街2号,45,04,21,完整
苍梧县京南镇京南大道3号,45,04,21,截断
梧州苍梧县石桥镇政和社区西江路5号,45,04,21,完整
苍梧县六堡镇六堡街4号,45,04,21,完整
广西苍梧县木双镇木双街9号,45,04,21,完整
藤县藤县藤州镇登俊路1号,45,04,22,完整
广西梧州藤县濛江镇濛江街2号,45,04,22,完整
藤县太平镇太平大道3号,45,04,22,截断
梧州藤县藤州镇城东社区绣江路5号,45,04,22,完整
藤县金鸡镇金鸡街4号,45,04,22,完整
广西藤县古龙镇古龙街9号,45,04,22,完整
蒙山县蒙山县蒙山镇湄江街1号,45,04,23,完整
广西梧州蒙山县西河镇西河街2号,45,04,23,完整
蒙山县文圩镇文圩大道3号,45,04,23,截断
梧州蒙山县蒙山镇城北社区民主路5号,45,04,23,完整
蒙山县黄村镇黄村街4号,45,04,23,完整
广西蒙山县陈塘镇陈塘街9号,45,04,23,完整
岑溪市岑溪市岑城镇工农路1号,45,04,81,完整
广西梧州岑溪市糯垌镇糯垌街2号,45,04,81,完整
岑溪市归义镇归义大道3号,45,04,81,截断
梧州岑溪市岑城镇城西社区解放大道5号,45,04,81,完整
岑溪市筋竹镇筋竹街4号,45,04,81,完整
广西岑溪市大业镇大业街9号,45,04,81,完整
北海市海城区中街街道北部湾路1号,45,05,02,完整
广西北海海城区地角街道地角路6号,45,05,02,完整
海南省海口市秀英区秀英街道秀中社区1号,46,01,05,完整
海口市秀英区海秀街道海港社区,46,01,05,完整
秀英区秀英街道秀新社区,46,01,05,截断
海口秀英区石山镇施茶村,46,01,05,省略省
秀英区长流镇长东村,46,01,05,省略省市
海南秀英秀英街道海口港社区,46,01,05,省略市+简称
海南省海口市秀英区秀茵街道海港社区,46,01,05,同音错误
秀中社区海南省海口市秀英区秀英街道,46,01,05,顺序混乱
秀茵区海口市海秀街道东方洋社区,46,01,05,同音+顺序混乱
海南省海口市龙华区中山街道居仁坊社区2号,46,01,06,完整
海口市龙华区滨海街道滨海新村社区,46,01,06,完整
龙华区金贸街道玉沙社区,46,01,06,截断
海口龙华区城西镇金盘社区,46,01,06,省略省
龙华区大同街道义兴社区,46,01,06,省略省市
海南龙华中山街道居仁坊社区,46,01,06,省略市+简称
海南省海口市龙化区金贸街道玉沙社区,46,01,06,同音错误
居仁坊社区龙华区中山街道海口市海南省,46,01,06,顺序混乱
龙化区海口金贸街道长秀社区,46,01,06,同音+顺序混乱
海南省海口市琼山区府城街道府城社区3号,46,01,07,完整
海口市琼山区凤翔街道大园社区,46,01,07,完整
琼山区国兴街道八一社区,46,01,07,截断
海口琼山区滨江街道博桂社区,46,01,07,省略省
琼山区龙塘镇新民村,46,01,07,省略省市
海南琼山凤翔街道大园社区,46,01,07,省略市+简称
海南省海口市穷山区府城街道府城社区,46,01,07,同音错误
大园社区琼山区凤翔街道海口市海南省,46,01,07,顺序混乱
穷山区海口府城街道云露社区,46,01,07,同音+顺序混乱
海南省海口市美兰区海甸街道新安社区4号,46,01,08,完整
海口市美兰区海府街道东湖里社区,46,01,08,完整
美兰区蓝天街道万华社区,46,01,08,截断
海口美兰区博爱街道新风里社区,46,01,08,省略省
美兰区灵山镇晋美社区,46,01,08,省略省市
海南美兰海甸街道新安社区,46,01,08,省略市+简称
海南省海口市美蓝区和平南街道文明社区,46,01,08,同音错误
新安社区美兰区海甸街道海口市海南省,46,01,08,顺序混乱
美蓝区海口蓝天街道万华社区,46,01,08,同音+顺序混乱
海南省三亚市海棠区林旺街道林旺社区1号,46,02,02,完整
三亚市海棠区藤桥镇藤桥村,46,02,02,完整
海棠区海棠湾镇南田社区,46,02,02,截断
三亚海棠区永宁社区,46,02,02,省略省
海棠区东溪村,46,02,02,省略省市
海南海棠林旺社区,46,02,02,省略市+简称
海南省三亚市海堂区藤桥镇藤桥村,46,02,02,同音错误
林旺社区海棠区三亚市海南省,46,02,02,顺序混乱
海堂区三亚林旺社区,46,02,02,同音+顺序混乱
海南省三亚市吉阳区吉阳街道红沙社区2号,46,02,03,完整
三亚市吉阳区田独镇田独村,46,02,03,完整
吉阳区河东街道商品街社区,46,02,03,截断
三亚吉阳区鹿回头社区,46,02,03,省略省
吉阳区大东海社区,46,02,03,省略省市
海南吉阳吉阳社区,46,02,03,省略市+简称
海南省三亚市吉杨区田独镇田独村,46,02,03,同音错误
红沙社区吉阳区三亚市海南省,46,02,03,顺序混乱
吉杨区三亚商品街社区,46,02,03,同音+顺序混乱
海南省三亚市天涯区红旗街街道红旗街社区3号,46,02,04,完整
三亚市天涯区回新社区回新村,46,02,04,完整
天涯区金鸡岭街道金鸡岭社区,46,02,04,截断
三亚天涯区友谊路社区,46,02,04,省略省
天涯区马岭镇马岭社区,46,02,04,省略省市
海南天涯金鸡岭社区,46,02,04,省略市+简称
海南省三亚市天崖区红旗街街道红旗街社区,46,02,04,同音错误
金鸡岭社区天涯区三亚市海南省,46,02,04,顺序混乱
天崖区三亚友谊路社区,46,02,04,同音+顺序混乱
海南省三亚市崖州区东关街道东关社区4号,46,02,05,完整
三亚市崖州区崖城镇崖城村,46,02,05,完整
崖州区南滨社区,46,02,05,截断
三亚崖州区水南村,46,02,05,省略省
崖州区保平村,46,02,05,省略省市
海南崖州东关社区,46,02,05,省略市+简称
海南省三亚市涯州区南滨社区,46,02,05,同音错误
东关社区崖州区三亚市海南省,46,02,05,顺序混乱
涯州区三亚水南村,46,02,05,同音+顺序混乱
海南省三沙市西沙区永兴岛永兴社区1号,46,03,02,完整
三沙市西沙区七连屿村委会,46,03,02,完整
西沙区永乐村委会,46,03,02,截断
三沙西沙区赵述岛社区,46,03,02,省略省
西沙区北岛村委会,46,03,02,省略省市
海南西沙永兴社区,46,03,02,省略市+简称
海南省三沙市西纱区永兴岛永兴社区,46,03,02,同音错误
永兴社区西沙区三沙市海南省,46,03,02,顺序混乱
西纱区三沙七连屿村委会,46,03,02,同音+顺序混乱
海南省三沙市南沙区美济岛美济社区1号,46,03,03,完整
三沙市南沙区永暑岛永暑社区,46,03,03,完整
南沙区渚碧岛渚碧社区,46,03,03,截断
三沙南沙区赤瓜岛社区,46,03,03,省略省
南沙区东门礁村委会,46,03,03,省略省市
海南南沙美济社区,46,03,03,省略市+简称
海南省三沙市南砂区美济岛美济社区,46,03,03,同音错误
永暑社区南沙区三沙市海南省,46,03,03,顺序混乱
南砂区三沙渚碧社区,46,03,03,同音+顺序混乱
海南省儋州市那大镇那大城区中兴大街1号,46,04,00,完整
儋州市白马井镇白马井社区,46,04,00,完整
儋州市那大镇城北社区,46,04,00,截断
儋州中和镇中和村,46,04,00,省略省
儋州市峨蔓镇峨蔓村,46,04,00,省略省市
海南儋州那大镇那大社区,46,04,00,省略市+简称
海南省耽州市那大镇那大城区中兴大街,46,04,00,同音错误
那大社区儋州市海南省,46,04,00,顺序混乱
耽州市海南白马井镇白马井社区,46,04,00,同音+顺序混乱
海南省五指山市通什镇河北社区1号,46,90,01,完整
五指山市通什镇解放路社区,46,90,01,完整
五指山市通什镇,46,90,01,截断
五指山毛阳镇毛阳村,46,90,01,省略省
五指山市水满乡水满村,46,90,01,省略省市
海南五指山通什镇河北社区,46,90,01,省略市+简称
海南省五纸山市通什镇河北社区,46,90,01,同音错误
河北社区通什镇五指山市海南省,46,90,01,顺序混乱
五纸山市海南毛阳镇毛阳村,46,90,01,同音+顺序混乱
海南省琼海市嘉积镇城南社区1号,46,90,02,完整
琼海市博鳌镇博鳌社区,46,90,02,完整
琼海市嘉积镇,46,90,02,截断
琼海中原镇中原村,46,90,02,省略省
琼海市潭门镇潭门村,46,90,02,省略省市
海南琼海嘉积镇城南社区,46,90,02,省略市+简称
海南省穷海市嘉积镇城南社区,46,90,02,同音错误
城南社区嘉积镇琼海市海南省,46,90,02,顺序混乱
穷海市海南博鳌镇博鳌社区,46,90,02,同音+顺序混乱
海南省文昌市文城镇清澜社区1号,46,90,05,完整
文昌市龙楼镇龙楼社区,46,90,05,完整
文昌市文城镇,46,90,05,截断
文昌东郊镇东郊村,46,90,05,省略省
文昌市铺前镇铺前村,46,90,05,省略省市
海南文昌文城清澜社区,46,90,05,省略市+简称
海南省文昌市文城镇清澜社区,46,90,05,同音错误
清澜社区文城镇文昌市海南省,46,90,05,顺序混乱
文昌市海南龙楼镇龙楼社区,46,90,05,同音+顺序混乱
海南省万宁市万城镇兴隆华侨旅游城1号,46,90,06,完整
万宁市和乐镇和乐社区,46,90,06,完整
万宁市万城镇,46,90,06,截断
万宁龙滚镇龙滚村,46,90,06,省略省
万宁市北大镇北大村,46,90,06,省略省市
海南万宁万城兴隆社区,46,90,06,省略市+简称
海南省万苧市万城镇兴隆社区,46,90,06,同音错误
兴隆社区万城镇万宁市海南省,46,90,06,顺序混乱
万苧市海南和乐镇和乐社区,46,90,06,同音+顺序混乱
海南省东方市八所镇新街社区1号,46,90,07,完整
东方市感城镇感城社区,46,90,07,完整
东方市八所镇,46,90,07,截断
东方大田镇大田村,46,90,07,省略省
东方市东河镇东河村,46,90,07,省略省市
海南东方八所新街社区,46,90,07,省略市+简称
海南省东芳市八所镇新街社区,46,90,07,同音错误
新街社区八所镇东方市海南省,46,90,07,顺序混乱
东芳市海南感城镇感城社区,46,90,07,同音+顺序混乱
海南省定安县定城镇西门社区1号,46,90,21,完整
定安县黄竹镇黄竹社区,46,90,21,完整
定安县定城镇,46,90,21,截断
定安雷鸣镇雷鸣村,46,90,21,省略省
定安县龙湖镇龙湖村,46,90,21,省略省市
海南定安定城西门社区,46,90,21,省略市+简称
海南省淀安县定城镇西门社区,46,90,21,同音错误
西门社区定城镇定安县海南省,46,90,21,顺序混乱
淀安县海南黄竹镇黄竹社区,46,90,21,同音+顺序混乱
海南省屯昌县屯城镇新建社区1号,46,90,22,完整
屯昌县新兴镇新兴社区,46,90,22,完整
屯昌县屯城镇,46,90,22,截断
屯昌枫木镇枫木村,46,90,22,省略省
屯昌县南坤镇南坤村,46,90,22,省略省市
海南屯昌屯城新建社区,46,90,22,省略市+简称
海南省囤昌县屯城镇新建社区,46,90,22,同音错误
新建社区屯城镇屯昌县海南省,46,90,22,顺序混乱
囤昌县海南新兴镇新兴社区,46,90,22,同音+顺序混乱
海南省澄迈县金江镇文化社区1号,46,90,23,完整
澄迈县老城镇老城社区,46,90,23,完整
澄迈县金江镇,46,90,23,截断
澄迈福山镇福山社区,46,90,23,省略省
澄迈县瑞溪镇瑞溪村,46,90,23,省略省市
海南澄迈金江文化社区,46,90,23,省略市+简称
海南省城迈县金江镇文化社区,46,90,23,同音错误
文化社区金江镇澄迈县海南省,46,90,23,顺序混乱
城迈县海南老城老城社区,46,90,23,同音+顺序混乱
海南省临高县临城镇跃进社区1号,46,90,24,完整
临高县新盈镇新盈社区,46,90,24,完整
临高县临城镇,46,90,24,截断
临高调楼镇调楼社区,46,90,24,省略省
临高县博厚镇博厚社区,46,90,24,省略省市
海南临高临城跃进社区,46,90,24,省略市+简称
海南省邻高县临城镇跃进社区,46,90,24,同音错误
跃进社区临城镇临高县海南省,46,90,24,顺序混乱
邻高县海南新盈新盈社区,46,90,24,同音+顺序混乱
海南省白沙黎族自治县牙叉镇牙叉社区1号,46,90,25,完整
白沙黎族自治县七坊镇七坊社区,46,90,25,完整
白沙黎族自治县牙叉镇,46,90,25,截断
白沙打安镇打安村,46,90,25,省略省
白沙县邦溪镇邦溪村,46,90,25,省略省市
海南白沙牙叉牙叉社区,46,90,25,省略市+简称
海南省百沙黎族自治县牙叉镇牙叉社区,46,90,25,同音错误
牙叉社区牙叉镇白沙县海南省,46,90,25,顺序混乱
百沙县海南七坊七坊社区,46,90,25,同音+顺序混乱
海南省昌江黎族自治县石碌镇石碌社区1号,46,90,26,完整
昌江黎族自治县海尾镇海尾社区,46,90,26,完整
昌江黎族自治县石碌镇,46,90,26,截断
昌江叉河镇叉河村,46,90,26,省略省
昌江县乌烈镇乌烈村,46,90,26,省略省市
海南昌江石碌石碌社区,46,90,26,省略市+简称
海南省昌将黎族自治县石碌镇石碌社区,46,90,26,同音错误
石碌社区石碌镇昌江县海南省,46,90,26,顺序混乱
昌将县海南海尾海尾社区,46,90,26,同音+顺序混乱
海南省乐东黎族自治县抱由镇抱由社区1号,46,90,27,完整
乐东黎族自治县黄流镇黄流社区,46,90,27,完整
乐东黎族自治县抱由镇,46,90,27,截断
乐东尖峰镇尖峰村,46,90,27,省略省
乐东县千家镇千家村,46,90,27,省略省市
海南乐东抱由抱由社区,46,90,27,省略市+简称
海南省乐冬黎族自治县抱由镇抱由社区,46,90,27,同音错误
抱由社区抱由镇乐东县海南省,46,90,27,顺序混乱
乐冬县海南黄流黄流社区,46,90,27,同音+顺序混乱
海南省陵水黎族自治县椰林镇中山社区1号,46,90,28,完整
陵水黎族自治县新村镇新村社区,46,90,28,完整
陵水黎族自治县椰林镇,46,90,28,截断
陵水隆广镇隆广村,46,90,28,省略省
陵水县本号镇本号村,46,90,28,省略省市
海南陵水椰林中山社区,46,90,28,省略市+简称
海南省凌水黎族自治县椰林镇中山社区,46,90,28,同音错误
中山社区椰林镇陵水县海南省,46,90,28,顺序混乱
凌水县海南新村新村社区,46,90,28,同音+顺序混乱
海南省保亭黎族苗族自治县保城镇保城社区1号,46,90,29,完整
保亭黎族苗族自治县响水镇响水社区,46,90,29,完整
保亭黎族苗族自治县保城镇,46,90,29,截断
保亭什玲镇什玲村,46,90,29,省略省
保亭县三道镇三道村,46,90,29,省略省市
海南保亭保城保城社区,46,90,29,省略市+简称
海南省保庭黎族苗族自治县保城镇保城社区,46,90,29,同音错误
保城社区保城镇保亭县海南省,46,90,29,顺序混乱
保庭县海南响水响水社区,46,90,29,同音+顺序混乱
海南省琼中黎族苗族自治县营根镇营根社区1号,46,90,30,完整
琼中黎族苗族自治县湾岭镇湾岭社区,46,90,30,完整
琼中黎族苗族自治县营根镇,46,90,30,截断
琼中红毛镇红毛村,46,90,30,省略省
琼中县黎母山镇黎母山村,46,90,30,省略省市
海南琼中营根营根社区,46,90,30,省略市+简称
海南省穷中黎族苗族自治县营根镇营根社区,46,90,30,同音错误
营根社区营根镇琼中县海南省,46,90,30,顺序混乱
穷中县海南湾岭湾岭社区,46,90,30,同音+顺序混乱
朝阳区劲松街道百环家园1号,,,歧义
和平区太原街街道太原街社区,,,歧义
龙华区民治街道白石龙社区,,,歧义
新城街道锦绣社区,,,歧义
西城街道文化路社区,,,歧义
南山区粤海街道科技园社区,,,歧义
江苏省南京市玄武区梅园新村街道梅园新村社区,32,01,02,完整
南京玄武玄武门街道台城花园小区,32,01,02,同音错误
玄武区新街口街道长江路300号,32,01,02,省略省市
玄武区红山街道墨香路,32,01,02,截断
江苏省南京市玄武区锁金村街道锁四社区,32,01,02,完整
玄武门街道玄武湖畔小区,32,01,02,省略省市
南京市玄武区孝陵卫街道孝陵卫社区,32,01,02,完整
江苏省南京玄武湖街道徐庄软件园,32,01,02,省略市+简称
玄武区江苏省南京市红山街道,32,01,02,顺序混乱
新街口街道玄武区南京市江苏省,32,01,02,顺序混乱
江苏省南京市秦淮区夫子庙街道贡院街,32,01,04,完整
秦淮区秦虹街道宏光路小区,32,01,04,省略省市
南京秦淮双塘街道胭脂巷,32,01,04,省略省
秦淮区洪武路街道马府街社区,32,01,04,完整
江苏省南京市秦淮区红花街道汇幸苑社区,32,01,04,完整
秦准区中华门街道西街,32,01,04,编辑距离错误
秦淮区五老村街道淮海路,32,01,04,截断
江苏省南京秦淮区月牙湖街道,32,01,04,省略市+简称
夫子庙街道秦淮区南京市,32,01,04,顺序混乱
秦淮区江苏省南京市朝天宫街道,32,01,04,顺序混乱
江苏省南京市建邺区兴隆街道奥体大街,32,01,05,完整
建邺区南苑街道集庆门大街,32,01,05,省略省市
南京建邺沙洲街道嘉陵江东街,32,01,05,省略省
建邺区双闸街道邺城路,32,01,05,截断
江苏省南京市建邺区莫愁湖街道水西门大街,32,01,05,完整
建业区江心洲街道科技路,32,01,05,同音错误
建邺区兴隆街道奥体社区,32,01,05,完整
江苏省南京建邺区凤凰街道,32,01,05,省略市+简称
兴隆街道建邺区南京市江苏省,32,01,05,顺序混乱
沙洲街道建邺区南京,32,01,05,顺序混乱
江苏省南京市鼓楼区宁海路街道南京大学,32,01,06,完整
鼓楼区湖南路街道湖南路商业街,32,01,06,省略省市
南京鼓楼中央门街道中央路,32,01,06,省略省
鼓楼区江东街道睿城社区,32,01,06,完整
江苏省南京市鼓楼区挹江门街道丁山社区,32,01,06,完整
鼓楼市宁海路街道,32,01,06,省略省市
鼓楼区小市街道和燕路,32,01,06,截断
江苏省南京鼓楼区宝塔桥街道,32,01,06,省略市+简称
宁海路街道鼓楼区南京市江苏省,32,01,06,顺序混乱
湖南路街道鼓楼区南京,32,01,06,顺序混乱
江苏省南京市浦口区江浦街道象山路,32,01,11,完整
浦口区桥林街道浦乌公路,32,01,11,省略省市
南京浦口汤泉街道惠济寺路,32,01,11,省略省
浦口区星甸街道星甸社区,32,01,11,完整
江苏省南京市浦口区永宁街道张圩社区,32,01,11,完整
蒲口区江浦街道凤凰大街,32,01,11,编辑距离错误
浦口区汤泉街道龙井社区,32,01,11,完整
江苏省南京浦口区桥林街道,32,01,11,省略市+简称
江浦街道浦口区南京市江苏省,32,01,11,顺序混乱
汤泉街道浦口区南京,32,01,11,顺序混乱
江苏省南京市栖霞区尧化街道尧佳路,32,01,13,完整
栖霞区迈皋桥街道和燕路,32,01,13,省略省市
南京栖霞仙林街道仙林大道,32,01,13,省略省
栖霞区马群街道百水芊城,32,01,13,完整
江苏省南京市栖霞区尧化街道尧林仙居社区,32,01,13,完整
栖侠区燕子矶街道化工新村,32,01,13,编辑距离错误
栖霞区西岗街道摄山星城,32,01,13,截断
江苏省南京栖霞区龙潭街道,32,01,13,省略市+简称
尧化街道栖霞区南京市江苏省,32,01,13,顺序混乱
仙林街道栖霞区南京,32,01,13,顺序混乱
江苏省南京市雨花台区雨花街道雨花南路,32,01,14,完整
雨花台区铁心桥街道宁丹路,32,01,14,省略省市
南京雨花西善桥街道西善花苑社区,32,01,14,省略省
雨花台区赛虹桥街道长虹路,32,01,14,完整
江苏省南京市雨花台区梅山街道中兴路,32,01,14,完整
雨花太铁心桥街道,32,01,14,同音错误
雨花台区板桥街道板桥社区,32,01,14,截断
江苏省南京雨花台区古雄街道,32,01,14,省略市+简称
雨花街道雨花台区南京市江苏省,32,01,14,顺序混乱
西善桥街道雨花台区南京,32,01,14,顺序混乱
江苏省南京市江宁区东山街道上元大街,32,01,15,完整
江宁区秣陵街道将军大道,32,01,15,省略省市
南京江宁汤山街道温泉路,32,01,15,省略省
江宁区禄口街道白云路,32,01,15,完整
江苏省南京市江宁区江宁街道上湖村,32,01,15,完整
江凝区东山街道金箔路,32,01,15,同音错误
江宁区淳化街道淳化社区,32,01,15,截断
江苏省南京江宁区麒麟街道,32,01,15,省略市+简称
东山街道江宁区南京市江苏省,32,01,15,顺序混乱
汤山街道江凝区南京,32,01,15,同音错误+顺序混乱
江苏省南京市六合区雄州街道长江路,32,01,16,完整
六合区龙池街道六合大道,32,01,16,省略省市
南京六合金牛湖街道金牛路,32,01,16,省略省
六合区马鞍街道大圣村,32,01,16,完整
江苏省南京市六合区龙袍街道龙袍社区,32,01,16,完整
六和区横梁街道山东路,32,01,16,同音错误
六合区程桥街道程桥社区,32,01,16,截断
江苏省南京六合区冶山街道,32,01,16,省略市+简称
雄州街道六合区南京市江苏省,32,01,16,顺序混乱
横梁街道六和区南京,32,01,16,同音错误+顺序混乱
江苏省南京市溧水区永阳街道中山西路,32,01,17,完整
溧水区柘塘街道柘塘社区,32,01,17,省略省市
南京溧水东屏街道金井路,32,01,17,省略省
溧水区石湫街道社东社区,32,01,17,完整
江苏省南京市溧水区白马镇白龙路,32,01,17,完整
溧水区洪蓝街道洪蓝社区,32,01,17,截断
江苏省南京溧水区晶桥镇,32,01,17,省略市+简称
永阳街道溧水区南京市江苏省,32,01,17,顺序混乱
柘塘街道溧水区南京,32,01,17,顺序混乱
江苏省南京市高淳区淳溪街道镇兴路,32,01,18,完整
高淳区古柏街道古柏社区,32,01,18,省略省市
南京高淳固城街道固城湖路,32,01,18,省略省
高淳区漆桥街道漆桥社区,32,01,18,完整
江苏省南京市高淳区东坝街道东坝社区,32,01,18,完整
高纯区淳溪街道学山路,32,01,18,同音错误
高淳区桠溪街道桠溪社区,32,01,18,截断
江苏省南京高淳区阳江镇,32,01,18,省略市+简称
淳溪街道高淳区南京市江苏省,32,01,18,顺序混乱
古柏街道高纯区南京,32,01,18,同音错误+顺序混乱
江苏省无锡市锡山区东港镇港南村,32,02,05,完整
锡山区安镇街道丹山路,32,02,05,省略省市
无锡锡山羊尖镇严家桥村,32,02,05,省略省
锡山区东港镇东湖塘社区,32,02,05,完整
江苏省无锡市锡山区东港镇华东村,32,02,05,完整
锡山区东亭街道东亭中路,32,02,05,截断
江苏省无锡锡山区东北塘街道,32,02,05,省略市+简称
安镇街道锡山区无锡市江苏省,32,02,05,顺序混乱
羊尖镇锡山区无锡,32,02,05,顺序混乱
江苏省无锡市惠山区钱桥街道洋溪社区,32,02,06,完整
惠山区前洲街道柘塘浜社区,32,02,06,省略省市
无锡惠山阳山镇阳山西路,32,02,06,省略省
惠山区洛社镇洛社社区,32,02,06,完整
江苏省无锡市惠山区堰桥街道堰桥中路,32,02,06,完整
慧山区钱桥街道钱威路,32,02,06,同音错误
惠山区玉祁街道玉祁社区,32,02,06,截断
江苏省无锡惠山区长安街道,32,02,06,省略市+简称
钱桥街道惠山区无锡市江苏省,32,02,06,顺序混乱
阳山镇慧山区无锡,32,02,06,同音错误+顺序混乱
江苏省无锡市滨湖区河埒街道水秀社区,32,02,11,完整
滨湖区蠡湖街道美湖社区,32,02,11,省略省市
无锡滨湖太湖街道天鹅湖花园社区,32,02,11,省略省
滨湖区荣巷街道荣巷社区,32,02,11,完整
江苏省无锡市滨湖区雪浪街道浪溪路,32,02,11,完整
宾湖区河埒街道梁溪路,32,02,11,编辑距离错误
滨湖区马山街道马山社区,32,02,11,截断
江苏省无锡滨湖区蠡园街道,32,02,11,省略市+简称
河埒街道滨湖区无锡市江苏省,32,02,11,顺序混乱
太湖街道宾湖区无锡,32,02,11,编辑距离错误+顺序混乱
江苏省无锡市梁溪区广益街道广丰社区,32,02,13,完整
梁溪区黄巷街道黄巷社区,32,02,13,省略省市
无锡梁溪山北街道会西社区,32,02,13,省略省
梁溪区崇安寺街道崇宁路,32,02,13,完整
江苏省无锡市梁溪区广益街道尤渡社区,32,02,13,完整
梁溪区清名桥街道南长街,32,02,13,截断
江苏省无锡梁溪区北大街街道,32,02,13,省略市+简称
黄巷街道梁溪区无锡市江苏省,32,02,13,顺序混乱
山北街道梁溪区无锡,32,02,13,顺序混乱
江苏省无锡市新吴区新安街道观湖社区,32,02,14,完整
新吴区江溪街道太湖花园第二社区,32,02,14,省略省市
无锡新吴梅村街道梅荆花苑第一社区,32,02,14,省略省
新吴区旺庄街道旺庄路,32,02,14,完整
江苏省无锡市新吴区鸿山街道鸿山社区,32,02,14,完整
新吴区硕放街道空港社区,32,02,14,截断
江苏省无锡新吴区新安街道,32,02,14,省略市+简称
江溪街道新吴区无锡市江苏省,32,02,14,顺序混乱
梅村街道新吴区无锡,32,02,14,顺序混乱
江苏省无锡市江阴市澄江街道人民中路,32,02,81,完整
江阴市云亭街道云南路,32,02,81,省略省市
无锡江阴周庄镇倪家巷村,32,02,81,省略省
江阴市新桥镇新桥社区,32,02,81,完整
江苏省无锡市江阴市申港街道申浦路,32,02,81,完整
江印市澄江街道虹桥路,32,02,81,同音错误
江阴市徐霞客镇霞客大道,32,02,81,截断
江苏省无锡江阴市华士镇,32,02,81,省略市+简称
澄江街道江阴市无锡市江苏省,32,02,81,顺序混乱
周庄镇江印市无锡,32,02,81,同音错误+顺序混乱
江苏省无锡市宜兴市宜城街道东山西路,32,02,82,完整
宜兴市张渚镇善卷村,32,02,82,省略省市
无锡宜兴西渚镇白塔村,32,02,82,省略省
宜兴市丁蜀镇丁山社区,32,02,82,完整
江苏省无锡市宜兴市新街街道新街路,32,02,82,完整
宜兴市太华镇太华社区,32,02,82,截断
江苏省无锡宜兴市高塍镇,32,02,82,省略市+简称
宜城街道宜兴市无锡市江苏省,32,02,82,顺序混乱
张渚镇宜兴市无锡,32,02,82,顺序混乱
江苏省徐州市鼓楼区环城街道煤港社区,32,03,02,完整
徐州鼓楼铜沛街道凯旋门社区,32,03,02,省略省市
徐州市鼓楼区九里街道九里山路,32,03,02,省略省
鼓楼区丰财街道复兴北路,32,03,02,完整
江苏省徐州市鼓楼区牌楼街道夹河街,32,03,02,完整
鼓楼市环城街道,32,03,02,省略省市
徐州鼓楼区黄楼街道,32,03,02,截断
江苏省徐州鼓楼区琵琶街道,32,03,02,省略市+简称
环城街道鼓楼区徐州市江苏省,32,03,02,顺序混乱
铜沛街道鼓楼市徐州,32,03,02,同音错误+顺序混乱
江苏省徐州市云龙区黄山街道绿地北社区,32,03,03,完整
云龙区翠屏山街道翠屏路,32,03,03,省略省市
徐州市云龙区汉风街道汉风路,32,03,03,省略省
云龙区子房街道复兴南路,32,03,03,完整
江苏省徐州市云龙区大郭庄街道大郭庄社区,32,03,03,完整
云龙区彭城街道大同街,32,03,03,截断
江苏省徐州云龙区骆驼山街道,32,03,03,省略市+简称
黄山街道云龙区徐州市江苏省,32,03,03,顺序混乱
汉风街道云龙区徐州,32,03,03,顺序混乱
江苏省徐州市贾汪区潘安湖街道马庄村,32,03,05,完整
贾汪区大吴街道小吴村,32,03,05,省略省市
徐州市贾汪区老矿街道工商路,32,03,05,省略省
贾汪区青山泉镇青山泉社区,32,03,05,完整
江苏省徐州市贾汪区汴塘镇汴塘社区,32,03,05,完整
贾汪区江庄镇江庄社区,32,03,05,截断
江苏省徐州贾汪区塔山镇,32,03,05,省略市+简称
潘安湖街道贾汪区徐州市江苏省,32,03,05,顺序混乱
大吴街道贾汪区徐州,32,03,05,顺序混乱
江苏省徐州市泉山区翟山街道管道社区,32,03,11,完整
泉山区七里沟街道新语社区,32,03,11,省略省市
徐州市泉山段庄街道段庄广场,32,03,11,省略省
泉山区和平街道和平路,32,03,11,完整
江苏省徐州市泉山区永安街道永安广场,32,03,11,完整
全山区翟山街道,32,03,11,同音错误
泉山区火花街道火花社区,32,03,11,截断
江苏省徐州泉山区泰山街道,32,03,11,省略市+简称
翟山街道泉山区徐州市江苏省,32,03,11,顺序混乱
段庄街道全山区徐州,32,03,11,同音错误+顺序混乱
江苏省徐州市铜山区铜山街道长江西路,32,03,12,完整
铜山区三堡街道潘楼村,32,03,12,省略省市
徐州市铜山柳泉镇北村村,32,03,12,省略省
铜山区新区街道珠江路,32,03,12,完整
江苏省徐州市铜山区大许镇大许社区,32,03,12,完整
同山区铜山街道,32,03,12,同音错误
铜山区张集镇张集社区,32,03,12,截断
江苏省徐州铜山区利国镇,32,03,12,省略市+简称
铜山街道铜山区徐州市江苏省,32,03,12,顺序混乱
柳泉镇同山区徐州,32,03,12,同音错误+顺序混乱
江苏省徐州市丰县中阳里街道中阳大道,32,03,21,完整
丰县宋楼镇杨楼村,32,03,21,省略省市
徐州市丰县凤城街道凤鸣路,32,03,21,省略省
丰县欢口镇欢口社区,32,03,21,完整
江苏省徐州市丰县大沙河镇大沙河果园,32,03,21,完整
丰县师寨镇师寨社区,32,03,21,截断
江苏省徐州丰县王沟镇,32,03,21,省略市+简称
中阳里街道丰县徐州市江苏省,32,03,21,顺序混乱
宋楼镇丰县徐州,32,03,21,顺序混乱
江苏省徐州市沛县沛城街道正阳路,32,03,22,完整
沛县汉源街道汉源大道,32,03,22,省略省市
徐州市沛县大屯街道大屯路,32,03,22,省略省
沛县龙固镇龙固社区,32,03,22,完整
江苏省徐州市沛县安国镇安国社区,32,03,22,完整
沛县敬安镇敬安社区,32,03,22,截断
江苏省徐州沛县胡寨镇,32,03,22,省略市+简称
沛城街道沛县徐州市江苏省,32,03,22,顺序混乱
汉源街道沛县徐州,32,03,22,顺序混乱
江苏省徐州市睢宁县睢城街道八一西路,32,03,24,完整
睢宁县睢河街道睢河路,32,03,24,省略省市
徐州市睢宁金城街道金城路,32,03,24,省略省
睢宁县邱集镇邱集社区,32,03,24,完整
江苏省徐州市睢宁县凌城镇凌城社区,32,03,24,完整
虽宁县睢城街道,32,03,24,同音错误
睢宁县沙集镇沙集社区,32,03,24,截断
江苏省徐州睢宁县高作镇,32,03,24,省略市+简称
睢城街道睢宁县徐州市江苏省,32,03,24,顺序混乱
金城街道虽宁县徐州,32,03,24,同音错误+顺序混乱
江苏省徐州市新沂市新安街道李庄社区,32,03,81,完整
新沂市钟吾街道钟吾路,32,03,81,省略省市
徐州市新沂邵店镇朱圩村,32,03,81,省略省
新沂市北沟街道北沟社区,32,03,81,完整
江苏省徐州市新沂市草桥镇草桥社区,32,03,81,完整
新沂市瓦窑镇瓦窑社区,32,03,81,截断
江苏省徐州新沂市阿湖镇,32,03,81,省略市+简称
新安街道新沂市徐州市江苏省,32,03,81,顺序混乱
邵店镇新沂市徐州,32,03,81,顺序混乱
江苏省徐州市邳州市东湖街道坝头社区,32,03,82,完整
邳州市运河街道运河路,32,03,82,省略省市
徐州市邳州岔河镇桥北村,32,03,82,省略省
邳州市戴圩街道戴圩社区,32,03,82,完整
江苏省徐州市邳州市铁富镇铁富社区,32,03,82,完整
邳州市官湖镇官湖社区,32,03,82,截断
江苏省徐州邳州市碾庄镇,32,03,82,省略市+简称
东湖街道邳州市徐州市江苏省,32,03,82,顺序混乱
运河街道邳州市徐州,32,03,82,顺序混乱
江苏省常州市天宁区茶山街道富强新村社区,32,04,02,完整
天宁区雕庄街道菱溪社区,32,04,02,省略省市
常州市天宁红梅街道红梅路,32,04,02,省略省
天宁区天宁街道延陵西路,32,04,02,完整
江苏省常州市天宁区兰陵街道兰陵社区,32,04,02,完整
天宇区茶山街道,32,04,02,同音错误
天宁区青龙街道青龙社区,32,04,02,截断
江苏省常州天宁区郑陆镇,32,04,02,省略市+简称
茶山街道天宁区常州市江苏省,32,04,02,顺序混乱
雕庄街道天宇区常州,32,04,02,同音错误+顺序混乱
江苏省常州市钟楼区北港街道运河苑社区,32,04,04,完整
钟楼区荷花池街道北大街社区,32,04,04,省略省市
常州市钟楼南大街街道广化桥社区,32,04,04,省略省
钟楼区永红街道永红社区,32,04,04,完整
江苏省常州市钟楼区新闸街道新闸路,32,04,04,完整
中楼区北港街道,32,04,04,同音错误
钟楼区邹区镇邹区社区,32,04,04,截断
江苏省常州钟楼区西林街道,32,04,04,省略市+简称
荷花池街道钟楼区常州市江苏省,32,04,04,顺序混乱
南大街街道中楼区常州,32,04,04,同音错误+顺序混乱
江苏省常州市新北区三井街道兰翔社区,32,04,11,完整
新北区薛家镇后肖社区,32,04,11,省略省市
常州市新北新桥街道江湾社区,32,04,11,省略省
新北区奔牛镇奔牛社区,32,04,11,完整
江苏省常州市新北区龙虎塘街道龙虎大街,32,04,11,完整
新北区春江街道春江社区,32,04,11,截断
江苏省常州新北区罗溪镇,32,04,11,省略市+简称
三井街道新北区常州市江苏省,32,04,11,顺序混乱
薛家镇新北区常州,32,04,11,顺序混乱
江苏省常州市武进区牛塘镇金东方社区,32,04,12,完整
武进区西湖街道西湖路,32,04,12,省略省市
常州市武进戚墅堰街道戚墅堰社区,32,04,12,省略省
武进区湖塘镇湖塘路,32,04,12,完整
江苏省常州市武进区礼嘉镇何墅村,32,04,12,完整
武进区洛阳镇洛阳社区,32,04,12,截断
江苏省常州武进区前黄镇,32,04,12,省略市+简称
湖塘镇武进区常州市江苏省,32,04,12,顺序混乱
戚墅堰街道武进区常州,32,04,12,顺序混乱
江苏省常州市金坛区东城街道华兴社区,32,04,13,完整
金坛区西城街道西城路,32,04,13,省略省市
常州市金坛金城镇金城路,32,04,13,省略省
金坛区指前镇东浦村,32,04,13,完整
江苏省常州市金坛区直溪镇直溪社区,32,04,13,完整
金谭区东城街道,32,04,13,同音错误
金坛区薛埠镇薛埠社区,32,04,13,截断
江苏省常州金坛区朱林镇,32,04,13,省略市+简称
东城街道金坛区常州市江苏省,32,04,13,顺序混乱
西城街道金谭区常州,32,04,13,同音错误+顺序混乱
江苏省常州市溧阳市溧城街道五里亭社区,32,04,81,完整
溧阳市古县街道美景天城社区,32,04,81,省略省市
常州市溧阳天目湖镇天目路,32,04,81,省略省
溧阳市上兴镇上兴社区,32,04,81,完整
江苏省常州市溧阳市戴埠镇戴埠社区,32,04,81,完整
溧阳市南渡镇南渡社区,32,04,81,截断
江苏省常州溧阳市竹箦镇,32,04,81,省略市+简称
溧城街道溧阳市常州市江苏省,32,04,81,顺序混乱
天目湖镇溧阳市常州,32,04,81,顺序混乱
江苏省苏州市虎丘区通安镇华通花园第六社区,32,05,05,完整
虎丘区浒墅关镇惠丰社区,32,05,05,省略省市
苏州市虎丘狮山街道狮山路,32,05,05,省略省
虎丘区枫桥街道枫桥大街,32,05,05,完整
江苏省苏州市虎丘区横塘街道横塘社区,32,05,05,完整
虎邱区通安镇,32,05,05,同音错误
虎丘区东渚街道东渚社区,32,05,05,截断
江苏省苏州虎丘区镇湖街道,32,05,05,省略市+简称
通安镇虎丘区苏州市江苏省,32,05,05,顺序混乱
狮山街道虎邱区苏州,32,05,05,同音错误+顺序混乱
江苏省苏州市吴中区越溪街道莫舍社区,32,05,06,完整
吴中区木渎镇香溪社区,32,05,06,省略省市
苏州市吴中香山街道舟山花园社区,32,05,06,省略省
吴中区甪直镇甪直社区,32,05,06,完整
江苏省苏州市吴中区临湖镇石塘村,32,05,06,完整
吴中区郭巷街道郭巷社区,32,05,06,截断
江苏省苏州吴中区胥口镇,32,05,06,省略市+简称
越溪街道吴中区苏州市江苏省,32,05,06,顺序混乱
木渎镇吴中区苏州,32,05,06,顺序混乱
江苏省苏州市相城区元和街道元和路,32,05,07,完整
相城区漕湖街道永昌泾社区,32,05,07,省略省市
苏州市相城渭塘镇渭西路,32,05,07,省略省
相城区太平街道太平社区,32,05,07,完整
江苏省苏州市相城区黄埭镇黄埭社区,32,05,07,完整
相城区望亭镇望亭社区,32,05,07,截断
江苏省苏州相城区阳澄湖镇,32,05,07,省略市+简称
元和街道相城区苏州市江苏省,32,05,07,顺序混乱
漕湖街道相城区苏州,32,05,07,顺序混乱
江苏省苏州市姑苏区平江街道梅巷社区,32,05,08,完整
姑苏区双塔街道大公园社区,32,05,08,省略省市
苏州市姑苏沧浪街道桂花社区,32,05,08,省略省
姑苏区观前街道观前街,32,05,08,完整
江苏省苏州市姑苏区金阊街道金阊新城,32,05,08,完整
姑苏区和平江街道,32,05,08,同音错误
姑苏区吴门桥街道吴门路,32,05,08,截断
江苏省苏州姑苏区桃花坞街道,32,05,08,省略市+简称
平江街道姑苏区苏州市江苏省,32,05,08,顺序混乱
双塔街道姑苏区和州,32,05,08,同音错误+顺序混乱
江苏省苏州市吴江区七都镇庙港社区,32,05,09,完整
吴江区盛泽镇舜湖社区,32,05,09,省略省市
苏州市吴江同里镇同里路,32,05,09,省略省
吴江区松陵街道中山南路,32,05,09,完整
江苏省苏州市吴江区汾湖高新区黎里镇黎里社区,32,05,09,完整
吴江区平望镇平望社区,32,05,09,截断
江苏省苏州吴江区震泽镇,32,05,09,省略市+简称
盛泽镇吴江区苏州市江苏省,32,05,09,顺序混乱
同里镇吴江区苏州,32,05,09,顺序混乱
江苏省苏州市常熟市琴川街道梦兰村,32,05,81,完整
常熟市支塘镇蒋巷村,32,05,81,省略省市
苏州市常熟虞山街道北门大街,32,05,81,省略省
常熟市海虞镇海虞社区,32,05,81,完整
江苏省苏州市常熟市梅李镇梅李社区,32,05,81,完整
常熟市古里镇古里社区,32,05,81,截断
江苏省苏州常熟市辛庄镇,32,05,81,省略市+简称
琴川街道常熟市苏州市江苏省,32,05,81,顺序混乱
虞山街道常熟市苏州,32,05,81,顺序混乱
江苏省苏州市张家港市金港街道马桥社区,32,05,82,完整
张家港市南丰镇永合社区,32,05,82,省略省市
苏州市张家港锦丰镇悦来村,32,05,82,省略省
张家港市杨舍镇杨舍路,32,05,82,完整
江苏省苏州市张家港市塘桥镇塘桥社区,32,05,82,完整
张家港市乐余镇乐余社区,32,05,82,截断
江苏省苏州张家港市凤凰镇,32,05,82,省略市+简称
金港街道张家港市苏州市江苏省,32,05,82,顺序混乱
杨舍镇张家港市苏州,32,05,82,顺序混乱
江苏省苏州市昆山市玉山镇绣衣社区,32,05,83,完整
昆山市花桥镇横墅江社区,32,05,83,省略省市
苏州市昆山千灯镇炎武社区,32,05,83,省略省
昆山市张浦镇金华村,32,05,83,完整
江苏省苏州市昆山市巴城镇巴城社区,32,05,83,完整
昆山市周市镇周市社区,32,05,83,截断
江苏省苏州昆山市锦溪镇,32,05,83,省略市+简称
玉山镇昆山市苏州市江苏省,32,05,83,顺序混乱
花桥镇昆山市苏州,32,05,83,顺序混乱
江苏省苏州市太仓市璜泾镇永乐村,32,05,85,完整
太仓市城厢镇县府西街,32,05,85,省略省市
苏州市太仓沙溪镇沙溪社区,32,05,85,省略省
太仓市娄东街道娄东路,32,05,85,完整
江苏省苏州市太仓市双凤镇双凤社区,32,05,85,完整
太仓市浮桥镇浮桥社区,32,05,85,截断
江苏省苏州太仓市浏河镇,32,05,85,省略市+简称
璜泾镇太仓市苏州市江苏省,32,05,85,顺序混乱
城厢镇太仓市苏州,32,05,85,顺序混乱
江苏省南通市崇川区文峰街道春晖社区,32,06,02,完整
崇川区城东街道城东路,32,06,02,省略省市
南通崇川新城桥街道朝晖社区,32,06,02,省略省
崇川区和平桥街道和平路,32,06,02,完整
江苏省南通市崇川区天生港镇街道龙湖佳苑社区,32,06,02,完整
崇川区虹桥街道虹桥社区,32,06,02,截断
江苏省南通崇川区学田街道,32,06,02,省略市+简称
文峰街道崇川区南通市江苏省,32,06,02,顺序混乱
城东街道崇川区南通,32,06,02,顺序混乱
江苏省南通市通州区金沙街道金沙社区,32,06,12,完整
通州区先锋街道花园村,32,06,12,省略省市
南通通州平潮镇平潮路,32,06,12,省略省
通州区兴仁镇兴仁社区,32,06,12,完整
江苏省南通市通州区二甲镇二甲社区,32,06,12,完整
通州区川姜镇川姜社区,32,06,12,截断
江苏省南通通州区兴东街道,32,06,12,省略市+简称
金沙街道通州区南通市江苏省,32,06,12,顺序混乱
先锋街道通州区南通,32,06,12,顺序混乱
江苏省南通市海门区海门街道光华社区,32,06,13,完整
海门区包场镇包场社区,32,06,13,省略省市
南通海门常乐镇常乐路,32,06,13,省略省
海门区三厂街道三厂路,32,06,13,完整
江苏省南通市海门区三星镇三星社区,32,06,13,完整
海门区悦来镇悦来社区,32,06,13,截断
江苏省南通海门区临江新区,32,06,13,省略市+简称
海门街道海门区南通市江苏省,32,06,13,顺序混乱
包场镇海门区南通,32,06,13,顺序混乱
江苏省南通市如东县洋口镇洋口村,32,06,23,完整
如东县掘港街道掘港路,32,06,23,省略省市
南通如东曹埠镇上漫社区,32,06,23,省略省
如东县栟茶镇栟茶社区,32,06,23,完整
江苏省南通市如东县长沙镇长沙社区,32,06,23,完整
如东市洋口镇,32,06,23,同音错误
如东县丰利镇丰利社区,32,06,23,截断
江苏省南通如东县双甸镇,32,06,23,省略市+简称
掘港街道如东县南通市江苏省,32,06,23,顺序混乱
洋口镇如东市南通,32,06,23,同音错误+顺序混乱
江苏省南通市启东市海复镇安东村,32,06,81,完整
启东市汇龙镇人民中路,32,06,81,省略省市
南通启东寅阳镇寅阳路,32,06,81,省略省
启东市吕四港镇吕四社区,32,06,81,完整
江苏省南通市启东市北新镇北新社区,32,06,81,完整
启东市合作镇合作社区,32,06,81,截断
江苏省南通启东市惠萍镇,32,06,81,省略市+简称
汇龙镇启东市南通市江苏省,32,06,81,顺序混乱
海复镇启东市南通,32,06,81,顺序混乱
江苏省南通市如皋市如城街道孔庙社区,32,06,82,完整
如皋市下原镇花园头村,32,06,82,省略省市
南通如皋搬经镇搬经路,32,06,82,省略省
如皋市城北街道城北社区,32,06,82,完整
江苏省南通市如皋市白蒲镇白蒲社区,32,06,82,完整
如皋市石庄镇石庄社区,32,06,82,截断
江苏省南通如皋市丁堰镇,32,06,82,省略市+简称
如城街道如皋市南通市江苏省,32,06,82,顺序混乱
下原镇如皋市南通,32,06,82,顺序混乱
江苏省南通市海安市海安街道旺池社区,32,06,85,完整
海安市中城街道新宁社区,32,06,85,省略省市
南通海安城东镇长江中路,32,06,85,省略省
海安市曲塘镇曲塘社区,32,06,85,完整
江苏省南通市海安市李堡镇李堡社区,32,06,85,完整
海安市大公镇大公社区,32,06,85,截断
江苏省南通海安市雅周镇,32,06,85,省略市+简称
海安街道海安市南通市江苏省,32,06,85,顺序混乱
城东镇海安市南通,32,06,85,顺序混乱
江苏省连云港市连云区墟沟街道西园社区,32,07,03,完整
连云区海州湾街道棠梨社区,32,07,03,省略省市
连云港连云高公岛街道高公岛社区,32,07,03,省略省
连云区连岛街道连岛路,32,07,03,完整
江苏省连云港市连云区板桥街道板桥社区,32,07,03,完整
连去区墟沟街道,32,07,03,编辑距离错误
连云区宿城街道宿城社区,32,07,03,截断
江苏省连云港连云区徐圩街道,32,07,03,省略市+简称
墟沟街道连云区连云港市江苏省,32,07,03,顺序混乱
海州湾街道连去区连云港,32,07,03,编辑距离错误+顺序混乱
江苏省连云港市海州区新南街道玉带社区,32,07,06,完整
海州区新东街道文昌社区,32,07,06,省略省市
连云港海州新浦街道机关社区,32,07,06,省略省
海州区路南街道路南社区,32,07,06,完整
江苏省连云港市海州区新海街道海连社区,32,07,06,完整
海州区浦西街道浦西社区,32,07,06,截断
江苏省连云港海州区郁洲街道,32,07,06,省略市+简称
新南街道海州区连云港市江苏省,32,07,06,顺序混乱
新东街道海州区连云港,32,07,06,顺序混乱
江苏省连云港市赣榆区青口镇青口社区,32,07,07,完整
赣榆区柘汪镇沙口村,32,07,07,省略省市
连云港赣榆宋庄镇宋庄社区,32,07,07,省略省
赣榆区海头镇海头社区,32,07,07,完整
江苏省连云港市赣榆区班庄镇班庄社区,32,07,07,完整
甘榆区青口镇,32,07,07,同音错误
赣榆区城头镇城头社区,32,07,07,截断
江苏省连云港赣榆区厉庄镇,32,07,07,省略市+简称
青口镇赣榆区连云港市江苏省,32,07,07,顺序混乱
柘汪镇甘榆区连云港,32,07,07,同音错误+顺序混乱
江苏省连云港市东海县牛山街道牛山社区,32,07,22,完整
东海县白塔埠镇白塔路,32,07,22,省略省市
连云港东海曲阳镇曲阳路,32,07,22,省略省
东海县房山镇房山社区,32,07,22,完整
江苏省连云港市东海县桃林镇桃林社区,32,07,22,完整
东每县牛山街道,32,07,22,编辑距离错误
东海县温泉镇温泉社区,32,07,22,截断
江苏省连云港东海县青湖镇,32,07,22,省略市+简称
牛山街道东海县连云港市江苏省,32,07,22,顺序混乱
白塔埠镇东每县连云港,32,07,22,编辑距离错误+顺序混乱
浙江省杭州市余杭区仓前街道朱庙社区1号,33,01,10,完整
杭州余杭仓前街道文一西路数字港,33,01,10,省略省
余杭仓前街道朱庙社区,33,01,10,省略市+简称
余杭区闲林街道翡翠社区,33,01,10,省略省市
浙江省杭州市余杭区,33,01,10,截断
余航区仓前街道朱庙社区,33,01,10,同音错误
渐江省杭州市余杭区仓前街道,33,01,10,编辑距离错误
仓前街道余杭区杭州市浙江省数字港,33,01,10,顺序混乱
余航区仓前街道杭州市浙江省朱庙社区,33,01,10,同音+顺序混乱
浙江省宁波市海曙区月湖街道梅园社区18号,33,02,03,完整
宁波海曙月湖街道平桥社区,33,02,03,省略省
海曙段塘街道丽园社区,33,02,03,省略省市
海曙区,33,02,03,截断
宁波市海曙区集士港镇万众村,33,02,03,完整
海曙区望春街道天一家园,33,02,03,省略省市
海暑区月湖街道梅园社区,33,02,03,编辑距离错误
月湖街道海曙区宁波市浙江省梅园,33,02,03,顺序混乱
海暑区月湖街道宁波市浙江省平桥,33,02,03,同音+顺序混乱
浙江省温州市鹿城区松台街道桂柑社区5号,33,03,02,完整
温州鹿城松台街道庆年坊社区,33,03,02,省略省
鹿城蒲鞋市街道芳园社区,33,03,02,省略省市
鹿城区,33,03,02,截断
浙江省温州市鹿城区五马街道谢池巷,33,03,02,完整
鹿城区南汇街道大自然社区,33,03,02,省略省市
鹿成区松台街道桂柑社区,33,03,02,同音错误
渐江省温州市鹿城区松台街道,33,03,02,编辑距离错误
松台街道鹿城区温州市浙江省桂柑,33,03,02,顺序混乱
鹿成区松台街道温州浙江省芳园,33,03,02,同音+顺序混乱
浙江省杭州市上城区湖滨街道涌金门社区3号,33,01,02,完整
杭州上城清波街道柳浪社区,33,01,02,省略省
上城小营街道梅花碑社区,33,01,02,省略省市
上城区,33,01,02,截断
浙江省杭州市上城区丁兰街道皋城村,33,01,02,完整
上城区望江街道近江苑,33,01,02,省略省市
上诚区湖滨街道涌金门社区,33,01,02,同音错误
淅江省杭州市上城区清波街道,33,01,02,编辑距离错误
湖滨街道上城区杭州市浙江省涌金,33,01,02,顺序混乱
上诚区湖滨街道杭州浙江省柳浪,33,01,02,同音+顺序混乱
浙江省杭州市拱墅区拱宸桥街道桥西社区7号,33,01,05,完整
杭州拱墅祥符街道映月社区,33,01,05,省略省
拱墅武林街道长寿社区,33,01,05,省略省市
拱墅区,33,01,05,截断
浙江省杭州市拱墅区半山街道田园社区,33,01,05,完整
拱墅区湖墅街道长乐苑,33,01,05,省略省市
拱墅区武林街道长乐苑,33,01,05,同音错误
渐江省杭州市拱墅区拱宸桥街道,33,01,05,编辑距离错误
祥符街道拱墅区杭州市浙江省映月,33,01,05,顺序混乱
拱塾区祥符街道杭州浙江省映月,33,01,05,同音+顺序混乱
浙江省杭州市西湖区文新街道湖畔社区9号,33,01,06,完整
杭州西湖古荡街道古北社区,33,01,06,省略省
西湖西溪街道文天社区,33,01,06,省略省市
西湖区,33,01,06,截断
浙江省杭州市西湖区转塘街道外桐坞村,33,01,06,完整
西湖区灵隐街道曲院社区,33,01,06,省略省市
西胡区文新街道湖畔社区,33,01,06,同音错误
淅江省杭州市西湖区古荡街道,33,01,06,编辑距离错误
古荡街道西湖区杭州市浙江省古北,33,01,06,顺序混乱
西胡区古荡街道杭州浙江省古北,33,01,06,同音+顺序混乱
浙江省杭州市滨江区西兴街道缤纷社区2号,33,01,08,完整
杭州滨江长河街道晶都社区,33,01,08,省略省
滨江浦沿街道冠二社区,33,01,08,省略省市
滨江区,33,01,08,截断
浙江省杭州市滨江区物联网街数字基地,33,01,08,完整
滨江区西兴街道星耀城,33,01,08,省略省市
滨工区西兴街道缤纷社区,33,01,08,同音错误
渐江省杭州市滨江区长河街道,33,01,08,编辑距离错误
长河街道滨江区杭州市浙江省晶都,33,01,08,顺序混乱
滨工区长河街道杭州浙江省晶都,33,01,08,同音+顺序混乱
浙江省杭州市萧山区北干街道星都社区4号,33,01,09,完整
杭州萧山城厢街道江寺社区,33,01,09,省略省
萧山蜀山街道知章社区,33,01,09,省略省市
萧山区,33,01,09,截断
浙江省杭州市萧山区瓜沥镇航民村,33,01,09,完整
萧山区衙前镇凤凰村,33,01,09,省略省市
肖山区北干街道星都社区,33,01,09,同音错误
淅江省杭州市萧山区城厢街道,33,01,09,编辑距离错误
北干街道萧山区杭州市浙江省星都,33,01,09,顺序混乱
肖山区北干街道杭州浙江省星都,33,01,09,同音+顺序混乱
浙江省杭州市临平区南苑街道文仪社区6号,33,01,13,完整
杭州临平东湖街道蓝庭社区,33,01,13,省略省
临平临平街道西大街社区,33,01,13,省略省市
临平区,33,01,13,截断
浙江省杭州市临平区乔司街道三角村,33,01,13,完整
临平区星桥街道安乐社区,33,01,13,省略省市
临平区东胡街道蓝庭社区,33,01,13,同音错误
渐江省杭州市临平区南苑街道,33,01,13,编辑距离错误
南苑街道临平区杭州市浙江省文仪,33,01,13,顺序混乱
临平区东胡街道杭州浙江省蓝庭,33,01,13,同音+顺序混乱
浙江省杭州市富阳区富春街道江滨社区8号,33,01,11,完整
杭州富阳春江街道新建村,33,01,11,省略省
富阳东洲街道黄公望村,33,01,11,省略省市
富阳区,33,01,11,截断
浙江省杭州市富阳区新登镇湘溪村,33,01,11,完整
富阳区银湖街道如意社区,33,01,11,省略省市
富阳区富椿街道江滨社区,33,01,11,同音错误
淅江省杭州市富阳区春江街道,33,01,11,编辑距离错误
富春街道富阳区杭州市浙江省江滨,33,01,11,顺序混乱
富阳区富椿街道杭州浙江省江滨,33,01,11,同音+顺序混乱
浙江省杭州市临安区锦城街道武肃里社区3号,33,01,12,完整
杭州临安玲珑街道化龙村,33,01,12,省略省
临安太湖源镇白沙村,33,01,12,省略省市
临安区,33,01,12,截断
浙江省杭州市临安区天目山镇九里村,33,01,12,完整
临安区青山湖街道研里社区,33,01,12,省略省市
临安区锦城街道武肃里社区,33,01,12,同音错误
渐江省杭州市临安区玲珑街道,33,01,12,编辑距离错误
锦城街道临安区杭州市浙江省武肃里,33,01,12,顺序混乱
临安区锦成街道杭州浙江省武肃里,33,01,12,同音+顺序混乱
浙江省杭州市桐庐县城南街道迎春社区5号,33,01,22,完整
杭州桐庐桐君街道南门社区,33,01,22,省略省
桐庐分水镇塘源村,33,01,22,省略省市
桐庐县,33,01,22,截断
浙江省杭州市桐庐县横村镇杜预村,33,01,22,完整
桐庐县凤川街道桑园村,33,01,22,省略省市
桐卢县城南街道迎春社区,33,01,22,同音错误
淅江省杭州市桐庐县桐君街道,33,01,22,编辑距离错误
城南街道桐庐县杭州市浙江省迎春,33,01,22,顺序混乱
桐卢县城南街道杭州浙江省迎春,33,01,22,同音+顺序混乱
浙江省杭州市淳安县千岛湖镇施家塘社区2号,33,01,27,完整
杭州淳安枫树岭镇下姜村,33,01,27,省略省
淳安威坪镇茶合村,33,01,27,省略省市
淳安县,33,01,27,截断
浙江省杭州市淳安县文昌镇栅源村,33,01,27,完整
淳安县汾口镇杨旗坦村,33,01,27,省略省市
淳安千岛湖镇施家塘社区,33,01,27,同音错误
渐江省杭州市淳安县千岛湖镇,33,01,27,编辑距离错误
千岛湖镇淳安县杭州市浙江省施家塘,33,01,27,顺序混乱
淳安千岛胡镇杭州浙江省施家塘,33,01,27,同音+顺序混乱
浙江省杭州市建德市新安江街道明珠社区7号,33,01,82,完整
杭州建德梅城镇千鹤村,33,01,82,省略省
建德寿昌镇桂花村,33,01,82,省略省市
建德市,33,01,82,截断
浙江省杭州市建德市乾潭镇下包村,33,01,82,完整
建德市大洋镇鲁塘村,33,01,82,省略省市
建德新安江街道明珠社区,33,01,82,同音错误
淅江省杭州市建德市新安江街道,33,01,82,编辑距离错误
新安江街道建德市杭州市浙江省明珠,33,01,82,顺序混乱
建德新案江街道杭州浙江省明珠,33,01,82,同音+顺序混乱
浙江省宁波市镇海区招宝山街道总浦桥社区3号,33,02,11,完整
宁波镇海蛟川街道银凤社区,33,02,11,省略省
镇海庄市街道同心村,33,02,11,省略省市
镇海区,33,02,11,截断
浙江省宁波市镇海区澥浦镇十七房村,33,02,11,完整
镇海区骆驼街道南一社区,33,02,11,省略省市
镇海区招宝山街道总浦桥社区,33,02,11,同音错误
渐江省宁波市镇海区招宝山街道,33,02,11,编辑距离错误
招宝山街道镇海区宁波市浙江省总浦桥,33,02,11,顺序混乱
镇海区招宝山街道宁波浙江省总浦桥,33,02,11,同音+顺序混乱
浙江省宁波市北仑区新碶街道红梅社区6号,33,02,06,完整
宁波北仑大碶街道学苑社区,33,02,06,省略省
北仑小港街道枫林社区,33,02,06,省略省市
北仑区,33,02,06,截断
浙江省宁波市北仑区梅山街道梅东村,33,02,06,完整
北仑区霞浦街道书院村,33,02,06,省略省市
北轮区新碶街道红梅社区,33,02,06,同音错误
淅江省宁波市北仑区大碶街道,33,02,06,编辑距离错误
新碶街道北仑区宁波市浙江省红梅,33,02,06,顺序混乱
北轮区新碶街道宁波浙江省红梅,33,02,06,同音+顺序混乱
浙江省宁波市鄞州区白鹤街道丹顶鹤社区4号,33,02,12,完整
宁波鄞州东柳街道中兴社区,33,02,12,省略省
鄞州首南街道格兰春天社区,33,02,12,省略省市
鄞州区,33,02,12,截断
浙江省宁波市鄞州区邱隘镇回龙村,33,02,12,完整
鄞州区福明街道城市广场社区,33,02,12,省略省市
鄞州区白鹤街道丹顶鹤社区,33,02,12,同音错误
渐江市宁波市鄞州区白鹤街道,33,02,12,编辑距离错误
白鹤街道鄞州区宁波市浙江省丹顶鹤,33,02,12,顺序混乱
鄞州区白鹤街道宁波浙江省丹顶鹤,33,02,12,同音+顺序混乱
浙江省宁波市江北区外滩街道外滩社区5号,33,02,05,完整
宁波江北慈城镇慈湖人家社区,33,02,05,省略省
江北庄桥街道滨江社区,33,02,05,省略省市
江北区,33,02,05,截断
浙江省宁波市江北区洪塘街道颐和名苑,33,02,05,完整
江北区孔浦街道文竹社区,33,02,05,省略省市
江北区外摊街道外滩社区,33,02,05,同音错误
淅江省宁波市江北区慈城镇,33,02,05,编辑距离错误
外滩街道江北区宁波市浙江省外滩,33,02,05,顺序混乱
江北区外摊街道宁波浙江省外滩,33,02,05,同音+顺序混乱
浙江省宁波市奉化区锦屏街道东门社区8号,33,02,13,完整
宁波奉化岳林街道金钟社区,33,02,13,省略省
奉化西坞街道蒋家池头村,33,02,13,省略省市
奉化区,33,02,13,截断
浙江省宁波市奉化区溪口镇武岭社区,33,02,13,完整
奉化区江口街道南浦村,33,02,13,省略省市
奉化区锦屏街道东门社区,33,02,13,同音错误
渐江省宁波市奉化区岳林街道,33,02,13,编辑距离错误
锦屏街道奉化区宁波市浙江省东门,33,02,13,顺序混乱
奉化区锦平街道宁波浙江省东门,33,02,13,同音+顺序混乱
浙江省宁波市余姚市兰江街道舜水社区2号,33,02,81,完整
宁波余姚阳明街道长元社区,33,02,81,省略省
余姚梁弄镇横坎头村,33,02,81,省略省市
余姚市,33,02,81,截断
浙江省宁波市余姚市泗门镇谢家路村,33,02,81,完整
余姚市低塘街道洋山村,33,02,81,省略省市
余姚市兰江街道舜水社区,33,02,81,同音错误
淅江省宁波市余姚市阳明街道,33,02,81,编辑距离错误
兰江街道余姚市宁波市浙江省舜水,33,02,81,顺序混乱
余姚市兰扛街道宁波浙江省舜水,33,02,81,同音+顺序混乱
浙江省宁波市慈溪市白沙路街道轻纺社区9号,33,02,82,完整
宁波慈溪浒山街道虞波社区,33,02,82,省略省
慈溪宗汉街道庙山村,33,02,82,省略省市
慈溪市,33,02,82,截断
浙江省宁波市慈溪市龙山镇西门外村,33,02,82,完整
慈溪市坎墩街道三四灶村,33,02,82,省略省市
慈溪市白沙路街道轻纺社区,33,02,82,同音错误
渐江省宁波市慈溪市浒山街道,33,02,82,编辑距离错误
白沙路街道慈溪市宁波市浙江省轻纺,33,02,82,顺序混乱
慈溪市白纱路街道宁波浙江省轻纺,33,02,82,同音+顺序混乱
浙江省宁波市宁海县跃龙街道松竹社区1号,33,02,26,完整
宁波宁海西店镇岭口村,33,02,26,省略省
宁海梅林街道梅林社区,33,02,26,省略省市
宁海县,33,02,26,截断
浙江省宁波市宁海县岔路镇下畈村,33,02,26,完整
宁海县深甽镇南溪村,33,02,26,省略省市
宁海县跃龙街道松竹社区,33,02,26,同音错误
淅江省宁波市宁海县跃龙街道,33,02,26,编辑距离错误
跃龙街道宁海县宁波市浙江省松竹,33,02,26,顺序混乱
宁海县跃拢街道宁波浙江省松竹,33,02,26,同音+顺序混乱
浙江省宁波市象山县丹东街道塔山社区3号,33,02,25,完整
宁波象山西周镇清溪村,33,02,25,省略省
象山石浦镇延昌社区,33,02,25,省略省市
象山县,33,02,25,截断
浙江省宁波市象山县鹤浦镇大沙村,33,02,25,完整
象山县墙头镇墙头村,33,02,25,省略省市
象山县丹东街道塔山社区,33,02,25,同音错误
渐江省宁波市象山县丹东街道,33,02,25,编辑距离错误
丹东街道象山县宁波市浙江省塔山,33,02,25,顺序混乱
象山县丹冻街道宁波浙江省塔山,33,02,25,同音+顺序混乱
浙江省温州市龙湾区永中街道万顺社区5号,33,03,03,完整
温州龙湾瑶溪街道南洋社区,33,03,03,省略省
龙湾蒲州街道创客社区,33,03,03,省略省市
龙湾区,33,03,03,截断
浙江省温州市龙湾区海滨街道宁村,33,03,03,完整
龙湾区状元街道横街社区,33,03,03,省略省市
龙弯区永中街道万顺社区,33,03,03,同音错误
淅江省温州市龙湾区瑶溪街道,33,03,03,编辑距离错误
永中街道龙湾区温州市浙江省万顺,33,03,03,顺序混乱
龙弯区永中街道温州浙江省万顺,33,03,03,同音+顺序混乱
浙江省温州市瓯海区新桥街道金蟾社区7号,33,03,04,完整
温州瓯海娄桥街道东风社区,33,03,04,省略省
瓯海仙岩街道自力村,33,03,04,省略省市
瓯海区,33,03,04,截断
浙江省温州市瓯海区泽雅镇纸源村,33,03,04,完整
瓯海区梧田街道老殿后社区,33,03,04,省略省市
瓯海区新桥街道金蟾社区,33,03,04,同音错误
渐江省温州市瓯海区娄桥街道,33,03,04,编辑距离错误
新桥街道瓯海区温州市浙江省金蟾,33,03,04,顺序混乱
瓯海区新桥街道温州浙江省金蟾,33,03,04,同音+顺序混乱
浙江省温州市洞头区北岙街道烈士路社区2号,33,03,05,完整
温州洞头东屏街道半屏社区,33,03,05,省略省
洞头霓屿街道下社村,33,03,05,省略省市
洞头区,33,03,05,截断
浙江省温州市洞头区大门镇仁前途村,33,03,05,完整
洞头区元觉街道沙岗村,33,03,05,省略省市
洞头区北岙街道烈士路社区,33,03,05,同音错误
淅江省温州市洞头区东屏街道,33,03,05,编辑距离错误
北岙街道洞头区温州市浙江省烈士路,33,03,05,顺序混乱
洞头区北熬街道温州浙江省烈士路,33,03,05,同音+顺序混乱
浙江省温州市永嘉县北城街道嘉宁社区4号,33,03,24,完整
温州永嘉瓯北街道创新社区,33,03,24,省略省
永嘉岩头镇芙蓉村,33,03,24,省略省市
永嘉县,33,03,24,截断
浙江省温州市永嘉县大若岩镇埭头村,33,03,24,完整
永嘉县桥头镇金村社区,33,03,24,省略省市
永加县北城街道嘉宁社区,33,03,24,同音错误
渐江省温州市永嘉县瓯北街道,33,03,24,编辑距离错误
北城街道永嘉县温州市浙江省嘉宁,33,03,24,顺序混乱
永加县北城街道温州浙江省嘉宁,33,03,24,同音+顺序混乱
浙江省温州市平阳县昆阳镇上林垟村6号,33,03,26,完整
温州平阳鳌江镇厚垟村,33,03,26,省略省
平阳水头镇内岙村,33,03,26,省略省市
平阳县,33,03,26,截断
浙江省温州市平阳县萧江镇潘南村,33,03,26,完整
平阳县腾蛟镇岱山村,33,03,26,省略省市
平阳县昆阳镇上林垟村,33,03,26,同音错误
淅江省温州市平阳县鳌江镇,33,03,26,编辑距离错误
昆阳镇平阳县温州市浙江省上林垟,33,03,26,顺序混乱
平阳县昆杨镇温州浙江省上林垟,33,03,26,同音+顺序混乱
浙江省温州市苍南县灵溪镇玉苍社区8号,33,03,27,完整
温州苍南马站镇中魁村,33,03,27,省略省
苍南桥墩镇八亩后村,33,03,27,省略省市
苍南县,33,03,27,截断
浙江省温州市苍南县钱库镇项东村,33,03,27,完整
苍南县金乡镇狮山村,33,03,27,省略省市
苍南县灵溪镇玉苍社区,33,03,27,同音错误
渐江省温州市苍南县马站镇,33,03,27,编辑距离错误
灵溪镇苍南县温州市浙江省玉苍,33,03,27,顺序混乱
苍南县灵奚镇温州浙江省玉苍,33,03,27,同音+顺序混乱
浙江省温州市文成县大峃镇苔湖社区3号,33,03,28,完整
温州文成西坑畲族镇让川村,33,03,28,省略省
文成南田镇武阳村,33,03,28,省略省市
文成县,33,03,28,截断
浙江省温州市文成县百丈漈镇篁庄村,33,03,28,完整
文成县玉壶镇碧溪村,33,03,28,省略省市
文成县大峡镇苔湖社区,33,03,28,同音错误
淅江省温州市文成县大峃镇,33,03,28,编辑距离错误
大峃镇文成县温州市浙江省苔湖,33,03,28,顺序混乱
文成县大峡镇温州浙江省苔湖,33,03,28,同音+顺序混乱
浙江省温州市泰顺县罗阳镇新城社区5号,33,03,29,完整
温州泰顺泗溪镇下桥村,33,03,29,省略省
泰顺司前畲族镇左溪村,33,03,29,省略省市
泰顺县,33,03,29,截断
浙江省温州市泰顺县筱村镇徐岙村,33,03,29,完整
泰顺县三魁镇张宅村,33,03,29,省略省市
泰顺县罗阳镇新城社区,33,03,29,同音错误
渐江省温州市泰顺县罗阳镇,33,03,29,编辑距离错误
罗阳镇泰顺县温州市浙江省新城,33,03,29,顺序混乱
泰顺县罗杨镇温州浙江省新城,33,03,29,同音+顺序混乱
浙江省温州市瑞安市安阳街道风荷社区2号,33,03,81,完整
温州瑞安塘下镇陈岙村,33,03,81,省略省
瑞安马屿镇马岩村,33,03,81,省略省市
瑞安市,33,03,81,截断
浙江省温州市瑞安市陶山镇花园村,33,03,81,完整
瑞安市飞云街道江南社区,33,03,81,省略省市
瑞安市安阳街道风荷社区,33,03,81,同音错误
淅江省温州市瑞安市塘下镇,33,03,81,编辑距离错误
安阳街道瑞安市温州市浙江省风荷,33,03,81,顺序混乱
瑞安市安杨街道温州浙江省风荷,33,03,81,同音+顺序混乱
浙江省温州市乐清市乐成街道南门社区6号,33,03,82,完整
温州乐清虹桥镇江北村,33,03,82,省略省
乐清柳市镇后街社区,33,03,82,省略省市
乐清市,33,03,82,截断
浙江省温州市乐清市大荆镇下山头村,33,03,82,完整
乐清市北白象镇白塔王社区,33,03,82,省略省市
乐清市乐成街道南门社区,33,03,82,同音错误
渐江省温州市乐清市虹桥镇,33,03,82,编辑距离错误
乐成街道乐清市温州市浙江省南门,33,03,82,顺序混乱
乐清市乐城街道温州浙江省南门,33,03,82,同音+顺序混乱
浙江省温州市龙港市龙江片区江口社区9号,33,03,83,完整
温州龙港城南片区朝西屋社区,33,03,83,省略省
龙港世纪大道客运中心,33,03,83,省略省市
龙港市,33,03,83,截断
浙江省温州市龙港市湖前片区双桂里社区,33,03,83,完整
龙港市芦浦片区儒桥头村,33,03,83,省略省市
龙港市龙江片区江口社区,33,03,83,同音错误
淅江省温州市龙港市龙江片区,33,03,83,编辑距离错误
龙江片区龙港市温州市浙江省江口,33,03,83,顺序混乱
龙港市龙刚市温州浙江省江口,33,03,83,同音+顺序混乱
四川省成都市锦江区锦官驿街道水井坊社区1号,51,01,04,完整
成都锦江沙河街道静康社区,51,01,04,完整
成都市武侯区玉林街道玉林北路社区,51,01,07,完整
四川成都青羊府南街道同德社区,51,01,05,完整
成都市金牛区驷马桥街道曹家巷社区,51,01,06,完整
锦江区锦官驿街道,51,01,04,截断
武侯玉林街道,51,01,07,截断
成都市成华区双桥子街道双桥路南社区,51,01,08,完整
成都成华二仙桥街道人民塘社区,51,01,08,完整
锦江沙河静康社区,51,01,04,省略省
武侯玉林玉林北路社区,51,01,07,省略省
成华双桥子双桥路南社区,51,01,08,省略省
锦官驿水井坊社区,51,01,04,省略省市
玉林玉林北路社区,51,01,07,省略省市
四川锦江锦官驿水井坊,51,01,04,省略市+简称
成都锦航沙河静康社区,51,01,04,同音错误
武候玉林北路社区,51,01,07,同音错误
渐江成都青羊府南同德社区,51,01,05,编辑距离错误
锦江区成都市四川省沙河静康社区,51,01,04,顺序混乱
玉林武候成都市玉林北路,51,01,07,顺序混乱
锦航区成都沙河静康四川,51,01,04,同音+顺序混乱
市中区, , ,02,歧义
市中区泊江社区, , ,02,歧义
四川省自贡市自流井区东兴寺街道檀木林社区,51,03,02,完整
自贡自流井五星街道珍珠寺社区,51,03,02,完整
自贡贡井筱溪街道青杠林社区,51,03,03,完整
自流井东兴寺街道,51,03,02,截断
贡井筱溪青杠林社区,51,03,03,省略省
东兴寺檀木林社区,51,03,02,省略省市
自贡自流进东兴寺檀木林,51,03,02,同音错误
自贡自流井东兴寺四川,51,03,02,顺序混乱
四川省攀枝花市东区东华街道金汇社区,51,04,02,完整
攀枝花东区炳草岗街道凤凰社区,51,04,02,完整
攀枝花西区河门口街道河门口社区,51,04,03,完整
东区东华金汇社区,51,04,02,省略省
西区河门口河门口社区,51,04,03,截断
攀枝花东华东区金汇四川,51,04,02,顺序混乱
东华金汇总汇社区,51,04,02,同音错误
四川省泸州市江阳区大山坪街道三道桥社区,51,05,02,完整
泸州江阳茜草街道匠心社区,51,05,02,完整
泸州纳溪安富街道上坝社区,51,05,03,完整
江阳大山坪三道桥社区,51,05,02,省略省
纳溪安富上坝社区,51,05,03,截断
茜草匠心社区,51,05,02,省略省市
江阳茜草匠辛社区,51,05,02,同音错误
渐江泸州江阳大山坪三道桥,51,05,02,编辑距离错误
四川省德阳市旌阳区旌阳街道平安社区,51,06,03,完整
德阳旌阳天元街道段家坝社区,51,06,03,完整
德阳广汉雒城街道金佛社区,51,06,81,完整
旌阳旌阳平安社区,51,06,03,省略省
广汉雒城金佛社区,51,06,81,截断
天元段家坝社区,51,06,03,省略省市
旌阳天元段家霸社区,51,06,03,同音错误
德阳旌阳区四川天元段家坝,51,06,03,顺序混乱
四川省绵阳市涪城区城厢街道建国门社区,51,07,03,完整
绵阳游仙富乐街道沈家坝北街社区,51,07,04,完整
绵阳安州花荄镇花荄社区,51,07,05,完整
涪城城厢建国门社区,51,07,03,省略省
游仙富乐沈家坝北街,51,07,04,截断
花荄花荄社区,51,07,05,省略省市
绵阳涪城城相建国门社区,51,07,03,同音错误
渐江绵阳涪城城厢建国门,51,07,03,编辑距离错误
富乐游仙绵阳沈家坝北街,51,07,04,顺序混乱
四川省广元市利州区南河街道体育场社区,51,08,02,完整
广元利州雪峰街道芸香社区,51,08,02,完整
广元昭化元坝镇元坝社区,51,08,11,完整
利州南河体育场社区,51,08,02,省略省
昭化元坝元坝社区,51,08,11,截断
雪峰芸香社区,51,08,02,省略省市
广元利洲南河体育场,51,08,02,同音错误
四川省遂宁市船山区镇江寺街道天宫路社区,51,09,03,完整
遂宁安居凤凰街道黄林社区,51,09,04,完整
遂宁射洪太和街道建设社区,51,09,81,完整
船山镇江寺天宫路,51,09,03,省略省
安居凤凰黄林社区,51,09,04,截断
太和建设社区,51,09,81,省略省市
遂宁船山镇江诗天宫路,51,09,03,同音错误
四川省内江市市中区城东街道翔龙社区,51,10,02,完整
内江东兴街道兴盛社区,51,10,11,完整
内江威远严陵镇锦城社区,51,10,24,完整
市中区城东翔龙社区,51,10,02,省略省
东兴兴盛社区,51,10,11,截断
严陵锦城社区,51,10,24,省略省市
内江市中城东翔龙社区,51,10,02,同音错误
市中区, , ,02,歧义
市中区城东街道, , ,02,歧义
四川省乐山市市中区海棠街道府街社区,51,11,02,完整
乐山沙湾福禄镇福禄社区,51,11,11,完整
乐山五通桥竹根镇佑君社区,51,11,12,完整
市中区海棠府街社区,51,11,02,省略省
沙湾福禄福禄社区,51,11,11,截断
竹根佑君社区,51,11,12,省略省市
乐山市中海棠府街四川,51,11,02,顺序混乱
市中区, , ,02,歧义
市中区海棠街道, , ,02,歧义
四川省南充市顺庆区东南街道桑园路社区,51,13,02,完整
南充高坪白塔街道白塔社区,51,13,03,完整
南充嘉陵都尉街道茶庵社区,51,13,04,完整
顺庆东南桑园路,51,13,02,省略省
高坪白塔白塔社区,51,13,03,截断
都尉茶庵社区,51,13,04,省略省市
南充顺厌东南桑园路,51,13,02,同音错误
四川省眉山市东坡区苏祠街道金龙社区,51,14,02,完整
眉山彭山凤鸣街道凤鸣社区,51,14,03,完整
眉山仁寿怀仁街道大道社区,51,14,21,完整
东坡苏祠金龙社区,51,14,02,省略省
彭山凤鸣凤鸣社区,51,14,03,截断
怀仁大道社区,51,14,21,省略省市
眉山东坡苏词金龙社区,51,14,02,同音错误
四川省宜宾市翠屏区合江门街道鲁家园社区,51,15,02,完整
宜宾南溪仙源街道仙源社区,51,15,03,完整
宜宾叙州柏溪街道金江社区,51,15,04,完整
翠屏合江门鲁家园,51,15,02,省略省
南溪仙源仙源社区,51,15,03,截断
柏溪金江社区,51,15,04,省略省市
宜宾翠屏合江们鲁家园,51,15,02,同音错误
渐江宜宾翠屏合江门鲁家园,51,15,02,编辑距离错误
仙源南溪宜宾仙源社区,51,15,03,顺序混乱
四川省广安市广安区浓洄街道翠屏路社区,51,16,02,完整
广安前锋龙塘街道大佛寺社区,51,16,03,完整
广安华蓥双河街道杜家坪社区,51,16,81,完整
广安广安浓洄翠屏路,51,16,02,省略省
前锋龙塘大佛寺社区,51,16,03,截断
双河杜家坪社区,51,16,81,省略省市
广安广安区浓回翠屏路,51,16,02,同音错误
四川省达州市通川区东城街道凉水井社区,51,17,02,完整
达州达川三里坪街道曹家梁社区,51,17,21,完整
达州宣汉东乡街道西北社区,51,17,22,完整
通川东城凉水井,51,17,02,省略省
达川三里坪曹家梁,51,17,21,截断
东乡西北社区,51,17,22,省略省市
达州通川东成凉水井,51,17,02,同音错误
渐川达州通川东城凉水井,51,17,02,编辑距离错误
四川省雅安市雨城区青江街道汉碑社区,51,18,02,完整
雅安名山蒙阳街道新城社区,51,18,03,完整
雅安汉源富林镇滨湖社区,51,18,24,完整
雨城青江汉碑社区,51,18,02,省略省
名山蒙阳新城社区,51,18,03,截断
富林滨湖社区,51,18,24,省略省市
雅安雨城青扛汉碑社区,51,18,02,同音错误
四川省巴中市巴州区宕梁街道中坝社区,51,19,02,完整
巴中恩阳登科街道登科社区,51,19,03,完整
巴中通江壁州街道壁州社区,51,19,21,完整
巴州宕梁中坝社区,51,19,02,省略省
恩阳登科登科社区,51,19,03,截断
壁州壁州社区,51,19,21,省略省市
巴中巴州档梁中坝社区,51,19,02,同音错误
四川省资阳市雁江区资溪街道三贤社区,51,20,02,完整
资阳安岳岳阳镇启元社区,51,20,21,完整
资阳乐至南塔街道北街社区,51,20,22,完整
雁江资溪三贤社区,51,20,02,省略省
安岳岳阳启元社区,51,20,21,截断
南塔北街社区,51,20,22,省略省市
资阳雁江资溪三贤四川,51,20,02,顺序混乱
四川省阿坝藏族羌族自治州马尔康市马尔康镇达萨社区,51,32,01,完整
阿坝汶川威州镇桑坪社区,51,32,21,完整
阿坝九寨沟漳扎镇漳扎社区,51,32,25,完整
马尔康马尔康镇达萨社区,51,32,01,省略省
汶川威州桑坪社区,51,32,21,截断
九寨沟漳扎漳扎社区,51,32,25,省略省市
阿坝马尔康马儿康达萨社区,51,32,01,同音错误
四川省甘孜藏族自治州康定市炉城街道向阳社区,51,33,01,完整
甘孜泸定泸桥镇泸桥社区,51,33,22,完整
甘孜丹巴章谷镇章谷社区,51,33,23,完整
康定炉城向阳社区,51,33,01,省略省
泸定泸桥泸桥社区,51,33,22,截断
章谷章谷社区,51,33,23,省略省市
甘孜康定卢定向阳社区,51,33,01,同音错误
四川省凉山彝族自治州西昌市东城街道汉彝社区,51,34,01,完整
凉山会理古城街道古城社区,51,34,02,完整
凉山木里乔瓦镇乔瓦社区,51,34,22,完整
西昌东城汉彝社区,51,34,01,省略省
会理古城古城社区,51,34,02,截断
木里乔瓦乔瓦社区,51,34,22,省略省市
凉山西昌西城汉彝社区,51,34,01,同音错误
西昌东城四川汉彝社区,51,34,01,顺序混乱
福建省福州市鼓楼区鼓东街道中山路1号,35,01,02,完整
福州鼓楼温泉街道树汤路8号,35,01,02,省略省
鼓楼区华大街道北环中路12号,35,01,02,省略省市
福建鼓楼水部街道五一中路5号,35,01,02,省略省市
余航区鼓西街道杨桥路3号,35,01,02,同音错误
渐江省福州市鼓楼区南街街道花巷2号,35,01,02,编辑距离错误
鼓楼区福州市福建省东街街道津泰路6号,35,01,02,顺序混乱
余航区鼓西街道福州广东街式错序,35,01,02,同音+顺序混乱
福建省福州市鼓楼区,35,01,02,截断
朝阳区酒仙桥路1号,,,,歧义
福建省福州市台江区瀛洲街道江滨中大道2号,35,01,03,完整
福州台江茶亭街道广达路9号,35,01,03,省略省
台江区洋中街道八一七中路4号,35,01,03,省略省市
台江后洲街道台江路6号,35,01,03,省略省市
台江区茶亭街道广达路九号,35,01,03,编辑距离错误
渐江福州台江苍霞街道同德路3号,35,01,03,编辑距离错误
台江区福州市福建省宁化街道工业路5号,35,01,03,顺序混乱
台江向洋街道错名福州倒序,35,01,03,同音+顺序混乱
福州市台江区,35,01,03,截断
朝阳街道某社区1号,,,,歧义
福建省福州市仓山区仓前街道麦园路3号,35,01,04,完整
福州仓山下渡街道六一南路7号,35,01,04,省略省
仓山区临江街道观海路2号,35,01,04,省略省市
仓山对湖街道上三路5号,35,01,04,省略省市
仓山区仓前街道买园路错名,35,01,04,同音错误
渐江省福州仓山三叉街街道则徐大道4号,35,01,04,编辑距离错误
仓山区福州市福建省金山街道卢滨路6号,35,01,04,顺序混乱
买园路仓前仓山福州倒序错音,35,01,04,同音+顺序混乱
福州市仓山区,35,01,04,截断
福建省福州市马尾区罗星街道江滨东大道8号,35,01,05,完整
福州马尾马尾镇青洲路1号,35,01,05,省略省
马尾区亭江街道104国道2号,35,01,05,省略省市
马尾琅岐街道龙鼓路3号,35,01,05,省略省市
马尾罗星街道江宾东路错名,35,01,05,同音错误
渐江福州马尾罗星街道船政路5号,35,01,05,编辑距离错误
马尾区福州市福建省亭江街道琅岐路4号,35,01,05,顺序混乱
罗星马尾福州错音倒序,35,01,05,同音+顺序混乱
福州市马尾区,35,01,05,截断
福建省福州市晋安区茶园街道华林路338号,35,01,11,完整
福州晋安王庄街道长乐北路6号,35,01,11,省略省
晋安区象园街道国货东路2号,35,01,11,省略省市
晋安新店街道秀峰路5号,35,01,11,省略省市
晋安茶园街道华林路三三八错名,35,01,11,同音错误
渐江福州晋安岳峰街道塔头路3号,35,01,11,编辑距离错误
晋安区福州市福建省鼓山街道福马路7号,35,01,11,顺序混乱
茶园晋安福州倒序同音错,35,01,11,同音+顺序混乱
福州市晋安区,35,01,11,截断
福建省福州市长乐区吴航街道解放路1号,35,01,12,完整
福州长乐航城街道会堂路2号,35,01,12,省略省
长乐区营前街道洞江西路3号,35,01,12,省略省市
长乐漳港街道空港大道5号,35,01,12,省略省市
长乐吴航街道解方路错名,35,01,12,同音错误
渐江福州长乐文武砂街道文松路4号,35,01,12,编辑距离错误
长乐区福州市福建省首占街道广场路6号,35,01,12,顺序混乱
吴航长乐福州倒序错音,35,01,12,同音+顺序混乱
福州市长乐区,35,01,12,截断
福建省福州市闽侯县甘蔗街道交通路1号,35,01,21,完整
福州闽侯上街镇学园路2号,35,01,21,省略省
闽侯县荆溪镇荆溪大道3号,35,01,21,省略省市
闽侯青口镇奔驰大道5号,35,01,21,省略省市
闽侯甘蔗街道交能路错名,35,01,21,同音错误
渐江福州闽侯南通镇南港路4号,35,01,21,编辑距离错误
闽侯县福州市福建省祥谦街道尚干路6号,35,01,21,顺序混乱
甘蔗闽侯福州倒序错音,35,01,21,同音+顺序混乱
福州市闽侯县,35,01,21,截断
福建省福州市连江县凤城镇莲荷东路1号,35,01,22,完整
福州连江敖江镇可门路2号,35,01,22,省略省
连江县琯头镇开放大道3号,35,01,22,省略省市
连江黄岐镇海滨路5号,35,01,22,省略省市
连江凤城莲荷东街错名,35,01,22,同音错误
渐江福州连江浦口镇通港路4号,35,01,22,编辑距离错误
连江县福州市福建省丹阳镇丹桂路6号,35,01,22,顺序混乱
凤城连江福州倒序错音,35,01,22,同音+顺序混乱
福州市连江县,35,01,22,截断
福建省福州市罗源县凤山镇东环路1号,35,01,23,完整
福州罗源松山镇滨海路2号,35,01,23,省略省
罗源县起步镇起步街3号,35,01,23,省略省市
罗源中房镇中房路5号,35,01,23,省略省市
罗源凤山东环错名,35,01,23,同音错误
渐江福州罗源鉴江镇鉴江路4号,35,01,23,编辑距离错误
罗源县福州市福建省飞竹镇飞竹路6号,35,01,23,顺序混乱
凤山罗源福州倒序错音,35,01,23,同音+顺序混乱
福州市罗源县,35,01,23,截断
福建省福州市闽清县梅城镇南北大街1号,35,01,24,完整
福州闽清坂东镇坂东街2号,35,01,24,省略省
闽清县云龙乡云龙路3号,35,01,24,省略省市
闽清白樟镇白樟路5号,35,01,24,省略省市
闽清梅城南北大衔错名,35,01,24,同音错误
渐江福州闽清池园镇池园路4号,35,01,24,编辑距离错误
闽清县福州市福建省塔庄镇塔庄路6号,35,01,24,顺序混乱
梅城闽清福州倒序错音,35,01,24,同音+顺序混乱
福州市闽清县,35,01,24,截断
福建省福州市永泰县樟城镇南湖路1号,35,01,25,完整
福州永泰嵩口镇嵩口街2号,35,01,25,省略省
永泰县梧桐镇梧桐路3号,35,01,25,省略省市
永泰城峰镇太原路5号,35,01,25,省略省市
永泰樟城湖南路错名,35,01,25,同音错误
渐江福州永泰葛岭镇葛岭路4号,35,01,25,编辑距离错误
永泰县福州市福建省清凉镇清凉路6号,35,01,25,顺序混乱
樟城永泰福州倒序错音,35,01,25,同音+顺序混乱
福州市永泰县,35,01,25,截断
福建省福州市福清市玉屏街道一拂街1号,35,01,81,完整
福州福清音西街道清昌大道2号,35,01,81,省略省
福清市宏路街道宏路街3号,35,01,81,省略省市
福清龙山街道龙山路5号,35,01,81,省略省市
福清玉屏一佛街错名,35,01,81,同音错误
渐江福州福清龙江街道龙江路4号,35,01,81,编辑距离错误
福清市福州市福建省龙田镇龙进路6号,35,01,81,顺序混乱
玉屏福清福州倒序错音,35,01,81,同音+顺序混乱
福州市福清市,35,01,81,截断
福建省平潭综合实验区平潭县海坛街道潭城路1号,35,01,28,完整
平潭海坛街道龙里路2号,35,01,28,省略省
平潭县金井镇金井湾大道3号,35,01,28,省略省市
平潭君山镇君山北路5号,35,01,28,省略省市
平潭海坛谭城路错名,35,01,28,同音错误
渐江平潭苏澳镇苏澳路4号,35,01,28,编辑距离错误
平潭县平潭综合实验区福建省苏平镇苏平路6号,35,01,28,顺序混乱
海坛平潭福建倒序错音,35,01,28,同音+顺序混乱
平潭综合实验区平潭县,35,01,28,截断
福建省厦门市思明区厦港街道思明南路1号,35,02,03,完整
厦门思明中华街道镇海路2号,35,02,03,省略省
思明区滨海街道环岛路3号,35,02,03,省略省市
思明梧村街道厦禾路5号,35,02,03,省略省市
思明厦港思名南路错名,35,02,03,同音错误
渐江厦门思明筼筜街道湖滨北路4号,35,02,03,编辑距离错误
思明区厦门市福建省开元街道公园西路6号,35,02,03,顺序混乱
厦港思明厦门倒序错音,35,02,03,同音+顺序混乱
厦门市思明区,35,02,03,截断
福建省厦门市湖里区湖里街道兴隆路1号,35,02,06,完整
厦门湖里殿前街道高崎南二路2号,35,02,06,省略省
湖里区禾山街道枋湖北二路3号,35,02,06,省略省市
湖里江头街道江头西路5号,35,02,06,省略省市
湖里湖理兴隆路错名,35,02,06,同音错误
渐江厦门湖里金山街道金山西路4号,35,02,06,编辑距离错误
湖里区厦门市福建省殿前街道长虹路6号,35,02,06,顺序混乱
湖理湖里厦门倒序错音,35,02,06,同音+顺序混乱
厦门市湖里区,35,02,06,截断
福建省厦门市海沧区海沧街道沧虹路1号,35,02,05,完整
厦门海沧新阳街道翁角路2号,35,02,05,省略省
海沧区嵩屿街道滨湖北路3号,35,02,05,省略省市
海沧东孚街道东孚大道5号,35,02,05,省略省市
海沧海沦沧虹路错名,35,02,05,同音错误
渐江厦门海沧新阳翁角路4号,35,02,05,编辑距离错误
海沧区厦门市福建省海沧街道马青路6号,35,02,05,顺序混乱
海沦海沧厦门倒序错音,35,02,05,同音+顺序混乱
厦门市海沧区,35,02,05,截断
福建省厦门市集美区集美街道集源路1号,35,02,11,完整
厦门集美侨英街道同集南路2号,35,02,11,省略省
集美区杏林街道杏林北路3号,35,02,11,省略省市
集美杏滨街道杏滨路5号,35,02,11,省略省市
集美集美集原路错名,35,02,11,同音错误
渐江厦门集美灌口镇安仁大道4号,35,02,11,编辑距离错误
集美区厦门市福建省后溪街道理工路6号,35,02,11,顺序混乱
集美集美厦门倒序错音,35,02,11,同音+顺序混乱
厦门市集美区,35,02,11,截断
福建省厦门市同安区大同街道城西路1号,35,02,12,完整
厦门同安祥平街道银湖西路2号,35,02,12,省略省
同安区新民街道新民大道3号,35,02,12,省略省市
同安西柯街道西柯街5号,35,02,12,省略省市
同安大同成西路错名,35,02,12,同音错误
渐江厦门同安祥和街道凤山路4号,35,02,12,编辑距离错误
同安区厦门市福建省新美街道梧侣路6号,35,02,12,顺序混乱
大同同安厦门倒序错音,35,02,12,同音+顺序混乱
厦门市同安区,35,02,12,截断
福建省厦门市翔安区大嶝街道环嶝北路1号,35,02,13,完整
厦门翔安马巷街道巷西路2号,35,02,13,省略省
翔安区民安街道民安大道3号,35,02,13,省略省市
翔安新店街道新兴街5号,35,02,13,省略省市
翔安大登环嶝北路错名,35,02,13,同音错误
渐江厦门翔安凤翔街道新澳路4号,35,02,13,编辑距离错误
翔安区厦门市福建省金海街道鼓锣路6号,35,02,13,顺序混乱
大登翔安厦门倒序错音,35,02,13,同音+顺序混乱
厦门市翔安区,35,02,13,截断
福建省漳州市芗城区东铺头街道胜利西路1号,35,06,02,完整
漳州芗城西桥街道芳华路2号,35,06,02,省略省
芗城区新桥街道元光南路3号,35,06,02,省略省市
芗城通北街道大通北路5号,35,06,02,省略省市
芗城东铺头胜力西路错名,35,06,02,同音错误
渐江漳州芗城芝山街道芝山路4号,35,06,02,编辑距离错误
芗城区漳州市福建省南坑街道延安北道6号,35,06,02,顺序混乱
东铺头芗城漳州倒序错音,35,06,02,同音+顺序混乱
漳州市芗城区,35,06,02,截断
福建省漳州市龙文区步文街道迎宾大道1号,35,06,03,完整
漳州龙文碧湖街道龙江中路2号,35,06,03,省略省
龙文区蓝田街道蓝田开发区3号,35,06,03,省略省市
龙文朝阳街道朝盛路5号,35,06,03,省略省市
龙文步文迎宾大导错名,35,06,03,同音错误
渐江漳州龙文景山街道九龙大道4号,35,06,03,编辑距离错误
龙文区漳州市福建省郭坑镇郭坑街6号,35,06,03,顺序混乱
步文龙文漳州倒序错音,35,06,03,同音+顺序混乱
漳州市龙文区,35,06,03,截断
福建省漳州市龙海区石码街道人民西路1号,35,06,04,完整
漳州龙海角美街道角美大道2号,35,06,04,省略省
龙海区海澄镇海澄路3号,35,06,04,省略省市
龙海榜山镇榜山街5号,35,06,04,省略省市
龙海石码人民西街错名,35,06,04,同音错误
渐江漳州龙海颜厝镇颜厝路4号,35,06,04,编辑距离错误
龙海区漳州市福建省九湖镇九湖路6号,35,06,04,顺序混乱
石码龙海漳州倒序错音,35,06,04,同音+顺序混乱
漳州市龙海区,35,06,04,截断
福建省漳州市长泰区武安街道人民东路1号,35,06,05,完整
漳州长泰岩溪镇岩溪路2号,35,06,05,省略省
长泰区陈巷镇陈巷路3号,35,06,05,省略省市
长泰枋洋镇枋洋路5号,35,06,05,省略省市
长泰武安人民东街错名,35,06,05,同音错误
渐江漳州长泰坂里乡坂里路4号,35,06,05,编辑距离错误
长泰区漳州市福建省武安街道文博路6号,35,06,05,顺序混乱
武安长泰漳州倒序错音,35,06,05,同音+顺序混乱
漳州市长泰区,35,06,05,截断
福建省漳州市云霄县云陵镇云平路1号,35,06,22,完整
漳州云霄莆美镇莆美路2号,35,06,22,省略省
云霄县陈岱镇陈岱路3号,35,06,22,省略省市
云霄东厦镇东厦路5号,35,06,22,省略省市
云霄云陵云平错名,35,06,22,同音错误
渐江漳州云霄火田镇火田路4号,35,06,22,编辑距离错误
云霄县漳州市福建省列屿镇列屿路6号,35,06,22,顺序混乱
云陵云霄漳州倒序错音,35,06,22,同音+顺序混乱
漳州市云霄县,35,06,22,截断
福建省漳州市漳浦县绥安镇麦市街1号,35,06,23,完整
漳州漳浦旧镇镇旧镇路2号,35,06,23,省略省
漳浦县佛昙镇佛昙路3号,35,06,23,省略省市
漳浦赤湖镇赤湖路5号,35,06,23,省略省市
漳浦绥安麦市街错名,35,06,23,同音错误
渐江漳州漳浦六鳌镇六鳌路4号,35,06,23,编辑距离错误
漳浦县漳州市福建省石榴镇石榴路6号,35,06,23,顺序混乱
绥安漳浦漳州倒序错音,35,06,23,同音+顺序混乱
漳州市漳浦县,35,06,23,截断
福建省漳州市诏安县南诏镇中山西路1号,35,06,24,完整
漳州诏安四都镇四都路2号,35,06,24,省略省
诏安县桥东镇桥东路3号,35,06,24,省略省市
诏安深桥镇深桥路5号,35,06,24,省略省市
诏安南诏中山西街错名,35,06,24,同音错误
渐江漳州诏安梅岭镇梅岭路4号,35,06,24,编辑距离错误
诏安县漳州市福建省霞葛镇霞葛路6号,35,06,24,顺序混乱
南诏诏安漳州倒序错音,35,06,24,同音+顺序混乱
漳州市诏安县,35,06,24,截断
福建省漳州市东山县西埔镇文昌路1号,35,06,26,完整
漳州东山铜陵镇铜陵路2号,35,06,26,省略省
东山县康美镇康美路3号,35,06,26,省略省市
东山杏陈镇杏陈路5号,35,06,26,省略省市
东山西埔文昌路错名,35,06,26,同音错误
渐江漳州东山樟塘镇樟塘路4号,35,06,26,编辑距离错误
东山县漳州市福建省陈城镇陈城路6号,35,06,26,顺序混乱
西埔东山漳州倒序错音,35,06,26,同音+顺序混乱
漳州市东山县,35,06,26,截断
福建省漳州市南靖县山城镇人民路1号,35,06,27,完整
漳州南靖靖城镇靖城路2号,35,06,27,省略省
南靖县龙山镇龙山大道3号,35,06,27,省略省市
南靖金山镇金山路5号,35,06,27,省略省市
南靖山城人民错名,35,06,27,同音错误
渐江漳州南靖和溪镇和溪路4号,35,06,27,编辑距离错误
南靖县漳州市福建省书洋镇书洋路6号,35,06,27,顺序混乱
山城南靖漳州倒序错音,35,06,27,同音+顺序混乱
漳州市南靖县,35,06,27,截断
福建省漳州市平和县小溪镇东风路1号,35,06,28,完整
漳州平和山格镇山格路2号,35,06,28,省略省
平和县文峰镇文峰路3号,35,06,28,省略省市
平和南胜镇南胜路5号,35,06,28,省略省市
平和小溪东凤路错名,35,06,28,同音错误
渐江漳州平和坂仔镇坂仔路4号,35,06,28,编辑距离错误
平和县漳州市福建省霞寨镇霞寨路6号,35,06,28,顺序混乱
小溪平和漳州倒序错音,35,06,28,同音+顺序混乱
漳州市平和县,35,06,28,截断
福建省漳州市华安县华丰镇平湖路1号,35,06,29,完整
漳州华安丰山镇丰山大道2号,35,06,29,省略省
华安县新圩镇新圩路3号,35,06,29,省略省市
华安沙建镇沙建路5号,35,06,29,省略省市
华安华丰平胡路错名,35,06,29,同音错误
渐江漳州华安仙都镇仙都路4号,35,06,29,编辑距离错误
华安县漳州市福建省高安镇高安路6号,35,06,29,顺序混乱
华丰华安漳州倒序错音,35,06,29,同音+顺序混乱
漳州市华安县,35,06,29,截断
福建省泉州市鲤城区开元街道西街1号,35,05,02,完整
泉州鲤城鲤中街道中山中路2号,35,05,02,省略省
鲤城区海滨街道堤后路3号,35,05,02,省略省市
鲤城江南街道南环路5号,35,05,02,省略省市
鲤城开元西街错名,35,05,02,同音错误
渐江泉州鲤城浮桥街道浮桥街4号,35,05,02,编辑距离错误
鲤城区泉州市福建省常泰街道南安路6号,35,05,02,顺序混乱
开元鲤城泉州倒序错音,35,05,02,同音+顺序混乱
泉州市鲤城区,35,05,02,截断
福建省泉州市丰泽区丰泽街道津淮街1号,35,05,03,完整
泉州丰泽东湖街道温陵北路2号,35,05,03,省略省
丰泽区泉秀街道泉秀路3号,35,05,03,省略省市
丰泽华大街道城华北路5号,35,05,03,省略省市
丰泽丰泽津淮截错名,35,05,03,同音错误
渐江泉州丰泽城东街道安吉路4号,35,05,03,编辑距离错误
丰泽区泉州市福建省北峰街道北清东路6号,35,05,03,顺序混乱
丰泽丰泽泉州倒序错音,35,05,03,同音+顺序混乱
泉州市丰泽区,35,05,03,截断
福建省泉州市洛江区万安街道安吉路1号,35,05,04,完整
泉州洛江双阳街道双阳路2号,35,05,04,省略省
洛江区马甲镇马甲街3号,35,05,04,省略省市
洛江罗溪镇罗溪路5号,35,05,04,省略省市
洛江万安安吉截错名,35,05,04,同音错误
渐江泉州洛江河市镇河市路4号,35,05,04,编辑距离错误
洛江区泉州市福建省万安街道金庄街6号,35,05,04,顺序混乱
万安洛江泉州倒序错音,35,05,04,同音+顺序混乱
泉州市洛江区,35,05,04,截断
福建省泉州市泉港区山腰街道中兴街1号,35,05,05,完整
泉州泉港后龙镇后龙大道2号,35,05,05,省略省
泉港区峰尾镇峰尾路3号,35,05,05,省略省市
泉港南埔镇南埔路5号,35,05,05,省略省市
泉港山腰中xing街错名,35,05,05,同音错误
渐江泉州泉港界山镇界山道4号,35,05,05,编辑距离错误
泉港区泉州市福建省涂岭镇涂岭路6号,35,05,05,顺序混乱
山腰泉港泉州倒序错音,35,05,05,同音+顺序混乱
泉州市泉港区,35,05,05,截断
福建省泉州市惠安县螺城镇中山路1号,35,05,21,完整
泉州惠安崇武镇崇武大道2号,35,05,21,省略省
惠安县螺阳镇螺阳路3号,35,05,21,省略省市
惠安黄塘镇黄塘路5号,35,05,21,省略省市
惠安螺城中山截错名,35,05,21,同音错误
渐江泉州惠安东岭镇东岭路4号,35,05,21,编辑距离错误
惠安县泉州市福建省净峰镇净峰路6号,35,05,21,顺序混乱
螺城惠安泉州倒序错音,35,05,21,同音+顺序混乱
泉州市惠安县,35,05,21,截断
福建省泉州市安溪县城厢镇永安路1号,35,05,24,完整
泉州安溪凤城镇凤山路2号,35,05,24,省略省
安溪县湖头镇湖头路3号,35,05,24,省略省市
安溪官桥镇官桥路5号,35,05,24,省略省市
安溪城厢永安截错名,35,05,24,同音错误
渐江泉州安溪龙门镇龙门道4号,35,05,24,编辑距离错误
安溪县泉州市福建省魁斗镇魁斗路6号,35,05,24,顺序混乱
城厢安溪泉州倒序错音,35,05,24,同音+顺序混乱
泉州市安溪县,35,05,24,截断
福建省泉州市永春县桃城镇城东街1号,35,05,25,完整
泉州永春五里街镇五里街2号,35,05,25,省略省
永春县蓬壶镇蓬壶路3号,35,05,25,省略省市
永春石鼓镇石鼓路5号,35,05,25,省略省市
永春桃城城东截错名,35,05,25,同音错误
渐江泉州永春岵山镇岵山道4号,35,05,25,编辑距离错误
永春县泉州市福建省下洋镇下洋路6号,35,05,25,顺序混乱
桃城永春泉州倒序错音,35,05,25,同音+顺序混乱
泉州市永春县,35,05,25,截断
福建省泉州市德化县浔中镇浔北路1号,35,05,26,完整
泉州德化龙浔镇龙鹏街2号,35,05,26,省略省
德化县三班镇三班路3号,35,05,26,省略省市
德化雷峰镇雷峰路5号,35,05,26,省略省市
德化浔中浔北截错名,35,05,26,同音错误
渐江泉州德化盖德镇盖德道4号,35,05,26,编辑距离错误
德化县泉州市福建省上涌镇上涌路6号,35,05,26,顺序混乱
浔中德化泉州倒序错音,35,05,26,同音+顺序混乱
泉州市德化县,35,05,26,截断
福建省泉州市石狮市湖滨街道八七路1号,35,05,81,完整
泉州石狮凤里街道九二路2号,35,05,81,省略省
石狮市灵秀镇灵秀路3号,35,05,81,省略省市
石狮宝盖镇宝盖路5号,35,05,81,省略省市
石狮湖滨八七截错名,35,05,81,同音错误
渐江泉州石狮蚶江镇蚶江道4号,35,05,81,编辑距离错误
石狮市泉州市福建省祥芝镇祥芝路6号,35,05,81,顺序混乱
湖滨石狮泉州倒序错音,35,05,81,同音+顺序混乱
泉州市石狮市,35,05,81,截断
福建省泉州市晋江市青阳街道阳光路1号,35,05,82,完整
泉州晋江梅岭街道世纪大道2号,35,05,82,省略省
晋江市罗山街道罗山大道3号,35,05,82,省略省市
晋江陈埭镇陈埭路5号,35,05,82,省略省市
晋江青阳阳关路错名,35,05,82,同音错误
渐江泉州晋江池店镇池店道4号,35,05,82,编辑距离错误
晋江市泉州市福建省安海镇安海路6号,35,05,82,顺序混乱
青阳晋江泉州倒序错音,35,05,82,同音+顺序混乱
泉州市晋江市,35,05,82,截断
福建省泉州市南安市溪美街道成功街1号,35,05,83,完整
泉州南安柳城街道柳城路2号,35,05,83,省略省
南安市美林街道美林路3号,35,05,83,省略省市
南安水头镇水头大道5号,35,05,83,省略省市
南安溪美成功截错名,35,05,83,同音错误
渐江泉州南安官桥镇官桥道4号,35,05,83,编辑距离错误
南安市泉州市福建省诗山镇诗山路6号,35,05,83,顺序混乱
溪美南安泉州倒序错音,35,05,83,同音+顺序混乱
泉州市南安市,35,05,83,截断
福建省三明市三元区列东街道新市北路1号,35,04,04,完整
三明三元列西街道江滨路2号,35,04,04,省略省
三元区徐碧街道东新一路3号,35,04,04,省略省市
三元城关街道崇宁路5号,35,04,04,省略省市
三元列东新市北截错名,35,04,04,同音错误
渐江三明三元白沙街道白沙路4号,35,04,04,编辑距离错误
三元区三明市福建省岩前镇岩前线6号,35,04,04,顺序混乱
列东三元三明倒序错音,35,04,04,同音+顺序混乱
三明市三元区,35,04,04,截断
福建省三明市沙县区凤岗街道府前路1号,35,04,05,完整
三明沙县虬江街道虬江路2号,35,04,05,省略省
沙县区青州镇青州路3号,35,04,05,省略省市
沙县夏茂镇夏茂路5号,35,04,05,省略省市
沙县凤岗府前截错名,35,04,05,同音错误
渐江三明沙县高砂镇高砂道4号,35,04,05,编辑距离错误
沙县区三明市福建省凤岗街道金沙路6号,35,04,05,顺序混乱
凤岗沙县三明倒序错音,35,04,05,同音+顺序混乱
三明市沙县区,35,04,05,截断
福建省三明市明溪县城关乡新大路1号,35,04,21,完整
三明明溪瀚仙镇瀚仙路2号,35,04,21,省略省
明溪县胡坊镇胡坊路3号,35,04,21,省略省市
明溪盖洋镇盖洋路5号,35,04,21,省略省市
明溪城关新大截错名,35,04,21,同音错误
渐江三明明溪夏阳镇夏阳道4号,35,04,21,编辑距离错误
明溪县三明市福建省城关乡民主路6号,35,04,21,顺序混乱
城关明溪三明倒序错音,35,04,21,同音+顺序混乱
三明市明溪县,35,04,21,截断
福建省三明市清流县龙津镇水南街1号,35,04,23,完整
三明清流嵩口镇嵩口路2号,35,04,23,省略省
清流县灵地镇灵地路3号,35,04,23,省略省市
清流林畲镇林畲路5号,35,04,23,省略省市
清流龙津水南截错名,35,04,23,同音错误
渐江三明清流长校镇长校道4号,35,04,23,编辑距离错误
清流县三明市福建省龙津镇北大路6号,35,04,23,顺序混乱
龙津清流三明倒序错音,35,04,23,同音+顺序混乱
三明市清流县,35,04,23,截断
福建省三明市宁化县翠江镇北大街1号,35,04,24,完整
三明宁化湖村镇湖村路2号,35,04,24,省略省
宁化县石壁镇石壁路3号,35,04,24,省略省市
宁化安远镇安远路5号,35,04,24,省略省市
宁化翠江北大街错名,35,04,24,同音错误
渐江三明宁化曹坊镇曹坊道4号,35,04,24,编辑距离错误
宁化县三明市福建省翠江镇南大街6号,35,04,24,顺序混乱
翠江宁化三明倒序错音,35,04,24,同音+顺序混乱
三明市宁化县,35,04,24,截断
福建省三明市大田县均溪镇凤山中路1号,35,04,25,完整
三明大田石牌镇石牌路2号,35,04,25,省略省
大田县广平镇广平路3号,35,04,25,省略省市
大田建设镇建设路5号,35,04,25,省略省市
大田均溪凤山中路错名,35,04,25,同音错误
渐江三明大田太华镇太华道4号,35,04,25,编辑距离错误
大田县三明市福建省均溪镇建山路6号,35,04,25,顺序混乱
均溪大田三明倒序错音,35,04,25,同音+顺序混乱
三明市大田县,35,04,25,截断
福建省三明市尤溪县城关镇七五路1号,35,04,26,完整
三明尤溪西城镇西城路2号,35,04,26,省略省
尤溪县坂面镇坂面路3号,35,04,26,省略省市
尤溪新阳镇新阳路5号,35,04,26,省略省市
尤溪城关七五截错名,35,04,26,同音错误
渐江三明尤溪管前镇管前道4号,35,04,26,编辑距离错误
尤溪县城关镇三明市福建省梅仙镇梅仙路6号,35,04,26,顺序混乱
城关尤溪三明倒序错音,35,04,26,同音+顺序混乱
三明市尤溪县,35,04,26,截断
福建省三明市将乐县古镛镇府前路1号,35,04,28,完整
三明将乐水南镇水南街2号,35,04,28,省略省
将乐县万安镇万安路3号,35,04,28,省略省市
将乐高唐镇高唐路5号,35,04,28,省略省市
将乐古镛府前截错名,35,04,28,同音错误
渐江三明将乐白莲镇白莲道4号,35,04,28,编辑距离错误
将乐县三明市福建省古镛镇北环路6号,35,04,28,顺序混乱
古镛将乐三明倒序错音,35,04,28,同音+顺序混乱
三明市将乐县,35,04,28,截断
福建省三明市泰宁县杉城镇和平中街1号,35,04,29,完整
三明泰宁朱口镇朱口路2号,35,04,29,省略省
泰宁县下渠镇下渠路3号,35,04,29,省略省市
泰宁大龙乡大龙路5号,35,04,29,省略省市
泰宁杉城和平中截错名,35,04,29,同音错误
渐江三明泰宁上青乡上青道4号,35,04,29,编辑距离错误
泰宁县三明市福建省杉城镇状元街6号,35,04,29,顺序混乱
杉城泰宁三明倒序错音,35,04,,
青海省西宁市城东区东关大街街道慈幼巷15号,63,01,02,完整
西宁市城东区清真巷街道富强巷社区,63,01,02,截断
城东区东关大街街道周家泉社区,63,01,02,省略省市
青海城东东关大街街道,63,01,02,省略市+简称
西宁市城东区大什字社区,63,01,02,省略省
城东东关大街慈幼巷15号,63,01,02,省略省市
青海省西宁市城中区礼让街街道长江路5号,63,01,03,完整
西宁市城中区仓门街街道仓门街社区,63,01,03,截断
城中区南滩街道农建巷社区,63,01,03,省略省市
青海城中礼让街街道,63,01,03,省略市+简称
西宁市城中区人民街街道,63,01,03,省略省
中区礼让街长江路5号,63,01,03,同音错误
青海省西宁市城西区西关大街街道五四大街58号,63,01,04,完整
西宁市城西区古城台街道学院巷社区,63,01,04,截断
城西区虎台街道海晏路社区,63,01,04,省略省市
青海城西虎台街道,63,01,04,省略市+简称
西宁市城西区胜利路街道,63,01,04,省略省
城西古城台学苑巷社区,63,01,04,编辑距离错误
青海省西宁市城北区小桥大街街道小桥大街20号,63,01,05,完整
西宁市城北区朝阳街道朝阳社区,63,01,05,截断
城北区廿里铺镇生物园区社区,63,01,05,省略省市
青海城北小桥大街街道,63,01,05,省略市+简称
西宁市城北区马坊街道,63,01,05,省略省
城北朝杨街道小桥大街20号,63,01,05,同音错误
青海省西宁市湟中区鲁沙尔镇和平路1号,63,01,22,完整
西宁市湟中区多巴镇小寨村,63,01,22,截断
湟中区甘河滩镇甘河滩社区,63,01,22,省略省市
青海湟中鲁沙尔镇,63,01,22,省略市+简称
西宁市湟中区上新庄镇,63,01,22,省略省
湟中鲁沙儿镇和平路1号,63,01,22,同音错误
青海省西宁市大通回族土族自治县桥头镇人民路8号,63,01,21,完整
西宁市大通县极乐乡极乐村,63,01,21,截断
大通回族土族自治县青林乡青山村,63,01,21,省略省市
青海大通桥头镇,63,01,21,省略市+简称
西宁市大通县多林镇,63,01,21,省略省
大通回土族自治县桥投镇人民路8号,63,01,21,编辑距离错误
青海省西宁市湟源县城关镇建设西路3号,63,01,23,完整
西宁市湟源县日月藏族乡兔儿干村,63,01,23,截断
湟源县城关镇万安街社区,63,01,23,省略省市
青海湟源城关镇,63,01,23,省略市+简称
西宁市湟源县大华镇,63,01,23,省略省
湟原县城关建设西路3号,63,01,23,编辑距离错误
青海省海东市乐都区碾伯街道西关大街2号,63,02,02,完整
海东市乐都区雨润镇雨润村,63,02,02,截断
乐都区高店镇大峡村,63,02,02,省略省市
青海乐都碾伯街道,63,02,02,省略市+简称
海东市乐都区寿乐镇,63,02,02,省略省
乐都区碾伯西关大街2号,63,02,02,顺序混乱
青海省海东市平安区平安镇平安路社区,63,02,03,完整
海东市平安区三合镇三合村,63,02,03,截断
平安区古城回族乡古城村,63,02,03,省略省市
青海平安平安镇,63,02,03,省略市+简称
海东市平安区小峡镇,63,02,03,省略省
平案区平安镇平安路社区,63,02,03,编辑距离错误
青海省海东市民和回族土族自治县川口镇川垣大街6号,63,02,22,完整
海东市民和县古鄯镇古鄯村,63,02,22,截断
民和回族土族自治县马营镇马营村,63,02,22,省略省市
青海民和川口镇,63,02,22,省略市+简称
海东市民和县总堡乡,63,02,22,省略省
民合回土县川口川垣大街6号,63,02,22,同音错误
青海省海东市互助土族自治县威远镇北街1号,63,02,23,完整
海东市互助县塘川镇塘川村,63,02,23,截断
互助土族自治县东沟乡东沟村,63,02,23,省略省市
青海互助威远镇,63,02,23,省略市+简称
海东市互助县五峰镇,63,02,23,省略省
互住土族自治县威远北街1号,63,02,23,同音错误
青海省海东市化隆回族自治县巴燕镇西大街4号,63,02,24,完整
海东市化隆县群科镇群科村,63,02,24,截断
化隆回族自治县扎巴镇扎巴村,63,02,24,省略省市
青海化隆巴燕镇,63,02,24,省略市+简称
海东市化隆县甘都镇,63,02,24,省略省
化窿回族自治县巴燕西大街4号,63,02,24,编辑距离错误
青海省海东市循化撒拉族自治县积石镇黄河路7号,63,02,25,完整
海东市循化县街子镇街子村,63,02,25,截断
循化撒拉族自治县查汗都斯乡查汗都斯村,63,02,25,省略省市
青海循化积石镇,63,02,25,省略市+简称
海东市循化县白庄镇,63,02,25,省略省
循化撒拉族自治积石黄河路7号,63,02,25,同音错误
青海省海北藏族自治州门源回族自治县浩门镇北大街9号,63,22,21,完整
海北州门源县青石嘴镇青石嘴村,63,22,21,截断
门源回族自治县仙米乡仙米村,63,22,21,省略省市
青海门源浩门镇,63,22,21,省略市+简称
海北州门源县皇城蒙古族乡,63,22,21,省略省
门原回族自治县浩门北大街9号,63,22,21,编辑距离错误
青海省海北藏族自治州祁连县八宝镇八宝路12号,63,22,22,完整
海北州祁连县阿柔乡阿柔村,63,22,22,截断
祁连县默勒镇默勒村,63,22,22,省略省市
青海祁连八宝镇,63,22,22,省略市+简称
海北州祁连县峨堡镇,63,22,22,省略省
祈连县八宝八宝路12号,63,22,22,同音错误
青海省海北藏族自治州海晏县三角城镇西海大街3号,63,22,23,完整
海北州海晏县西海镇西海社区,63,22,23,截断
海晏县金滩乡金滩村,63,22,23,省略省市
青海海晏三角城镇,63,22,23,省略市+简称
海北州海晏县甘子河乡,63,22,23,省略省
海宴县三角城西海大街3号,63,22,23,同音错误
青海省海北藏族自治州刚察县沙柳河镇热水路5号,63,22,24,完整
海北州刚察县哈尔盖镇哈尔盖村,63,22,24,截断
刚察县伊克乌兰乡伊克乌兰村,63,22,24,省略省市
青海刚察沙柳河镇,63,22,24,省略市+简称
海北州刚察县泉吉乡,63,22,24,省略省
钢察县沙柳河热水路5号,63,22,24,编辑距离错误
青海省黄南藏族自治州同仁市隆务镇隆务街8号,63,23,01,完整
黄南州同仁市兰采乡兰采村,63,23,01,截断
同仁市年都乎乡年都乎村,63,23,01,省略省市
青海同仁隆务镇,63,23,01,省略市+简称
黄南州同仁市保安镇,63,23,01,省略省
同人市隆务隆务街8号,63,23,01,同音错误
青海省黄南藏族自治州尖扎县马克唐镇商业街10号,63,23,22,完整
黄南州尖扎县坎布拉镇坎布拉村,63,23,22,截断
尖扎县贾加乡贾加村,63,23,22,省略省市
青海尖扎马克唐镇,63,23,22,省略市+简称
黄南州尖扎县昂拉乡,63,23,22,省略省
间扎县马克唐商业街10号,63,23,22,编辑距离错误
青海省黄南藏族自治州泽库县泽曲镇幸福路2号,63,23,23,完整
黄南州泽库县麦秀镇麦秀村,63,23,23,截断
泽库县多禾茂乡多禾茂村,63,23,23,省略省市
青海泽库泽曲镇,63,23,23,省略市+简称
黄南州泽库县和日镇,63,23,23,省略省
泽库泽曲福星路2号,63,23,23,同音错误
青海省黄南藏族自治州河南蒙古族自治县优干宁镇南大街4号,63,23,24,完整
黄南州河南县赛尔龙乡赛尔龙村,63,23,24,截断
河南蒙古族自治县柯生乡柯生村,63,23,24,省略省市
青海河南优干宁镇,63,23,24,省略市+简称
黄南州河南县宁木特镇,63,23,24,省略省
河亩蒙古族自治县优干宁南大街4号,63,23,24,编辑距离错误
青海省海南藏族自治州共和县恰卜恰镇青海湖路6号,63,25,21,完整
海南州共和县黑马河镇黑马河村,63,25,21,截断
共和县龙羊峡镇龙羊新村,63,25,21,省略省市
青海共和恰卜恰镇,63,25,21,省略市+简称
海南州共和县塘格木镇,63,25,21,省略省
共合县恰卜恰青海湖路6号,63,25,21,同音错误
青海省海南藏族自治州同德县尕巴松多镇东大街3号,63,25,22,完整
海南州同德县巴沟乡巴沟村,63,25,22,截断
同德县唐谷镇唐谷村,63,25,22,省略省市
青海同德尕巴松多镇,63,25,22,省略市+简称
海南州同德县秀麻乡,63,25,22,省略省
同得县尕巴松多东大街3号,63,25,22,编辑距离错误
青海省海南藏族自治州贵德县河阴镇迎宾西路9号,63,25,23,完整
海南州贵德县拉西瓦镇拉西瓦村,63,25,23,截断
贵德县常牧镇常牧村,63,25,23,省略省市
青海贵德河阴镇,63,25,23,省略市+简称
海南州贵德县新街回族乡,63,25,23,省略省
贵得县河阴迎宾西路9号,63,25,23,编辑距离错误
青海省海南藏族自治州兴海县子科滩镇建设路5号,63,25,24,完整
海南州兴海县龙藏乡龙藏村,63,25,24,截断
兴海县温泉乡温泉村,63,25,24,省略省市
青海兴海子科滩镇,63,25,24,省略市+简称
海南州兴海县曲什安镇,63,25,24,省略省
兴侮县子科滩建设路5号,63,25,24,编辑距离错误
青海省海南藏族自治州贵南县茫曲镇解放路7号,63,25,25,完整
海南州贵南县过马营镇过马营村,63,25,25,截断
贵南县森多镇森多村,63,25,25,省略省市
青海贵南茫曲镇,63,25,25,省略市+简称
海南州贵南县沙沟乡,63,25,25,省略省
贵南茫曲解入路7号,63,25,25,编辑距离错误
青海省果洛藏族自治州玛沁县大武镇团结路11号,63,26,21,完整
果洛州玛沁县优云乡优云村,63,26,21,截断
玛沁县雪山乡雪山新村,63,26,21,省略省市
青海玛沁大武镇,63,26,21,省略市+简称
果洛州玛沁县下大武乡,63,26,21,省略省
玛晴县大武团结路11号,63,26,21,同音错误
青海省果洛藏族自治州班玛县赛来塘镇人民路2号,63,26,22,完整
果洛州班玛县灯塔乡灯塔村,63,26,22,截断
班玛县亚尔堂乡亚尔堂村,63,26,22,省略省市
青海班玛赛来塘镇,63,26,22,省略市+简称
果洛州班玛县江日堂乡,63,26,22,省略省
斑玛县赛来塘人民路2号,63,26,22,编辑距离错误
青海省果洛藏族自治州甘德县柯曲镇胜利路4号,63,26,23,完整
果洛州甘德县岗龙乡岗龙村,63,26,23,截断
甘德县下贡麻乡下贡麻村,63,26,23,省略省市
青海甘德柯曲镇,63,26,23,省略市+简称
果洛州甘德县青珍乡,63,26,23,省略省
甘得县柯曲胜利路4号,63,26,23,同音错误
青海省果洛藏族自治州达日县吉迈镇建设路6号,63,26,24,完整
果洛州达日县窝赛乡窝赛村,63,26,24,截断
达日县满掌乡满掌村,63,26,24,省略省市
青海达日吉迈镇,63,26,24,省略市+简称
果洛州达日县德昂乡,63,26,24,省略省
达曰县吉迈建设路6号,63,26,24,编辑距离错误
青海省果洛藏族自治州久治县智清松多镇长江路8号,63,26,25,完整
果洛州久治县白玉乡白玉村,63,26,25,截断
久治县索乎日麻乡索乎日麻村,63,26,25,省略省市
青海久治智清松多镇,63,26,25,省略市+简称
果洛州久治县哇尔依乡,63,26,25,省略省
久致县智清松多长江路8号,63,26,25,同音错误
青海省果洛藏族自治州玛多县玛查里镇西大街3号,63,26,26,完整
果洛州玛多县花石峡镇花石峡村,63,26,26,截断
玛多县黄河乡黄河新村,63,26,26,省略省市
青海玛多玛查里镇,63,26,26,省略市+简称
果洛州玛多县扎陵湖乡,63,26,26,省略省
玛朵县玛查里西大街3号,63,26,26,同音错误
青海省玉树藏族自治州玉树市结古街道民主路13号,63,27,01,完整
玉树州玉树市结古街道日吾格社区,63,27,01,截断
玉树市仲达乡仲达村,63,27,01,省略省市
青海玉树结古街道,63,27,01,省略市+简称
玉树州玉树市隆宝镇,63,27,01,省略省
玉数市结古民主路13号,63,27,01,同音错误
青海省玉树藏族自治州杂多县萨呼腾镇虫草路5号,63,27,22,完整
玉树州杂多县莫云乡莫云村,63,27,22,截断
杂多县扎青乡扎青村,63,27,22,省略省市
青海杂多萨呼腾镇,63,27,22,省略市+简称
玉树州杂多县阿多乡,63,27,22,省略省
杂多萨呼滕虫草路5号,63,27,22,同音错误
青海省玉树藏族自治州称多县称文镇幸福路7号,63,27,23,完整
玉树州称多县清水河镇清水河村,63,27,23,截断
称多县珍秦镇珍秦村,63,27,23,省略省市
青海称多称文镇,63,27,23,省略市+简称
玉树州称多县拉布乡,63,27,23,省略省
称多称问镇幸福路7号,63,27,23,编辑距离错误
青海省玉树藏族自治州治多县加吉博洛镇立新路9号,63,27,24,完整
玉树州治多县多彩乡多彩村,63,27,24,截断
治多县索加乡索加村,63,27,24,省略省市
青海治多加吉博洛镇,63,27,24,省略市+简称
玉树州治多县立新乡,63,27,24,省略省
治多加吉博洛立新路9号,63,27,24,同音错误
青海省玉树藏族自治州囊谦县香达镇香达东街4号,63,27,25,完整
玉树州囊谦县着晓乡着晓村,63,27,25,截断
囊谦县东坝乡东坝村,63,27,25,省略省市
青海囊谦香达镇,63,27,25,省略市+简称
玉树州囊谦县白扎乡,63,27,25,省略省
囊兼县香达香达东街4号,63,27,25,同音错误
青海省玉树藏族自治州曲麻莱县约改镇长江路6号,63,27,26,完整
玉树州曲麻莱县叶格乡叶格村,63,27,26,截断
曲麻莱县巴干乡巴干村,63,27,26,省略省市
青海曲麻莱约改镇,63,27,26,省略市+简称
玉树州曲麻莱县秋智乡,63,27,26,省略省
曲麻来县约改长江路6号,63,27,26,同音错误
青海省海西蒙古族藏族自治州格尔木市昆仑路街道昆仑南路18号,63,28,01,完整
海西州格尔木市金峰路街道金峰社区,63,28,01,截断
格尔木市郭勒木德镇红柳村,63,28,01,省略省市
青海格尔木昆仑路街道,63,28,01,省略市+简称
海西州格尔木市唐古拉山镇,63,28,01,省略省
格尔木昆仓路街道昆仑南路18号,63,28,01,编辑距离错误
青海省海西蒙古族藏族自治州德令哈市河西街道柴达木路22号,63,28,02,完整
海西州德令哈市河东街道长江路社区,63,28,02,截断
德令哈市尕海镇尕海村,63,28,02,省略省市
青海德令哈河西街道,63,28,02,省略市+简称
海西州德令哈市柯鲁柯镇,63,28,02,省略省
德令哈河夕街道柴达木路22号,63,28,02,同音错误
青海省海西蒙古族藏族自治州茫崖市花土沟镇创业路3号,63,28,03,完整
海西州茫崖市冷湖镇冷湖社区,63,28,03,截断
茫崖市茫崖镇茫崖村,63,28,03,省略省市
青海茫崖花土沟镇,63,28,03,省略市+简称
海西州茫崖市油砂山街道,63,28,03,省略省
芒崖市花土沟创业路3号,63,28,03,同音错误
青海省海西蒙古族藏族自治州乌兰县希里沟镇西大街5号,63,28,21,完整
海西州乌兰县柯柯镇柯柯村,63,28,21,截断
乌兰县铜普镇铜普村,63,28,21,省略省市
青海乌兰希里沟镇,63,28,21,省略市+简称
海西州乌兰县茶卡镇,63,28,21,省略省
乌蓝县希里沟西大街5号,63,28,21,同音错误
青海省海西蒙古族藏族自治州都兰县察汗乌苏镇和平路7号,63,28,22,完整
海西州都兰县香日德镇香日德村,63,28,22,截断
都兰县巴隆乡巴隆村,63,28,22,省略省市
青海都兰察汗乌苏镇,63,28,22,省略市+简称
海西州都兰县宗加镇,63,28,22,省略省
都拦县察汗乌苏和平路7号,63,28,22,编辑距离错误
青海省海西蒙古族藏族自治州天峻县新源镇新源路9号,63,28,23,完整
海西州天峻县江河镇江河村,63,28,23,截断
天峻县舟群乡舟群村,63,28,23,省略省市
青海天峻新源镇,63,28,23,省略市+简称
海西州天峻县木里镇,63,28,23,省略省
天俊县新源新源路9号,63,28,23,同音错误
青海省海西蒙古族藏族自治州大柴旦行政委员会柴旦镇人民路2号,63,28,57,完整
海西州大柴旦行委锡铁山镇锡铁山社区,63,28,57,截断
大柴旦行政委员会柴旦镇柴旦村,63,28,57,省略省市
青海大柴旦柴旦镇,63,28,57,省略市+简称
海西州大柴旦行委鱼卡乡,63,28,57,省略省
大柴且行委柴旦人民路2号,63,28,57,编辑距离错误
城东东关大街慈幼巷15号 青海省西宁市,63,01,02,顺序混乱
中区礼让街长江路5号 西宁市 青海省,63,01,03,顺序混乱
城西虎台海晏路社区 青海 西宁,63,01,04,顺序混乱
城北小桥大街20号 西宁 青海,63,01,05,顺序混乱
湟中鲁沙尔和平路1号 青海 西宁,63,01,22,顺序混乱
大通桥投人民路8号 西宁 青海 回土,63,01,21,同音+顺序混乱
湟源城关建设西路3号 青海省 西宁,63,01,23,顺序混乱
乐都碾伯西关大街2号 海东 青海,63,02,02,顺序混乱
平安平安路社区 青海 海东,63,02,03,顺序混乱
民和川口川垣大街6号 海东 青海 回土,63,02,22,同音+顺序混乱
互助威远北街1号 青海 海东 土族,63,02,23,同音+顺序混乱
化隆巴燕西大街4号 海东 青海,63,02,24,编辑距离错误
循化积石黄河路7号 青海 海东 撒拉,63,02,25,同音+顺序混乱
门源浩门北大街9号 海北 青海 回,63,22,21,编辑距离错误
祁连八宝八宝路12号 青海 海北,63,22,22,同音+顺序混乱
海晏三角城西海大街3号 海北 青海,63,22,23,同音+顺序混乱
刚察沙柳河热水路5号 青海 海北,63,22,24,编辑距离错误
同仁隆务隆务街8号 黄南 青海,63,23,01,同音+顺序混乱
尖扎马克唐商业街10号 青海 黄南,63,23,22,编辑距离错误
泽库泽曲幸福路2号 黄南 青海,63,23,23,同音+顺序混乱
河南优干宁南大街4号 青海 黄南 蒙古,63,23,24,编辑距离错误
共和恰卜恰青海湖路6号 海南 青海,63,25,21,同音+顺序混乱
同德尕巴松多东大街3号 青海 海南,63,25,22,编辑距离错误
贵德河阴迎宾西路9号 海南 青海,63,25,23,同音+顺序混乱
兴海子科滩建设路5号 青海 海南,63,25,24,编辑距离错误
贵南茫曲解放路7号 海南 青海,63,25,25,同音+顺序混乱
玛沁大武团结路11号 果洛 青海,63,26,21,同音+顺序混乱
班玛赛来塘人民路2号 青海 果洛,63,26,22,编辑距离错误
甘德柯曲胜利路4号 果洛 青海,63,26,23,同音+顺序混乱
达日吉迈建设路6号 青海 果洛,63,26,24,编辑距离错误
久治智清松多长江路8号 果洛 青海,63,26,25,同音+顺序混乱
玛多玛查里西大街3号 青海 果洛,63,26,26,编辑距离错误
玉树结古民主路13号 玉树州 青海,63,27,01,同音+顺序混乱
杂多萨呼腾虫草路5号 青海 玉树,63,27,22,同音+顺序混乱
称多称文幸福路7号 玉树 青海,63,27,23,编辑距离错误
治多加吉博洛立新路9号 青海 玉树,63,27,24,同音+顺序混乱
囊谦香达香达东街4号 玉树 青海,63,27,25,同音+顺序混乱
曲麻莱约改长江路6号 青海 玉树,63,27,26,同音+顺序混乱
格尔木昆仑路昆仑南路18号 海西 青海,63,28,01,编辑距离错误
德令哈柴达木路22号 河西街道 海西 青海,63,28,02,顺序混乱
茫崖花土沟创业路3号 海西 青海,63,28,03,同音+顺序混乱
乌兰希里沟西大街5号 海西 青海,63,28,21,同音+顺序混乱
都兰察汗乌苏和平路7号 海西 青海,63,28,22,编辑距离错误
天峻新源新源路9号 海西 青海,63,28,23,同音+顺序混乱
大柴旦柴旦人民路2号 海西 青海 行委,63,28,57,编辑距离错误
"和平路18号 朝阳社区 第一小区",,,,,歧义
"建设西路3号 新城街道 无省市",,,,,歧义
"城关镇人民路10号 无省无市",,,,,歧义
"南大街4号 解放社区 同名区未知",,,,,歧义
贵州省贵阳市南明区五里冲街道花果园大街1号,52,01,02,完整
贵阳南明区河滨街道市南路18号,52,01,02,省略省
南明区新华路街道新华路5号,52,01,02,省略省市
南明河滨街道,52,01,02,截断
贵州南明新华路,52,01,02,省略市+简称
南明区午里冲街道花果园,52,01,02,同音错误
贵州省贵阳市云岩区文昌阁街道中华北路2号,52,01,03,完整
贵阳云岩区毓秀路街道毓秀路9号,52,01,03,省略省
云岩区盐务街街道盐务街12号,52,01,03,省略省市
云岩头桥街道,52,01,03,截断
贵州云岩毓秀路,52,01,03,省略市+简称
云岩区文昌阁街道中华北路,52,01,03,编辑距离错误
贵州省贵阳市花溪区贵筑街道甲秀南路3号,52,01,11,完整
贵阳花溪区阳光街道霞晖路8号,52,01,11,省略省
花溪区清溪街道清溪路21号,52,01,11,省略省市
花溪青岩镇,52,01,11,截断
贵州花溪阳光路,52,01,11,省略市+简称
花溪区贵筑街道甲秀南路,52,01,11,同音错误
贵州省贵阳市乌当区龙广路街道新添大道北段4号,52,01,12,完整
贵阳乌当区新创路街道新创路6号,52,01,12,省略省
乌当区高新路街道高新路15号,52,01,12,省略省市
乌当东风镇,52,01,12,截断
贵州乌当新创路,52,01,12,省略市+简称
乌当区龙广路街道新添大道,52,01,12,编辑距离错误
贵州省贵阳市白云区龚家寨街道铝兴路5号,52,01,13,完整
贵阳白云区大山洞街道同心路7号,52,01,13,省略省
白云区泉湖街道泉湖路10号,52,01,13,省略省市
白云艳山红镇,52,01,13,截断
贵州白云泉湖路,52,01,13,省略市+简称
白云区龚家寨街道铝兴路,52,01,13,同音错误
贵州省贵阳市观山湖区观山街道金朱东路6号,52,01,15,完整
贵阳观山湖金阳街道诚信南路9号,52,01,15,省略省
观山湖区世纪城街道财富街12号,52,01,15,省略省市
观山湖宾阳街道,52,01,15,截断
贵州观山金阳路,52,01,15,省略市+简称
观山湖区观山街道金珠东路,52,01,15,同音错误
贵州省贵阳市开阳县云开街道开州大道7号,52,01,21,完整
贵阳开阳硒城街道环城路9号,52,01,21,省略省
开阳县紫兴街道紫兴路13号,52,01,21,省略省市
开阳双流镇,52,01,21,截断
贵州开阳硒城路,52,01,21,省略市+简称
开阳县云开街道开洲大道,52,01,21,编辑距离错误
贵州省贵阳市息烽县永阳街道文化西路8号,52,01,22,完整
贵阳息烽小寨坝镇振兴路10号,52,01,22,省略省
息烽县温泉镇温泉路14号,52,01,22,省略省市
息烽九庄镇,52,01,22,截断
贵州息烽永阳路,52,01,22,省略市+简称
息烽县永阳街道文化西路,52,01,22,同音错误
贵州省贵阳市修文县龙场街道翠屏路9号,52,01,23,完整
贵阳修文阳明洞街道阳明大道11号,52,01,23,省略省
修文县扎佐街道扎佐路16号,52,01,23,省略省市
修文久长街道,52,01,23,截断
贵州修文龙场路,52,01,23,省略市+简称
修文县龙场街道翠平路,52,01,23,编辑距离错误
贵州省贵阳市清镇市青龙山街道云岭中路10号,52,01,81,完整
贵阳清镇巢凤街道金清路12号,52,01,81,省略省
清镇市滨湖街道滨湖路18号,52,01,81,省略省市
清镇站街镇,52,01,81,截断
贵州清镇青龙路,52,01,81,省略市+简称
清镇市青龙山街道云领中路,52,01,81,同音错误
贵州省六盘水市钟山区黄土坡街道人民中路11号,52,02,01,完整
六盘水钟山荷城街道建设路13号,52,02,01,省略省
钟山区凤凰街道凤凰路16号,52,02,01,省略省市
钟山月照街道,52,02,01,截断
贵州钟山荷城路,52,02,01,省略市+简称
钟山区黄土坡街道人民中街,52,02,01,同音错误
贵州省六盘水市六枝特区九龙街道人民路12号,52,02,03,完整
六盘水六枝银壶街道那平路14号,52,02,03,省略省
六枝特区塔山街道塔山路17号,52,02,03,省略省市
六枝郎岱镇,52,02,03,截断
贵州六枝九龙路,52,02,03,省略市+简称
六枝特区九隆街道人民路,52,02,03,同音错误
贵州省六盘水市水城区双水街道双水大道13号,52,02,04,完整
六盘水水城董地街道董地路15号,52,02,04,省略省
水城区老鹰山街道老鹰山路18号,52,02,04,省略省市
水城发耳镇,52,02,04,截断
贵州水城双水路,52,02,04,省略市+简称
水城区双水街道双水大导,52,02,04,编辑距离错误
贵州省六盘水市盘州市亦资街道胜境大道14号,52,02,81,完整
六盘水盘州红果街道红果路16号,52,02,81,省略省
盘州市翰林街道翰林路19号,52,02,81,省略省市
盘州两河街道,52,02,81,截断
贵州盘州亦资路,52,02,81,省略市+简称
盘州市亦资街道胜镜大道,52,02,81,同音错误
贵州省遵义市红花岗区老城街道子尹路15号,52,03,02,完整
遵义红花岗中华路街道中华路17号,52,03,02,省略省
红花岗区舟水桥街道舟水桥路20号,52,03,02,省略省市
红花岗南关街道,52,03,02,截断
贵州红花岗子尹路,52,03,02,省略市+简称
红花岗区老城街道子因路,52,03,02,同音错误
贵州省遵义市汇川区上海路街道上海路16号,52,03,03,完整
遵义汇川洗马路街道洗马路18号,52,03,03,省略省
汇川区高桥街道高桥路21号,52,03,03,省略省市
汇川董公寺街道,52,03,03,截断
贵州汇川上海路,52,03,03,省略市+简称
汇川区会川路街道上海路,52,03,03,同音+顺序混乱
贵州省遵义市播州区南白街道西大街17号,52,03,04,完整
遵义播州龙坑街道龙坑路19号,52,03,04,省略省
播州区影山湖街道影山湖路22号,52,03,04,省略省市
播州鸭溪镇,52,03,04,截断
贵州播州南白路,52,03,04,省略市+简称
播州区布白街道西大街,52,03,04,编辑距离错误
贵州省遵义市桐梓县海校街道武胜路18号,52,03,22,完整
遵义桐梓娄山关街道娄山关路20号,52,03,22,省略省
桐梓县楚米镇楚米路23号,52,03,22,省略省市
桐梓新站镇,52,03,22,截断
贵州桐梓海校路,52,03,22,省略市+简称
桐梓县海饺街道武胜路,52,03,22,同音错误
贵州省遵义市绥阳县洋川街道洋川中路19号,52,03,23,完整
遵义绥阳郑场镇郑场路21号,52,03,23,省略省
绥阳县蒲场镇蒲场路24号,52,03,23,省略省市
绥阳风华镇,52,03,23,截断
贵州绥阳洋川路,52,03,23,省略市+简称
绥阳县洋川街道洋州中路,52,03,23,编辑距离错误
贵州省遵义市正安县凤仪街道文化路20号,52,03,25,完整
遵义正安瑞濠街道瑞濠路22号,52,03,25,省略省
正安县安场镇安场路25号,52,03,25,省略省市
正安土坪镇,52,03,25,截断
贵州正安凤仪路,52,03,25,省略市+简称
正安县凤仪街道文华路,52,03,25,同音错误
贵州省遵义市道真仡佬族苗族自治县尹珍街道尹珍路21号,52,03,26,完整
遵义道真玉溪镇玉溪路23号,52,03,26,省略省
道真县洛龙镇洛龙路26号,52,03,26,省略省市
道真旧城镇,52,03,26,截断
贵州道真尹珍路,52,03,26,省略市+简称
道真仡佬族苗族自治县印珍街道尹珍路,52,03,26,同音错误
贵州省遵义市务川仡佬族苗族自治县丹砂街道丹砂路22号,52,03,27,完整
遵义务川都濡街道都濡路24号,52,03,27,省略省
务川县大坪街道大坪路27号,52,03,27,省略省市
务川丰乐镇,52,03,27,截断
贵州务川丹砂路,52,03,27,省略市+简称
务川仡佬族苗族自治县丹沙街道丹砂路,52,03,27,同音错误
贵州省遵义市凤冈县龙泉街道龙凤大道23号,52,03,28,完整
遵义凤冈何坝街道何坝路25号,52,03,28,省略省
凤冈县花坪街道花坪路28号,52,03,28,省略省市
凤冈进化镇,52,03,28,截断
贵州凤冈龙泉路,52,03,28,省略市+简称
凤冈县龙泉街道龙风大道,52,03,28,同音错误
贵州省遵义市湄潭县湄江街道茶城大道24号,52,03,29,完整
遵义湄潭黄家坝街道黄家坝路26号,52,03,29,省略省
湄潭县永兴镇永兴路29号,52,03,29,省略省市
湄潭复兴镇,52,03,29,截断
贵州湄潭茶城路,52,03,29,省略市+简称
湄潭县梅江街道茶城大道,52,03,29,同音错误
贵州省遵义市余庆县子营街道子营路25号,52,03,30,完整
遵义余庆白泥镇白泥路27号,52,03,30,省略省
余庆县龙溪镇龙溪路30号,52,03,30,省略省市
余庆构皮滩镇,52,03,30,截断
贵州余庆子营路,52,03,30,省略市+简称
余庆县子营街道子云路,52,03,30,同音错误
贵州省遵义市习水县东皇街道红一路26号,52,03,30,完整
遵义习水九龙街道九龙路28号,52,03,30,省略省
习水县土城镇土城路31号,52,03,30,省略省市
习水温水镇,52,03,30,截断
贵州习水东皇路,52,03,30,省略市+简称
习水县东黄街道红一路,52,03,30,同音错误
贵州省遵义市赤水市市中街道人民街27号,52,03,81,完整
遵义赤水文华街道文华路29号,52,03,81,省略省
赤水市天台镇天台路32号,52,03,81,省略省市
赤水大同镇,52,03,81,截断
贵州赤水人民街,52,03,81,省略市+简称
赤水市市中街道人民接,52,03,81,编辑距离错误
贵州省遵义市仁怀市盐津街道国酒大道28号,52,03,82,完整
遵义仁怀中枢街道中枢路30号,52,03,82,省略省
仁怀市苍龙街道苍龙路33号,52,03,82,省略省市
仁怀茅台镇,52,03,82,截断
贵州仁怀国酒路,52,03,82,省略市+简称
仁怀市盐津街道国久大道,52,03,82,同音错误
贵州省安顺市西秀区南街街道南水路29号,52,04,02,完整
安顺西秀东街街道东街路31号,52,04,02,省略省
西秀区东关街道东关路34号,52,04,02,省略省市
西秀华西街道,52,04,02,截断
贵州西秀南水路,52,04,02,省略市+简称
西秀区南杰街道南水路,52,04,02,同音错误
贵州省安顺市平坝区鼓楼街道中山路30号,52,04,03,完整
安顺平坝安平街道安平路32号,52,04,03,省略省
平坝区夏云镇夏云路35号,52,04,03,省略省市
平坝天龙镇,52,04,03,截断
贵州平坝中山路,52,04,03,省略市+简称
平坝区鼓偻街道中山路,52,04,03,编辑距离错误
贵州省安顺市普定县定南街道文明路31号,52,04,22,完整
安顺普定玉秀街道玉秀路33号,52,04,22,省略省
普定县马官镇马官路36号,52,04,22,省略省市
普定黄桶街道,52,04,22,截断
贵州普定文明路,52,04,22,省略市+简称
普定县定南街道文名路,52,04,22,同音错误
贵州省安顺市镇宁布依族苗族自治县白马湖街道南北大街32号,52,04,23,完整
安顺镇宁环翠街道环翠路34号,52,04,23,省略省
镇宁布依族苗族自治县丁旗街道丁旗路37号,52,04,23,省略省市
镇宁黄果树镇,52,04,23,截断
贵州镇宁南北大街,52,04,23,省略市+简称
镇宁布依族苗族自治县白马胡街道南北大街,52,04,23,同音错误
贵州省安顺市关岭布依族苗族自治县关索街道关索大道33号,52,04,24,完整
安顺关岭顶云街道顶云路35号,52,04,24,省略省
关岭布依族苗族自治县龙潭街道龙潭路38号,52,04,24,省略省市
关岭花江镇,52,04,24,截断
贵州关岭关索路,52,04,24,省略市+简称
关岭布依族苗族自治县关索街道关锁大道,52,04,24,同音错误
贵州省安顺市紫云苗族布依族自治县松山街道松山大道34号,52,04,25,完整
安顺紫云五峰街道五峰路36号,52,04,25,省略省
紫云苗族布依族自治县云岭街道云岭路39号,52,04,25,省略省市
紫云格凸河镇,52,04,25,截断
贵州紫云松山路,52,04,25,省略市+简称
紫云苗族布依族自治县松山街道松山大道,52,04,25,编辑距离错误
贵州省毕节市七星关区市西街道桂花路35号,52,05,02,完整
毕节七星关麻园街道麻园路37号,52,05,02,省略省
七星关区德溪街道德溪路40号,52,05,02,省略省市
七星关鸭池镇,52,05,02,截断
贵州七星关桂花路,52,05,02,省略市+简称
七星关区七星座街道桂花路,52,05,02,同音错误
贵州省毕节市大方县红旗街道人民路36号,52,05,21,完整
毕节大方慕俄格街道慕俄格路38号,52,05,21,省略省
大方县双山镇双山路41号,52,05,21,省略省市
大方羊场镇,52,05,21,截断
贵州大方人民路,52,05,21,省略市+简称
大方县红旗街道人民路易,52,05,21,编辑距离错误
贵州省毕节市金沙县鼓场街道长安路37号,52,05,23,完整
毕节金沙西洛街道西洛路39号,52,05,23,省略省
金沙县岩孔街道岩孔路42号,52,05,23,省略省市
金沙安底镇,52,05,23,截断
贵州金沙长安路,52,05,23,省略市+简称
金沙县鼓场街道长虹路,52,05,23,同音错误
贵州省毕节市织金县文腾街道金中路38号,52,05,24,完整
毕节织金双堰街道双堰路40号,52,05,24,省略省
织金县三甲街道三甲路43号,52,05,24,省略省市
织金桂果镇,52,05,24,截断
贵州织金金中路,52,05,24,省略市+简称
织金县文滕街道金中路,52,05,24,同音错误
贵州省毕节市纳雍县雍熙街道沿河路39号,52,05,25,完整
毕节纳雍居仁街道居仁路41号,52,05,25,省略省
纳雍县宣慰街道宣慰路44号,52,05,25,省略省市
纳雍骔岭镇,52,05,25,截断
贵州纳雍沿河路,52,05,25,省略市+简称
纳雍县雍西街道沿河路,52,05,25,同音错误
贵州省毕节市威宁彝族回族苗族自治县六桥街道人民路40号,52,05,26,完整
毕节威宁海边街道海边路42号,52,05,26,省略省
威宁彝族回族苗族自治县陕桥街道陕桥路45号,52,05,26,省略省市
威宁黑石头镇,52,05,26,截断
贵州威宁人民路,52,05,26,省略市+简称
威宁彝族回族苗族自治县六桥街道人民路易,52,05,26,编辑距离错误
贵州省毕节市赫章县汉阳街道前河路41号,52,05,27,完整
毕节赫章金银山街道金银山路43号,52,05,27,省略省
赫章县双河街道双河路46号,52,05,27,省略省市
赫章野马川镇,52,05,27,截断
贵州赫章前河路,52,05,27,省略市+简称
赫章县汉阳街道前合路,52,05,27,同音错误
贵州省毕节市黔西市文峰街道文化路42号,52,05,81,完整
毕节黔西锦绣街道锦绣路44号,52,05,81,省略省
黔西市水西街道水西路47号,52,05,81,省略省市
黔西绿化镇,52,05,81,截断
贵州黔西文化路,52,05,81,省略市+简称
黔西市文峰街道文化街,52,05,81,同音错误
贵州省铜仁市碧江区市中街道中山路43号,52,06,02,完整
铜仁碧江锦江街道锦江路45号,52,06,02,省略省
碧江区正光街道正光路48号,52,06,02,省略省市
碧江滑石侗族苗族土家族乡,52,06,02,截断
贵州碧江中山路,52,06,02,省略市+简称
碧江区市中街道中上路,52,06,02,同音错误
贵州省铜仁市万山区万山镇万山大道44号,52,06,03,完整
铜仁万山丹都街道丹都路46号,52,06,03,省略省
万山区仁山街道仁山路49号,52,06,03,省略省市
万山高楼坪侗族乡,52,06,03,截断
贵州万山万山道,52,06,03,省略市+简称
万山区万山镇万山大导,52,06,03,编辑距离错误
贵州省铜仁市江口县双江街道三星路45号,52,06,21,完整
铜仁江口凯德街道凯德路47号,52,06,21,省略省
江口县太平镇太平路50号,52,06,21,省略省市
江口闵孝镇,52,06,21,截断
贵州江口三星路,52,06,21,省略市+简称
江口县双江街道三星期路,52,06,21,同音错误
贵州省铜仁市玉屏侗族自治县平溪街道中华路46号,52,06,22,完整
铜仁玉屏皂角坪街道皂角坪路48号,52,06,22,省略省
玉屏侗族自治县朱家场镇朱家场路51号,52,06,22,省略省市
玉屏田坪镇,52,06,22,截断
贵州玉屏中华路,52,06,22,省略市+简称
玉屏侗族自治县平溪街道中花路,52,06,22,同音错误
贵州省铜仁市石阡县汤山街道佛顶山大道47号,52,06,23,完整
铜仁石阡泉都街道泉都路49号,52,06,23,省略省
石阡县中坝街道中坝路52号,52,06,23,省略省市
石阡本庄镇,52,06,23,截断
贵州石阡佛顶山路,52,06,23,省略市+简称
石阡县汤山街道佛顶山广大道,52,06,23,同音错误
贵州省铜仁市思南县思唐街道城北大道48号,52,06,24,完整
铜仁思南双塘街道双塘路50号,52,06,24,省略省
思南县塘头镇塘头路53号,52,06,24,省略省市
思南许家坝镇,52,06,24,截断
贵州思南城北路,52,06,24,省略市+简称
思南县思唐街道城北大导,52,06,24,编辑距离错误
贵州省铜仁市印江土家族苗族自治县峨岭街道解放路49号,52,06,25,完整
铜仁印江龙津街道龙津路51号,52,06,25,省略省
印江土家族苗族自治县中兴街道中兴路54号,52,06,25,省略省市
印江木黄镇,52,06,25,截断
贵州印江解放路,52,06,25,省略市+简称
印江土家族苗族自治县峨岭街道解入路,52,06,25,同音错误
贵州省铜仁市德江县玉水街道人民路50号,52,06,26,完整
铜仁德江安化街道安化路52号,52,06,26,省略省
德江县煎茶镇煎茶路55号,52,06,26,省略省市
德江枫香溪镇,52,06,26,截断
贵州德江人民路,52,06,26,省略市+简称
德江县玉水街道人名路,52,06,26,同音错误
贵州省铜仁市沿河土家族自治县团结街道团结大道51号,52,06,27,完整
铜仁沿河祐溪街道祐溪路53号,52,06,27,省略省
沿河土家族自治县和平街道和平路56号,52,06,27,省略省市
沿河谯家镇,52,06,27,截断
贵州沿河团结路,52,06,27,省略市+简称
沿河土家族自治县团结街道团界大道,52,06,27,同音错误
贵州省铜仁市松桃苗族自治县蓼皋街道东风路52号,52,06,28,完整
铜仁松桃孟溪镇孟溪路54号,52,06,28,省略省
松桃苗族自治县盘石镇盘石路57号,52,06,28,省略省市
松桃迓驾镇,52,06,28,截断
贵州松桃东风路,52,06,28,省略市+简称
松桃苗族自治县蓼高街道东风路,52,06,28,同音错误
贵州省黔西南布依族苗族自治州兴义市黄草街道红旗路53号,52,23,01,完整
黔西南兴义桔山街道桔山大道55号,52,23,01,省略省
兴义市马岭街道马岭路58号,52,23,01,省略省市
兴义下五屯街道,52,23,01,截断
贵州兴义红旗路,52,23,01,省略市+简称
兴义市黄草街道红期路,52,23,01,同音错误
贵州省黔西南布依族苗族自治州兴仁市东湖街道东湖大道54号,52,23,02,完整
黔西南兴仁真武山街道真武路56号,52,23,02,省略省
兴仁市屯脚镇屯脚路59号,52,23,02,省略省市
兴仁巴铃镇,52,23,02,截断
贵州兴仁东湖路,52,23,02,省略市+简称
兴仁市东胡街道东湖大道,52,23,02,同音错误
贵州省黔西南布依族苗族自治州普安县盘水街道普天大道55号,52,23,23,完整
黔西南普安茶源街道茶源路57号,52,23,23,省略省
普安县江西坡镇江西坡路60号,52,23,23,省略省市
普安龙吟镇,52,23,23,截断
贵州普安普天路,52,23,23,省略市+简称
普安县盘水街道普田大道,52,23,23,同音错误
贵州省黔西南布依族苗族自治州晴隆县东观街道莲城大道56号,52,23,24,完整
黔西南晴隆三宝街道三宝路58号,52,23,24,省略省
晴隆县沙子镇沙子路61号,52,23,24,省略省市
晴隆光照镇,52,23,24,截断
贵州晴隆莲城路,52,23,24,省略市+简称
晴隆县东观街道连城大道,52,23,24,同音错误
贵州省黔西南布依族苗族自治州贞丰县永丰街道永丰大道57号,52,23,25,完整
黔西南贞丰珉谷街道珉谷路59号,52,23,25,省略省
贞丰县者相镇者相路62号,52,23,25,省略省市
贞丰龙场镇,52,23,25,截断
贵州贞丰永丰路,52,23,25,省略市+简称
贞丰县永丰街道永封大道,52,23,25,同音错误
贵州省黔西南布依族苗族自治州望谟县王母街道王母大道58号,52,23,26,完整
黔西南望谟平洞街道平洞路60号,52,23,26,省略省
望谟县新屯街道新屯路63号,52,23,26,省略省市
望谟桑郎镇,52,23,26,截断
贵州望谟王母路,52,23,26,省略市+简称
望谟县王母街道王慕大道,52,23,26,同音错误
贵州省黔西南布依族苗族自治州册亨县者楼街道者楼大道59号,52,23,27,完整
黔西南册亨纳福街道纳福路61号,52,23,27,省略省
册亨县高洛街道高洛路64号,52,23,27,省略省市
册亨丫他镇,52,23,27,截断
贵州册亨者楼路,52,23,27,省略市+简称
册亨县者楼街道者偻大道,52,23,27,同音错误
贵州省黔西南布依族苗族自治州安龙县招堤街道招堤大道60号,52,23,28,完整
黔西南安龙栖凤街道栖凤路62号,52,23,28,省略省
安龙县钱相街道钱相路65号,52,23,28,省略省市
安龙龙广镇,52,23,28,截断
贵州安龙招堤路,52,23,28,省略市+简称
安龙县招提街道招堤大道,52,23,28,同音错误
贵州省黔东南苗族侗族自治州凯里市大十字街道北京路61号,52,26,01,完整
黔东南凯里城西街道城西路63号,52,26,01,省略省
凯里市洗马河街道洗马河路66号,52,26,01,省略省市
凯里开怀街道,52,26,01,截断
贵州凯里北京路,52,26,01,省略市+简称
凯里市大十子街道北京路,52,26,01,同音错误
贵州省黔东南苗族侗族自治州黄平县新州镇新州路62号,52,26,22,完整
黔东南黄平旧州镇旧州路64号,52,26,22,省略省
黄平县谷陇镇谷陇路67号,52,26,22,省略省市
黄平重安镇,52,26,22,截断
贵州黄平新州路,52,26,22,省略市+简称
黄平县新洲镇新州路,52,26,22,同音错误
贵州省黔东南苗族侗族自治州施秉县城关镇中沙路63号,52,26,23,完整
黔东南施秉牛大场镇牛大场路65号,52,26,23,省略省
施秉县马号镇马号路68号,52,26,23,省略省市
施秉杨柳塘镇,52,26,23,截断
贵州施秉中沙路,52,26,23,省略市+简称
施秉县城关镇中纱路,52,26,23,同音错误
贵州省黔东南苗族侗族自治州三穗县八弓镇八弓路64号,52,26,25,完整
黔东南三穗台烈镇台烈路66号,52,26,25,省略省
三穗县瓦寨镇瓦寨路69号,52,26,25,省略省市
三穗长吉镇,52,26,25,截断
贵州三穗八弓路,52,26,25,省略市+简称
三穗县八公镇八弓路,52,26,25,同音错误
贵州省黔东南苗族侗族自治州镇远县舞阳镇舞阳大道65号,52,26,26,完整
黔东南镇远蕉溪镇蕉溪路67号,52,26,26,省略省
镇远县青溪镇青溪路70号,52,26,26,省略省市
镇远羊坪镇,52,26,26,截断
贵州镇远舞阳路,52,26,26,省略市+简称
镇远县舞阳镇舞杨大道,52,26,26,同音错误
贵州省黔东南苗族侗族自治州岑巩县思旸镇思旸路66号,52,26,27,完整
黔东南岑巩水尾镇水尾路68号,52,26,27,省略省
岑巩县天马镇天马路71号,52,26,27,省略省市
岑巩龙田镇,52,26,27,截断
贵州岑巩思旸路,52,26,27,省略市+简称
岑巩县思阳镇思旸路,52,26,27,同音错误
贵州省黔东南苗族侗族自治州天柱县凤城街道凤城路67号,52,26,28,完整
黔东南天柱邦洞街道邦洞路69号,52,26,28,省略省
天柱县社学街道社学路72号,52,26,28,省略省市
天柱高酿镇,52,26,28,截断
贵州天柱凤城路,52,26,28,省略市+简称
天柱县凤城街道风城路,52,26,28,同音错误
贵州省黔东南苗族侗族自治州锦屏县三江镇三江路68号,52,26,29,完整
黔东南锦屏敦寨镇敦寨路70号,52,26,29,省略省
锦屏县茅坪镇茅坪路73号,52,26,29,省略省市
锦屏启蒙镇,52,26,29,截断
贵州锦屏三江路,52,26,29,省略市+简称
锦屏县三工镇三江路,52,26,29,同音错误
贵州省黔东南苗族侗族自治州剑河县仰阿莎街道仰阿莎路69号,52,26,30,完整
黔东南剑河革东镇革东路71号,52,26,30,省略省
剑河县南加镇南加路74号,52,26,30,省略省市
剑河太拥镇,52,26,30,截断
贵州剑河仰阿莎路,52,26,30,省略市+简称
剑河县仰阿沙街道仰阿莎路,52,26,30,同音错误
贵州省黔东南苗族侗族自治州台江县台拱街道台拱路70号,52,26,31,完整
黔东南台江萃文街道萃文路72号,52,26,31,省略省
台江县施洞镇施洞路75号,52,26,31,省略省市
台江南宫镇,52,26,31,截断
贵州台江台拱路,52,26,31,省略市+简称
台江县台拱街道台共路,52,26,31,同音错误
贵州省黔东南苗族侗族自治州黎平县德凤街道贡院路71号,52,26,32,完整
黔东南黎平高屯街道高屯路73号,52,26,32,省略省
黎平县龙形街道龙形路76号,52,26,32,省略省市
黎平肇兴镇,52,26,32,截断
贵州黎平贡院路,52,26,32,省略市+简称
黎平县德风街道贡院路,52,26,32,同音错误
贵州省黔东南苗族侗族自治州榕江县古州镇古州路72号,52,26,33,完整
黔东南榕江车民街道车民路74号,52,26,33,省略省
榕江县忠诚镇忠诚路77号,52,26,33,省略省市
榕江栽麻镇,52,26,33,截断
贵州榕江古州路,52,26,33,省略市+简称
榕江县古洲镇古州路,52,26,33,同音错误
贵州省黔东南苗族侗族自治州从江县丙梅街道丙梅路73号,52,26,34,完整
黔东南从江洛香镇洛香路75号,52,26,34,省略省
从江县贯洞镇贯洞路78号,52,26,34,省略省市
从江下江镇,52,26,34,截断
贵州从江丙梅路,52,26,34,省略市+简称
从江县丙枚街道丙梅路,52,26,34,同音错误
贵州省黔东南苗族侗族自治州雷山县丹江镇丹江路74号,52,26,35,完整
黔东南雷山西江镇西江路76号,52,26,35,省略省
雷山县郎德镇郎德路79号,52,26,35,省略省市
雷山永乐镇,52,26,35,截断
贵州雷山丹江路,52,26,35,省略市+简称
雷山县丹将镇丹江路,52,26,35,同音错误
贵州省黔东南苗族侗族自治州麻江县杏山街道杏山路75号,52,26,36,完整
黔东南麻江金竹街道金竹路77号,52,26,36,省略省
麻江县宣威镇宣威路80号,52,26,36,省略省市
麻江谷硐镇,52,26,36,截断
贵州麻江杏山路,52,26,36,省略市+简称
麻江县杏山街道杏出路,52,26,36,同音错误
贵州省黔东南苗族侗族自治州丹寨县龙泉镇龙泉路76号,52,26,37,完整
黔东南丹寨金泉街道金泉路78号,52,26,37,省略省
丹寨县兴仁镇兴仁路81号,52,26,37,省略省市
丹寨扬武镇,52,26,37,截断
贵州丹寨龙泉路,52,26,37,省略市+简称
丹寨县龙泉镇龙全路,52,26,37,同音错误
贵州省黔南布依族苗族自治州都匀市文峰街道剑江路77号,52,27,01,完整
黔南都匀小围寨街道小围寨路79号,52,27,01,省略省
都匀市沙包堡街道沙包堡路82号,52,27,01,省略省市
都匀广惠街道,52,27,01,截断
贵州都匀剑江路,52,27,01,省略市+简称
都匀市文峰街道建江路,52,27,01,同音错误
贵州省黔南布依族苗族自治州福泉市金山街道金钟路78号,52,27,02,完整
黔南福泉马场坪街道马场坪路80号,52,27,02,省略省
福泉市牛场镇牛场路83号,52,27,02,省略省市
福泉凤山镇,52,27,02,截断
贵州福泉金钟路,52,27,02,省略市+简称
福泉市金山街道今钟路,52,27,02,同音错误
贵州省贵阳市南明区五里冲街道花果园大街1号,52,01,02,完整
贵阳南明区河滨街道市南路18号,52,01,02,省略省
南明区新华路街道新华路5号,52,01,02,省略省市
南明河滨街道,52,01,02,截断
贵州南明新华路,52,01,02,省略市+简称
南明区午里冲街道花果园,52,01,02,同音错误
贵州省贵阳市云岩区文昌阁街道中华北路2号,52,01,03,完整
贵阳云岩区毓秀路街道毓秀路9号,52,01,03,省略省
云岩区盐务街街道盐务街12号,52,01,03,省略省市
云岩头桥街道,52,01,03,截断
贵州云岩毓秀路,52,01,03,省略市+简称
云岩区文昌阁街道中华北路,52,01,03,编辑距离错误
贵州省贵阳市花溪区贵筑街道甲秀南路3号,52,01,11,完整
贵阳花溪区阳光街道霞晖路8号,52,01,11,省略省
花溪区清溪街道清溪路21号,52,01,11,省略省市
花溪青岩镇,52,01,11,截断
贵州花溪阳光路,52,01,11,省略市+简称
花溪区贵筑街道甲秀南路,52,01,11,同音错误
贵州省贵阳市乌当区龙广路街道新添大道北段4号,52,01,12,完整
贵阳乌当区新创路街道新创路6号,52,01,12,省略省
乌当区高新路街道高新路15号,52,01,12,省略省市
乌当东风镇,52,01,12,截断
贵州乌当新创路,52,01,12,省略市+简称
乌当区龙广路街道新添大道,52,01,12,编辑距离错误
贵州省贵阳市白云区龚家寨街道铝兴路5号,52,01,13,完整
贵阳白云区大山洞街道同心路7号,52,01,13,省略省
白云区泉湖街道泉湖路10号,52,01,13,省略省市
白云艳山红镇,52,01,13,截断
贵州白云泉湖路,52,01,13,省略市+简称
白云区龚家寨街道铝兴路,52,01,13,同音错误
贵州省贵阳市观山湖区观山街道金朱东路6号,52,01,15,完整
贵阳观山湖金阳街道诚信南路9号,52,01,15,省略省
观山湖区世纪城街道财富街12号,52,01,15,省略省市
观山湖宾阳街道,52,01,15,截断
贵州观山金阳路,52,01,15,省略市+简称
观山湖区观山街道金珠东路,52,01,15,同音错误
贵州省贵阳市开阳县云开街道开州大道7号,52,01,21,完整
贵阳开阳硒城街道环城路9号,52,01,21,省略省
开阳县紫兴街道紫兴路13号,52,01,21,省略省市
开阳双流镇,52,01,21,截断
贵州开阳硒城路,52,01,21,省略市+简称
开阳县云开街道开洲大道,52,01,21,编辑距离错误
贵州省贵阳市息烽县永阳街道文化西路8号,52,01,22,完整
贵阳息烽小寨坝镇振兴路10号,52,01,22,省略省
息烽县温泉镇温泉路14号,52,01,22,省略省市
息烽九庄镇,52,01,22,截断
贵州息烽永阳路,52,01,22,省略市+简称
息烽县永阳街道文化西路,52,01,22,同音错误
贵州省贵阳市修文县龙场街道翠屏路9号,52,01,23,完整
贵阳修文阳明洞街道阳明大道11号,52,01,23,省略省
修文县扎佐街道扎佐路16号,52,01,23,省略省市
修文久长街道,52,01,23,截断
贵州修文龙场路,52,01,23,省略市+简称
修文县龙场街道翠平路,52,01,23,编辑距离错误
贵州省贵阳市清镇市青龙山街道云岭中路10号,52,01,81,完整
贵阳清镇巢凤街道金清路12号,52,01,81,省略省
清镇市滨湖街道滨湖路18号,52,01,81,省略省市
清镇站街镇,52,01,81,截断
贵州清镇青龙路,52,01,81,省略市+简称
清镇市青龙山街道云领中路,52,01,81,同音错误
贵州省六盘水市钟山区黄土坡街道人民中路11号,52,02,01,完整
六盘水钟山荷城街道建设路13号,52,02,01,省略省
钟山区凤凰街道凤凰路16号,52,02,01,省略省市
钟山月照街道,52,02,01,截断
贵州钟山荷城路,52,02,01,省略市+简称
钟山区黄土坡街道人民中街,52,02,01,同音错误
贵州省六盘水市六枝特区九龙街道人民路12号,52,02,03,完整
六盘水六枝银壶街道那平路14号,52,02,03,省略省
六枝特区塔山街道塔山路17号,52,02,03,省略省市
六枝郎岱镇,52,02,03,截断
贵州六枝九龙路,52,02,03,省略市+简称
六枝特区九隆街道人民路,52,02,03,同音错误
贵州省六盘水市水城区双水街道双水大道13号,52,02,04,完整
六盘水水城董地街道董地路15号,52,02,04,省略省
水城区老鹰山街道老鹰山路18号,52,02,04,省略省市
水城发耳镇,52,02,04,截断
贵州水城双水路,52,02,04,省略市+简称
水城区双水街道双水大导,52,02,04,编辑距离错误
贵州省六盘水市盘州市亦资街道胜境大道14号,52,02,81,完整
六盘水盘州红果街道红果路16号,52,02,81,省略省
盘州市翰林街道翰林路19号,52,02,81,省略省市
盘州两河街道,52,02,81,截断
贵州盘州亦资路,52,02,81,省略市+简称
盘州市亦资街道胜镜大道,52,02,81,同音错误
贵州省遵义市红花岗区老城街道子尹路15号,52,03,02,完整
遵义红花岗中华路街道中华路17号,52,03,02,省略省
红花岗区舟水桥街道舟水桥路20号,52,03,02,省略省市
红花岗南关街道,52,03,02,截断
贵州红花岗子尹路,52,03,02,省略市+简称
红花岗区老城街道子因路,52,03,02,同音错误
贵州省遵义市汇川区上海路街道上海路16号,52,03,03,完整
遵义汇川洗马路街道洗马路18号,52,03,03,省略省
汇川区高桥街道高桥路21号,52,03,03,省略省市
汇川董公寺街道,52,03,03,截断
贵州汇川上海路,52,03,03,省略市+简称
汇川区会川路街道上海路,52,03,03,同音+顺序混乱
贵州省遵义市播州区南白街道西大街17号,52,03,04,完整
遵义播州龙坑街道龙坑路19号,52,03,04,省略省
播州区影山湖街道影山湖路22号,52,03,04,省略省市
播州鸭溪镇,52,03,04,截断
贵州播州南白路,52,03,04,省略市+简称
播州区布白街道西大街,52,03,04,编辑距离错误
贵州省遵义市桐梓县海校街道武胜路18号,52,03,22,完整
遵义桐梓娄山关街道娄山关路20号,52,03,22,省略省
桐梓县楚米镇楚米路23号,52,03,22,省略省市
桐梓新站镇,52,03,22,截断
贵州桐梓海校路,52,03,22,省略市+简称
桐梓县海饺街道武胜路,52,03,22,同音错误
贵州省遵义市绥阳县洋川街道洋川中路19号,52,03,23,完整
遵义绥阳郑场镇郑场路21号,52,03,23,省略省
绥阳县蒲场镇蒲场路24号,52,03,23,省略省市
绥阳风华镇,52,03,23,截断
贵州绥阳洋川路,52,03,23,省略市+简称
绥阳县洋川街道洋州中路,52,03,23,编辑距离错误
贵州省遵义市正安县凤仪街道文化路20号,52,03,25,完整
遵义正安瑞濠街道瑞濠路22号,52,03,25,省略省
正安县安场镇安场路25号,52,03,25,省略省市
正安土坪镇,52,03,25,截断
贵州正安凤仪路,52,03,25,省略市+简称
正安县凤仪街道文华路,52,03,25,同音错误
贵州省遵义市道真仡佬族苗族自治县尹珍街道尹珍路21号,52,03,26,完整
遵义道真玉溪镇玉溪路23号,52,03,26,省略省
道真县洛龙镇洛龙路26号,52,03,26,省略省市
道真旧城镇,52,03,26,截断
贵州道真尹珍路,52,03,26,省略市+简称
道真仡佬族苗族自治县印珍街道尹珍路,52,03,26,同音错误
贵州省遵义市务川仡佬族苗族自治县丹砂街道丹砂路22号,52,03,27,完整
遵义务川都濡街道都濡路24号,52,03,27,省略省
务川县大坪街道大坪路27号,52,03,27,省略省市
务川丰乐镇,52,03,27,截断
贵州务川丹砂路,52,03,27,省略市+简称
务川仡佬族苗族自治县丹沙街道丹砂路,52,03,27,同音错误
贵州省遵义市凤冈县龙泉街道龙凤大道23号,52,03,28,完整
遵义凤冈何坝街道何坝路25号,52,03,28,省略省
凤冈县花坪街道花坪路28号,52,03,28,省略省市
凤冈进化镇,52,03,28,截断
贵州凤冈龙泉路,52,03,28,省略市+简称
凤冈县龙泉街道龙风大道,52,03,28,同音错误
贵州省遵义市湄潭县湄江街道茶城大道24号,52,03,29,完整
遵义湄潭黄家坝街道黄家坝路26号,52,03,29,省略省
湄潭县永兴镇永兴路29号,52,03,29,省略省市
湄潭复兴镇,52,03,29,截断
贵州湄潭茶城路,52,03,29,省略市+简称
湄潭县梅江街道茶城大道,52,03,29,同音错误
贵州省遵义市余庆县子营街道子营路25号,52,03,30,完整
遵义余庆白泥镇白泥路27号,52,03,30,省略省
余庆县龙溪镇龙溪路30号,52,03,30,省略省市
余庆构皮滩镇,52,03,30,截断
贵州余庆子营路,52,03,30,省略市+简称
余庆县子营街道子云路,52,03,30,同音错误
贵州省遵义市习水县东皇街道红一路26号,52,03,30,完整
遵义习水九龙街道九龙路28号,52,03,30,省略省
习水县土城镇土城路31号,52,03,30,省略省市
习水温水镇,52,03,30,截断
贵州习水东皇路,52,03,30,省略市+简称
习水县东黄街道红一路,52,03,30,同音错误
贵州省遵义市赤水市市中街道人民街27号,52,03,81,完整
遵义赤水文华街道文华路29号,52,03,81,省略省
赤水市天台镇天台路32号,52,03,81,省略省市
赤水大同镇,52,03,81,截断
贵州赤水人民街,52,03,81,省略市+简称
赤水市市中街道人民接,52,03,81,编辑距离错误
贵州省遵义市仁怀市盐津街道国酒大道28号,52,03,82,完整
遵义仁怀中枢街道中枢路30号,52,03,82,省略省
仁怀市苍龙街道苍龙路33号,52,03,82,省略省市
仁怀茅台镇,52,03,82,截断
贵州仁怀国酒路,52,03,82,省略市+简称
仁怀市盐津街道国久大道,52,03,82,同音错误
贵州省安顺市西秀区南街街道南水路29号,52,04,02,完整
安顺西秀东街街道东街路31号,52,04,02,省略省
西秀区东关街道东关路34号,52,04,02,省略省市
西秀华西街道,52,04,02,截断
贵州西秀南水路,52,04,02,省略市+简称
西秀区南杰街道南水路,52,04,02,同音错误
贵州省安顺市平坝区鼓楼街道中山路30号,52,04,03,完整
安顺平坝安平街道安平路32号,52,04,03,省略省
平坝区夏云镇夏云路35号,52,04,03,省略省市
平坝天龙镇,52,04,03,截断
贵州平坝中山路,52,04,03,省略市+简称
平坝区鼓偻街道中山路,52,04,03,编辑距离错误
贵州省安顺市普定县定南街道文明路31号,52,04,22,完整
安顺普定玉秀街道玉秀路33号,52,04,22,省略省
普定县马官镇马官路36号,52,04,22,省略省市
普定黄桶街道,52,04,22,截断
贵州普定文明路,52,04,22,省略市+简称
普定县定南街道文名路,52,04,22,同音错误
贵州省安顺市镇宁布依族苗族自治县白马湖街道南北大街32号,52,04,23,完整
安顺镇宁环翠街道环翠路34号,52,04,23,省略省
镇宁布依族苗族自治县丁旗街道丁旗路37号,52,04,23,省略省市
镇宁黄果树镇,52,04,23,截断
贵州镇宁南北大街,52,04,23,省略市+简称
镇宁布依族苗族自治县白马胡街道南北大街,52,04,23,同音错误
贵州省安顺市关岭布依族苗族自治县关索街道关索大道33号,52,04,24,完整
安顺关岭顶云街道顶云路35号,52,04,24,省略省
关岭布依族苗族自治县龙潭街道龙潭路38号,52,04,24,省略省市
关岭花江镇,52,04,24,截断
贵州关岭关索路,52,04,24,省略市+简称
关岭布依族苗族自治县关索街道关锁大道,52,04,24,同音错误
贵州省安顺市紫云苗族布依族自治县松山街道松山大道34号,52,04,25,完整
安顺紫云五峰街道五峰路36号,52,04,25,省略省
紫云苗族布依族自治县云岭街道云岭路39号,52,04,25,省略省市
紫云格凸河镇,52,04,25,截断
贵州紫云松山路,52,04,25,省略市+简称
紫云苗族布依族自治县松山街道松山大道,52,04,25,编辑距离错误
贵州省毕节市七星关区市西街道桂花路35号,52,05,02,完整
毕节七星关麻园街道麻园路37号,52,05,02,省略省
七星关区德溪街道德溪路40号,52,05,02,省略省市
七星关鸭池镇,52,05,02,截断
贵州七星关桂花路,52,05,02,省略市+简称
七星关区七星座街道桂花路,52,05,02,同音错误
贵州省毕节市大方县红旗街道人民路36号,52,05,21,完整
毕节大方慕俄格街道慕俄格路38号,52,05,21,省略省
大方县双山镇双山路41号,52,05,21,省略省市
大方羊场镇,52,05,21,截断
贵州大方人民路,52,05,21,省略市+简称
大方县红旗街道人民路易,52,05,21,编辑距离错误
贵州省毕节市金沙县鼓场街道长安路37号,52,05,23,完整
毕节金沙西洛街道西洛路39号,52,05,23,省略省
金沙县岩孔街道岩孔路42号,52,05,23,省略省市
金沙安底镇,52,05,23,截断
贵州金沙长安路,52,05,23,省略市+简称
金沙县鼓场街道长虹路,52,05,23,同音错误
贵州省毕节市织金县文腾街道金中路38号,52,05,24,完整
毕节织金双堰街道双堰路40号,52,05,24,省略省
织金县三甲街道三甲路43号,52,05,24,省略省市
织金桂果镇,52,05,24,截断
贵州织金金中路,52,05,24,省略市+简称
织金县文滕街道金中路,52,05,24,同音错误
贵州省毕节市纳雍县雍熙街道沿河路39号,52,05,25,完整
毕节纳雍居仁街道居仁路41号,52,05,25,省略省
纳雍县宣慰街道宣慰路44号,52,05,25,省略省市
纳雍骔岭镇,52,05,25,截断
贵州纳雍沿河路,52,05,25,省略市+简称
纳雍县雍西街道沿河路,52,05,25,同音错误
贵州省毕节市威宁彝族回族苗族自治县六桥街道人民路40号,52,05,26,完整
毕节威宁海边街道海边路42号,52,05,26,省略省
威宁彝族回族苗族自治县陕桥街道陕桥路45号,52,05,26,省略省市
威宁黑石头镇,52,05,26,截断
贵州威宁人民路,52,05,26,省略市+简称
威宁彝族回族苗族自治县六桥街道人民路易,52,05,26,编辑距离错误
贵州省毕节市赫章县汉阳街道前河路41号,52,05,27,完整
毕节赫章金银山街道金银山路43号,52,05,27,省略省
赫章县双河街道双河路46号,52,05,27,省略省市
赫章野马川镇,52,05,27,截断
贵州赫章前河路,52,05,27,省略市+简称
赫章县汉阳街道前合路,52,05,27,同音错误
贵州省毕节市黔西市文峰街道文化路42号,52,05,81,完整
毕节黔西锦绣街道锦绣路44号,52,05,81,省略省
黔西市水西街道水西路47号,52,05,81,省略省市
黔西绿化镇,52,05,81,截断
贵州黔西文化路,52,05,81,省略市+简称
黔西市文峰街道文化街,52,05,81,同音错误
贵州省铜仁市碧江区市中街道中山路43号,52,06,02,完整
铜仁碧江锦江街道锦江路45号,52,06,02,省略省
碧江区正光街道正光路48号,52,06,02,省略省市
碧江滑石侗族苗族土家族乡,52,06,02,截断
贵州碧江中山路,52,06,02,省略市+简称
碧江区市中街道中上路,52,06,02,同音错误
贵州省铜仁市万山区万山镇万山大道44号,52,06,03,完整
铜仁万山丹都街道丹都路46号,52,06,03,省略省
万山区仁山街道仁山路49号,52,06,03,省略省市
万山高楼坪侗族乡,52,06,03,截断
贵州万山万山道,52,06,03,省略市+简称
万山区万山镇万山大导,52,06,03,编辑距离错误
贵州省铜仁市江口县双江街道三星路45号,52,06,21,完整
铜仁江口凯德街道凯德路47号,52,06,21,省略省
江口县太平镇太平路50号,52,06,21,省略省市
江口闵孝镇,52,06,21,截断
贵州江口三星路,52,06,21,省略市+简称
江口县双江街道三星期路,52,06,21,同音错误
贵州省铜仁市玉屏侗族自治县平溪街道中华路46号,52,06,22,完整
铜仁玉屏皂角坪街道皂角坪路48号,52,06,22,省略省
玉屏侗族自治县朱家场镇朱家场路51号,52,06,22,省略省市
玉屏田坪镇,52,06,22,截断
贵州玉屏中华路,52,06,22,省略市+简称
玉屏侗族自治县平溪街道中花路,52,06,22,同音错误
贵州省铜仁市石阡县汤山街道佛顶山大道47号,52,06,23,完整
铜仁石阡泉都街道泉都路49号,52,06,23,省略省
石阡县中坝街道中坝路52号,52,06,23,省略省市
石阡本庄镇,52,06,23,截断
贵州石阡佛顶山路,52,06,23,省略市+简称
石阡县汤山街道佛顶山广大道,52,06,23,同音错误
贵州省铜仁市思南县思唐街道城北大道48号,52,06,24,完整
铜仁思南双塘街道双塘路50号,52,06,24,省略省
思南县塘头镇塘头路53号,52,06,24,省略省市
思南许家坝镇,52,06,24,截断
贵州思南城北路,52,06,24,省略市+简称
思南县思唐街道城北大导,52,06,24,编辑距离错误
贵州省铜仁市印江土家族苗族自治县峨岭街道解放路49号,52,06,25,完整
铜仁印江龙津街道龙津路51号,52,06,25,省略省
印江土家族苗族自治县中兴街道中兴路54号,52,06,25,省略省市
印江木黄镇,52,06,25,截断
贵州印江解放路,52,06,25,省略市+简称
印江土家族苗族自治县峨岭街道解入路,52,06,25,同音错误
贵州省铜仁市德江县玉水街道人民路50号,52,06,26,完整
铜仁德江安化街道安化路52号,52,06,26,省略省
德江县煎茶镇煎茶路55号,52,06,26,省略省市
德江枫香溪镇,52,06,26,截断
贵州德江人民路,52,06,26,省略市+简称
德江县玉水街道人名路,52,06,26,同音错误
贵州省铜仁市沿河土家族自治县团结街道团结大道51号,52,06,27,完整
铜仁沿河祐溪街道祐溪路53号,52,06,27,省略省
沿河土家族自治县和平街道和平路56号,52,06,27,省略省市
沿河谯家镇,52,06,27,截断
贵州沿河团结路,52,06,27,省略市+简称
沿河土家族自治县团结街道团界大道,52,06,27,同音错误
贵州省铜仁市松桃苗族自治县蓼皋街道东风路52号,52,06,28,完整
铜仁松桃孟溪镇孟溪路54号,52,06,28,省略省
松桃苗族自治县盘石镇盘石路57号,52,06,28,省略省市
松桃迓驾镇,52,06,28,截断
贵州松桃东风路,52,06,28,省略市+简称
松桃苗族自治县蓼高街道东风路,52,06,28,同音错误
贵州省黔西南布依族苗族自治州兴义市黄草街道红旗路53号,52,23,01,完整
黔西南兴义桔山街道桔山大道55号,52,23,01,省略省
兴义市马岭街道马岭路58号,52,23,01,省略省市
兴义下五屯街道,52,23,01,截断
贵州兴义红旗路,52,23,01,省略市+简称
兴义市黄草街道红期路,52,23,01,同音错误
贵州省黔西南布依族苗族自治州兴仁市东湖街道东湖大道54号,52,23,02,完整
黔西南兴仁真武山街道真武路56号,52,23,02,省略省
兴仁市屯脚镇屯脚路59号,52,23,02,省略省市
兴仁巴铃镇,52,23,02,截断
贵州兴仁东湖路,52,23,02,省略市+简称
兴仁市东胡街道东湖大道,52,23,02,同音错误
贵州省黔西南布依族苗族自治州普安县盘水街道普天大道55号,52,23,23,完整
黔西南普安茶源街道茶源路57号,52,23,23,省略省
普安县江西坡镇江西坡路60号,52,23,23,省略省市
普安龙吟镇,52,23,23,截断
贵州普安普天路,52,23,23,省略市+简称
普安县盘水街道普田大道,52,23,23,同音错误
贵州省黔西南布依族苗族自治州晴隆县东观街道莲城大道56号,52,23,24,完整
黔西南晴隆三宝街道三宝路58号,52,23,24,省略省
晴隆县沙子镇沙子路61号,52,23,24,省略省市
晴隆光照镇,52,23,24,截断
贵州晴隆莲城路,52,23,24,省略市+简称
晴隆县东观街道连城大道,52,23,24,同音错误
贵州省黔西南布依族苗族自治州贞丰县永丰街道永丰大道57号,52,23,25,完整
黔西南贞丰珉谷街道珉谷路59号,52,23,25,省略省
贞丰县者相镇者相路62号,52,23,25,省略省市
贞丰龙场镇,52,23,25,截断
贵州贞丰永丰路,52,23,25,省略市+简称
贞丰县永丰街道永封大道,52,23,25,同音错误
贵州省黔西南布依族苗族自治州望谟县王母街道王母大道58号,52,23,26,完整
黔西南望谟平洞街道平洞路60号,52,23,26,省略省
望谟县新屯街道新屯路63号,52,23,26,省略省市
望谟桑郎镇,52,23,26,截断
贵州望谟王母路,52,23,26,省略市+简称
望谟县王母街道王慕大道,52,23,26,同音错误
贵州省黔西南布依族苗族自治州册亨县者楼街道者楼大道59号,52,23,27,完整
黔西南册亨纳福街道纳福路61号,52,23,27,省略省
册亨县高洛街道高洛路64号,52,23,27,省略省市
册亨丫他镇,52,23,27,截断
贵州册亨者楼路,52,23,27,省略市+简称
册亨县者楼街道者偻大道,52,23,27,同音错误
贵州省黔西南布依族苗族自治州安龙县招堤街道招堤大道60号,52,23,28,完整
黔西南安龙栖凤街道栖凤路62号,52,23,28,省略省
安龙县钱相街道钱相路65号,52,23,28,省略省市
安龙龙广镇,52,23,28,截断
贵州安龙招堤路,52,23,28,省略市+简称
安龙县招提街道招堤大道,52,23,28,同音错误
贵州省黔东南苗族侗族自治州凯里市大十字街道北京路61号,52,26,01,完整
黔东南凯里城西街道城西路63号,52,26,01,省略省
凯里市洗马河街道洗马河路66号,52,26,01,省略省市
凯里开怀街道,52,26,01,截断
贵州凯里北京路,52,26,01,省略市+简称
凯里市大十子街道北京路,52,26,01,同音错误
贵州省黔东南苗族侗族自治州黄平县新州镇新州路62号,52,26,22,完整
黔东南黄平旧州镇旧州路64号,52,26,22,省略省
黄平县谷陇镇谷陇路67号,52,26,22,省略省市
黄平重安镇,52,26,22,截断
贵州黄平新州路,52,26,22,省略市+简称
黄平县新洲镇新州路,52,26,22,同音错误
贵州省黔东南苗族侗族自治州施秉县城关镇中沙路63号,52,26,23,完整
黔东南施秉牛大场镇牛大场路65号,52,26,23,省略省
施秉县马号镇马号路68号,52,26,23,省略省市
施秉杨柳塘镇,52,26,23,截断
贵州施秉中沙路,52,26,23,省略市+简称
施秉县城关镇中纱路,52,26,23,同音错误
贵州省黔东南苗族侗族自治州三穗县八弓镇八弓路64号,52,26,25,完整
黔东南三穗台烈镇台烈路66号,52,26,25,省略省
三穗县瓦寨镇瓦寨路69号,52,26,25,省略省市
三穗长吉镇,52,26,25,截断
贵州三穗八弓路,52,26,25,省略市+简称
三穗县八公镇八弓路,52,26,25,同音错误
贵州省黔东南苗族侗族自治州镇远县舞阳镇舞阳大道65号,52,26,26,完整
黔东南镇远蕉溪镇蕉溪路67号,52,26,26,省略省
镇远县青溪镇青溪路70号,52,26,26,省略省市
镇远羊坪镇,52,26,26,截断
贵州镇远舞阳路,52,26,26,省略市+简称
镇远县舞阳镇舞杨大道,52,26,26,同音错误
贵州省黔东南苗族侗族自治州岑巩县思旸镇思旸路66号,52,26,27,完整
黔东南岑巩水尾镇水尾路68号,52,26,27,省略省
岑巩县天马镇天马路71号,52,26,27,省略省市
岑巩龙田镇,52,26,27,截断
贵州岑巩思旸路,52,26,27,省略市+简称
岑巩县思阳镇思旸路,52,26,27,同音错误
贵州省黔东南苗族侗族自治州天柱县凤城街道凤城路67号,52,26,28,完整
黔东南天柱邦洞街道邦洞路69号,52,26,28,省略省
天柱县社学街道社学路72号,52,26,28,省略省市
天柱高酿镇,52,26,28,截断
贵州天柱凤城路,52,26,28,省略市+简称
天柱县凤城街道风城路,52,26,28,同音错误
贵州省黔东南苗族侗族自治州锦屏县三江镇三江路68号,52,26,29,完整
黔东南锦屏敦寨镇敦寨路70号,52,26,29,省略省
锦屏县茅坪镇茅坪路73号,52,26,29,省略省市
锦屏启蒙镇,52,26,29,截断
贵州锦屏三江路,52,26,29,省略市+简称
锦屏县三工镇三江路,52,26,29,同音错误
贵州省黔东南苗族侗族自治州剑河县仰阿莎街道仰阿莎路69号,52,26,30,完整
黔东南剑河革东镇革东路71号,52,26,30,省略省
剑河县南加镇南加路74号,52,26,30,省略省市
剑河太拥镇,52,26,30,截断
贵州剑河仰阿莎路,52,26,30,省略市+简称
剑河县仰阿沙街道仰阿莎路,52,26,30,同音错误
贵州省黔东南苗族侗族自治州台江县台拱街道台拱路70号,52,26,31,完整
黔东南台江萃文街道萃文路72号,52,26,31,省略省
台江县施洞镇施洞路75号,52,26,31,省略省市
台江南宫镇,52,26,31,截断
贵州台江台拱路,52,26,31,省略市+简称
台江县台拱街道台共路,52,26,31,同音错误
贵州省黔东南苗族侗族自治州黎平县德凤街道贡院路71号,52,26,32,完整
黔东南黎平高屯街道高屯路73号,52,26,32,省略省
黎平县龙形街道龙形路76号,52,26,32,省略省市
黎平肇兴镇,52,26,32,截断
贵州黎平贡院路,52,26,32,省略市+简称
黎平县德风街道贡院路,52,26,32,同音错误
贵州省黔东南苗族侗族自治州榕江县古州镇古州路72号,52,26,33,完整
黔东南榕江车民街道车民路74号,52,26,33,省略省
榕江县忠诚镇忠诚路77号,52,26,33,省略省市
榕江栽麻镇,52,26,33,截断
贵州榕江古州路,52,26,33,省略市+简称
榕江县古洲镇古州路,52,26,33,同音错误
贵州省黔东南苗族侗族自治州从江县丙梅街道丙梅路73号,52,26,34,完整
黔东南从江洛香镇洛香路75号,52,26,34,省略省
从江县贯洞镇贯洞路78号,52,26,34,省略省市
从江下江镇,52,26,34,截断
贵州从江丙梅路,52,26,34,省略市+简称
从江县丙枚街道丙梅路,52,26,34,同音错误
贵州省黔东南苗族侗族自治州雷山县丹江镇丹江路74号,52,26,35,完整
黔东南雷山西江镇西江路76号,52,26,35,省略省
雷山县郎德镇郎德路79号,52,26,35,省略省市
雷山永乐镇,52,26,35,截断
贵州雷山丹江路,52,26,35,省略市+简称
雷山县丹将镇丹江路,52,26,35,同音错误
贵州省黔东南苗族侗族自治州麻江县杏山街道杏山路75号,52,26,36,完整
黔东南麻江金竹街道金竹路77号,52,26,36,省略省
麻江县宣威镇宣威路80号,52,26,36,省略省市
麻江谷硐镇,52,26,36,截断
贵州麻江杏山路,52,26,36,省略市+简称
麻江县杏山街道杏出路,52,26,36,同音错误
贵州省黔东南苗族侗族自治州丹寨县龙泉镇龙泉路76号,52,26,37,完整
黔东南丹寨金泉街道金泉路78号,52,26,37,省略省
丹寨县兴仁镇兴仁路81号,52,26,37,省略省市
丹寨扬武镇,52,26,37,截断
贵州丹寨龙泉路,52,26,37,省略市+简称
丹寨县龙泉镇龙全路,52,26,37,同音错误
贵州省黔南布依族苗族自治州都匀市文峰街道剑江路77号,52,27,01,完整
黔南都匀小围寨街道小围寨路79号,52,27,01,省略省
都匀市沙包堡街道沙包堡路82号,52,27,01,省略省市
都匀广惠街道,52,27,01,截断
贵州都匀剑江路,52,27,01,省略市+简称
都匀市文峰街道建江路,52,27,01,同音错误
贵州省黔南布依族苗族自治州福泉市金山街道金钟路78号,52,27,02,完整
黔南福泉马场坪街道马场坪路80号,52,27,02,省略省
福泉市牛场镇牛场路83号,52,27,02,省略省市
福泉凤山镇,52,27,02,截断
贵州福泉金钟路,52,27,02,省略市+简称
福泉市金山街道今钟路,52,27,02,同音错误
吉林省长春市南关区自强街道重庆路北社区1号,22,01,02,完整
长春南关全安街道长大社区,22,01,02,省略省
南关区民康街道九圣祠社区,22,01,02,省略省市
南关桃源滨河社区,22,01,02,省略省市
吉宁南关自强重庆路北社区1号,22,01,02,同音错误
渐林省长秦南关全安长大社区,22,01,02,编辑距离错误
南关区长春市吉林省桃源街道文庙社区,22,01,02,顺序混乱
余航式南关自强重庆路北1号,22,01,02,同音+顺序混乱
长春市南关区,22,01,02,截断
朝阳区, , , ,歧义
吉林省长春市宽城区站前街道白菊路社区8号,22,01,03,完整
长春宽城凯旋街道一匡街社区,22,01,03,省略省
宽城团山街道小南街社区,22,01,03,省略省市
宽城长新街社区,22,01,03,省略省市
宽成站前白菊路8号,22,01,03,同音错误
吉休宽城凯旋一匡街社区,22,01,03,编辑距离错误
宽城区长春市吉林站前白菊路,22,01,03,顺序混乱
宽成长春站前白菊路8号,22,01,03,同音+顺序混乱
长春市宽城区,22,01,03,截断
吉林省长春市朝阳区重庆街道光明社区5号,22,01,04,完整
长春朝阳南站街道卫星路社区,22,01,04,省略省
朝阳区清和街道万宝街社区,22,01,04,省略省市
朝阳市区重庆光明5号, , , ,歧义
朝杨重庆光明社区5号,22,01,04,同音错误
吉休朝阳光明重庆5号,22,01,04,编辑距离错误
重庆街道长春市吉林朝阳区光明社区,22,01,04,顺序混乱
朝杨长春重庆光明5号,22,01,04,同音+顺序混乱
长春市朝阳区,22,01,04,截断
吉林省长春市二道区东盛街道亚泰社区12号,22,01,05,完整
长春二道荣光街道岭东路社区,22,01,05,省略省
二道区远达街道东丰社区,22,01,05,省略省市
二道东盛亚泰12号,22,01,05,省略省市
二道亚太社区12号,22,01,05,同音错误
吉休二道东盛亚秦12号,22,01,05,编辑距离错误
二道区长春市吉林东盛亚泰社区,22,01,05,顺序混乱
二道亚太长春东盛12号,22,01,05,同音+顺序混乱
长春市二道区,22,01,05,截断
吉林省长春市绿园区林园街道青州社区9号,22,01,06,完整
长春绿园同心街道康城社区,22,01,06,省略省
绿园区普阳街道建阳社区,22,01,06,省略省市
绿园正阳万福社区,22,01,06,省略省市
绿圆林园青州9号,22,01,06,同音错误
吉休绿园林国青州9号,22,01,06,编辑距离错误
绿园区长春市吉林林园青州社区,22,01,06,顺序混乱
绿圆长春林园青州9号,22,01,06,同音+顺序混乱
长春市绿园区,22,01,06,截断
吉林省长春市双阳区云山街道东桥社区3号,22,01,12,完整
长春双阳平湖街道甩湾社区,22,01,12,省略省
双阳区奢岭街道新兴社区,22,01,12,省略省市
双阳山河街道鹿乡社区,22,01,12,省略省市
双扬云山东桥3号,22,01,12,同音错误
吉休双阳去山3号,22,01,12,编辑距离错误
双阳区长春市吉林云山东桥社区,22,01,12,顺序混乱
双扬长春云山东桥3号,22,01,12,同音+顺序混乱
长春市双阳区,22,01,12,截断
吉林省长春市九台区九台街道西环路社区6号,22,01,13,完整
长春九台南山街道公园社区,22,01,13,省略省
九台区营城街道商业街社区,22,01,13,省略省市
九台卡伦湖街道幸福社区,22,01,13,省略省市
九太西环6号,22,01,13,同音错误
吉休九台西环6号,22,01,13,编辑距离错误
九台区长春市吉林九台西环社区,22,01,13,顺序混乱
九太长春九台西环6号,22,01,13,同音+顺序混乱
长春市九台区,22,01,13,截断
吉林省长春市农安县农安镇古城街社区7号,22,01,22,完整
长春农开安镇万来村,22,01,22,省略省
农安县三岗镇安乐村,22,01,22,省略省市
农安青山口乡大榆树村,22,01,22,省略省市
农庵古城7号,22,01,22,同音错误
吉休农安占城7号,22,01,22,编辑距离错误
农安县长春市吉林农安镇古城社区,22,01,22,顺序混乱
农庵长春农安古城7号,22,01,22,同音+顺序混乱
长春市农安县,22,01,22,截断
吉林省长春市榆树市华昌街道承恩社区4号,22,01,82,完整
长春榆树培英街道新民社区,22,01,82,省略省
榆树市正阳街道繁荣社区,22,01,82,省略省市
榆树城郊街道立新社区,22,01,82,省略省市
榆数华昌承恩4号,22,01,82,同音错误
吉休榆树华吕4号,22,01,82,编辑距离错误
榆树市长春市吉林华昌承恩社区,22,01,82,顺序混乱
榆数长春华昌承恩4号,22,01,82,同音+顺序混乱
长春市榆树市,22,01,82,截断
吉林省长春市德惠市胜利街道和平社区2号,22,01,83,完整
长春德惠建设街道迎新社区,22,01,83,省略省
德惠市惠发街道世巨号社区,22,01,83,省略省市
德惠夏家店街道腰嘴子村,22,01,83,省略省市
德会胜利和平2号,22,01,83,同音错误
吉休德惠建没2号,22,01,83,编辑距离错误
德惠市长春市吉林胜利和平社区,22,01,83,顺序混乱
德会长春德惠胜利2号,22,01,83,同音+顺序混乱
长春市德惠市,22,01,83,截断
吉林省长春市公主岭市河北街道岭西社区10号,22,01,84,完整
长春公主岭东三街道新发社区,22,01,84,省略省
公主岭市岭东街道通钢社区,22,01,84,省略省市
公主岭怀德镇三里堡子村,22,01,84,省略省市
公王岭河北岭西10号,22,01,84,同音错误
吉休公主岭河此10号,22,01,84,编辑距离错误
公主岭市长春市吉林河北岭西社区,22,01,84,顺序混乱
公王岭长春公主岭岭西10号,22,01,84,同音+顺序混乱
长春市公主岭市,22,01,84,截断
吉林省吉林市昌邑区延安街道延川社区11号,22,02,02,完整
吉林昌邑文庙街道上海路社区,22,02,02,省略省
昌邑区兴华街道中兴社区,22,02,02,省略省市
昌邑哈达湾街道矿建社区,22,02,02,省略省市
昌邑延安11号,22,02,02,省略省市
昌意延川11号,22,02,02,同音错误
吉休昌邑延安川11号,22,02,02,编辑距离错误
昌邑区吉林市吉林省延川社区,22,02,02,顺序混乱
昌意吉林昌邑延安11号,22,02,02,同音+顺序混乱
吉林市昌邑区,22,02,02,截断
吉林省吉林市龙潭区龙华街道密哈社区5号,22,02,03,完整
吉林龙潭湘潭街道松江社区,22,02,03,省略省
龙潭区新安街道绿洲社区,22,02,03,省略省市
龙潭承德街道站前社区,22,02,03,省略省市
龙谭密哈5号,22,02,03,同音错误
吉休龙潭密啥5号,22,02,03,编辑距离错误
龙潭区吉林市吉林省龙华密哈社区,22,02,03,顺序混乱
龙谭吉林龙潭密哈5号,22,02,03,同音+顺序混乱
吉林市龙潭区,22,02,03,截断
吉林省吉林市船营区青岛街道北大社区8号,22,02,04,完整
吉林船营北极街道致和南社区,22,02,04,省略省
船营区临江街道独立路社区,22,02,04,省略省市
船营大东街道松北社区,22,02,04,省略省市
船盈青岛北大8号,22,02,04,同音错误
吉休船营青乌8号,22,02,04,编辑距离错误
船营区吉林市吉林省青岛北大社区,22,02,04,顺序混乱
船盈吉林船营北大8号,22,02,04,同音+顺序混乱
吉林市船营区,22,02,04,截断
吉林省吉林市丰满区泰山街道宝山社区9号,22,02,11,完整
吉林丰满石井街道莲波社区,22,02,11,省略省
丰满区江南乡孟家村,22,02,11,省略省市
丰满前二道乡巴虎村,22,02,11,省略省市
丰瞒宝山9号,22,02,11,同音错误
吉休丰满太山9号,22,02,11,编辑距离错误
丰满区吉林市吉林省泰山宝山社区,22,02,11,顺序混乱
丰瞒吉林丰满宝山9号,22,02,11,同音+顺序混乱
吉林市丰满区,22,02,11,截断
吉林省吉林市永吉县口前镇东山社区3号,22,02,21,完整
吉林永吉西阳镇马鞍山村,22,02,21,省略省
永吉县北大湖镇草编村,22,02,21,省略省市
永吉一拉溪镇杨木林村,22,02,21,省略省市
永吉口前东山3号,22,02,21,省略省市
永记东山3号,22,02,21,同音错误
吉休永吉口关3号,22,02,21,编辑距离错误
永吉县吉林市吉林省口前东山社区,22,02,21,顺序混乱
永记吉林永吉口前3号,22,02,21,同音+顺序混乱
吉林市永吉县,22,02,21,截断
吉林省吉林市蛟河市民主街道新区社区6号,22,02,81,完整
吉林蛟河长安街道首钢社区,22,02,81,省略省
蛟河市河南街道太阳村,22,02,81,省略省市
蛟河新站镇复兴村,22,02,81,省略省市
交河新区6号,22,02,81,同音错误
吉休蛟河民王6号,22,02,81,编辑距离错误
蛟河市吉林市吉林省民主新区社区,22,02,81,顺序混乱
交河吉林蛟河新区6号,22,02,81,同音+顺序混乱
吉林市蛟河市,22,02,81,截断
吉林省吉林市桦甸市明桦街道永吉社区7号,22,02,82,完整
吉林桦甸启新街道金穗社区,22,02,82,省略省
桦甸市新华街道大胜社区,22,02,82,省略省市
桦甸夹皮沟镇老牛沟村,22,02,82,省略省市
华甸永吉7号,22,02,82,同音错误
吉休桦甸永吉7号,22,02,82,编辑距离错误
桦甸市吉林市吉林省明桦永吉社区,22,02,82,顺序混乱
华甸吉林桦甸永吉7号,22,02,82,同音+顺序混乱
吉林市桦甸市,22,02,82,截断
吉林省吉林市舒兰市北城街道正阳社区4号,22,02,83,完整
吉林舒兰南城街道站前社区,22,02,83,省略省
舒兰市滨河街道学府社区,22,02,83,省略省市
舒兰法特镇黄鱼村,22,02,83,省略省市
书兰正阳4号,22,02,83,同音错误
吉休舒兰正阴4号,22,02,83,编辑距离错误
舒兰市吉林市吉林省北城正阳社区,22,02,83,顺序混乱
书兰吉林舒兰正阳4号,22,02,83,同音+顺序混乱
吉林市舒兰市,22,02,83,截断
吉林省吉林市磐石市东宁街道阜康社区5号,22,02,84,完整
吉林磐石河南街道石城社区,22,02,84,省略省
磐石市福安街道双发村,22,02,84,省略省市
磐石烟筒山镇雷青村,22,02,84,省略省市
盘石阜康5号,22,02,84,同音错误
吉休磐石东宇5号,22,02,84,编辑距离错误
磐石市吉林市吉林省东宁阜康社区,22,02,84,顺序混乱
盘石吉林磐石阜康5号,22,02,84,同音+顺序混乱
吉林市磐石市,22,02,84,截断
吉林省四平市铁西区站前街道海丰社区2号,22,03,02,完整
四平铁西仁兴街道北体社区,22,03,02,省略省
铁西区地直街道西园社区,22,03,02,省略省市
铁西英雄街道南河社区,22,03,02,省略省市
铁西站前, , , ,歧义
铁锡海丰2号,22,03,02,同音错误
吉休铁西占前2号,22,03,02,编辑距离错误
铁西区四平市吉林省海丰社区,22,03,02,顺序混乱
铁锡四平铁西海丰2号,22,03,02,同音+顺序混乱
四平市铁西区,22,03,02,截断
吉林省四平市铁东区四马路街道东方社区3号,22,03,03,完整
四平铁东七马路街道为民社区,22,03,03,省略省
铁东区北市场街道北桥社区,22,03,03,省略省市
铁东南桥街道平东社区,22,03,03,省略省市
铁东四马路, , , ,歧义
铁冬东方3号,22,03,03,同音错误
吉休铁东四马咯3号,22,03,03,编辑距离错误
铁东区四平市吉林省四马路东方社区,22,03,03,顺序混乱
铁冬四平铁东东方3号,22,03,03,同音+顺序混乱
四平市铁东区,22,03,03,截断
吉林省四平市梨树县梨树镇树文社区8号,22,03,22,完整
四平梨树郭家店镇青石社区,22,03,22,省略省
梨树县小城子镇亲仁村,22,03,22,省略省市
梨树蔡家镇敬友村,22,03,22,省略省市
梨书树文8号,22,03,22,同音错误
吉休梨树县8号,22,03,22,编辑距离错误
梨树县四平市吉林梨树镇树文社区,22,03,22,顺序混乱
梨书四平梨树树文8号,22,03,22,同音+顺序混乱
四平市梨树县,22,03,22,截断
吉林省四平市伊通满族自治县伊通镇福安社区6号,22,03,23,完整
四平伊通河源镇板石村,22,03,23,省略省
伊通满族自治营城子镇沙古村,22,03,23,省略省市
伊通马鞍山镇新发村,22,03,23,省略省市
伊通福安6号,22,03,23,省略省市
伊通福案6号,22,03,23,同音错误
吉休伊通满族自治县福安6号,22,03,23,编辑距离错误
伊通镇四平市吉林伊通福安社区,22,03,23,顺序混乱
伊通长春式福安6号,22,03,23,同音+顺序混乱
四平市伊通满族自治县,22,03,23,截断
吉林省四平市双辽市郑家屯街道东华社区4号,22,03,82,完整
四平双辽辽东街道金水社区,22,03,82,省略省
双辽市辽南街道工农村,22,03,82,省略省市
双辽茂林镇红岗村,22,03,82,省略省市
双连东华4号,22,03,82,同音错误
吉休双辽郑家圾4号,22,03,82,编辑距离错误
双辽市四平市吉林郑家屯东华社区,22,03,82,顺序混乱
双连四平双辽东华4号,22,03,82,同音+顺序混乱
四平市双辽市,22,03,82,截断
吉林省辽源市龙山区南康街道康宁社区5号,22,04,02,完整
辽源龙山北寿街道长寿社区,22,04,02,省略省
龙山区向阳街道福阳社区,22,04,02,省略省市
龙山新兴街道东艺社区,22,04,02,省略省市
龙山区, , , ,歧义
龙三康宁5号,22,04,02,同音错误
吉休龙山南康5号,22,04,02,编辑距离错误
龙山区辽源市吉林康宁社区,22,04,02,顺序混乱
龙三辽源龙山康宁5号,22,04,02,同音+顺序混乱
辽源市龙山区,22,04,02,截断
吉林省辽源市西安区仙城街道仙城社区7号,22,04,03,完整
辽源西安先锋街道丰泰社区,22,04,03,省略省
西安区富国街道新苑社区,22,04,03,省略省市
西安灯塔镇新力村,22,04,03,省略省市
西安区, , , ,歧义
西按仙城7号,22,04,03,同音错误
吉休西安仙成7号,22,04,03,编辑距离错误
西安区辽源市吉林仙城社区,22,04,03,顺序混乱
西按辽源西安仙城7号,22,04,03,同音+顺序混乱
辽源市西安区,22,04,03,截断
吉林省辽源市东丰县东丰镇府南社区3号,22,04,21,完整
辽源东丰大阳镇保胜村,22,04,21,省略省
东丰县黄河镇中育村,22,04,21,省略省市
东丰横道河镇三好村,22,04,21,省略省市
东丰府南3号,22,04,21,省略省市
东峰府南3号,22,04,21,同音错误
吉休东丰府两3号,22,04,21,编辑距离错误
东丰县辽源市吉林东丰府南社区,22,04,21,顺序混乱
东峰辽源东丰府南3号,22,04,21,同音+顺序混乱
辽源市东丰县,22,04,21,截断
吉林省辽源市东辽县白泉镇安慈社区6号,22,04,22,完整
辽源东辽辽河源镇居和村,22,04,22,省略省
东辽县建安镇亮甲村,22,04,22,省略省市
东辽渭津镇牟家村,22,04,22,省略省市
东辽安慈6号,22,04,22,省略省市
东辽安兹6号,22,04,22,同音错误
吉休东辽白泉6号,22,04,22,编辑距离错误
东辽县辽源市吉林白泉安慈社区,22,04,22,顺序混乱
东辽辽源式安慈6号,22,04,22,同音+顺序混乱
辽源市东辽县,22,04,22,截断
吉林省通化市东昌区民主街道民强社区9号,22,05,02,完整
通化东昌龙泉街道龙水社区,22,05,02,省略省
东昌区新站街道新山社区,22,05,02,省略省市
东昌江东乡横道子村,22,05,02,省略省市
东冒民强9号,22,05,02,同音错误
吉休东昌民强9号,22,05,02,编辑距离错误
东昌区通化市吉林民强社区,22,05,02,顺序混乱
东冒通化东昌民强9号,22,05,02,同音+顺序混乱
通化市东昌区,22,05,02,截断
吉林省通化市二道江区东通化街道前台社区4号,22,05,03,完整
通化二道江桃园街道双环社区,22,05,03,省略省
二道江区五道江镇海源社区,22,05,03,省略省市
二道江铁厂镇红光社区,22,05,03,省略省市
二道江前台4号,22,05,03,省略省市
二道红前台4号,22,05,03,同音错误
吉休二道江区前台4号,22,05,03,编辑距离错误
二道江区通化市吉林前台社区,22,05,03,顺序混乱
二道红通化二道江前台4号,22,05,03,同音+顺序混乱
通化市二道江区,22,05,03,截断
吉林省通化市通化县快大茂镇向前社区7号,22,05,21,完整
通化通化兴林镇曲柳川村,22,05,21,省略省
通化县大安镇水洞村,22,05,21,省略省市
通化英额布镇英额布村,22,05,21,省略省市
通化向前7号,22,05,21,省略省市
通化具向前7号,22,05,21,同音错误
吉休通化县快大戊7号,22,05,21,编辑距离错误
通化县通化市吉林快大茂向前社区,22,05,21,顺序混乱
通化具通化向前7号,22,05,21,同音+顺序混乱
通化市通化县,22,05,21,截断
吉林省通化市辉南县朝阳镇东街社区5号,22,05,23,完整
通化辉南抚民镇四平街村,22,05,23,省略省
辉南县杉松岗镇安子河村,22,05,23,省略省市
辉南金川镇永丰村,22,05,23,省略省市
辉南东街5号,22,05,23,省略省市
辉南东衔5号,22,05,23,同音错误
吉休辉南朝阳5号,22,05,23,编辑距离错误
辉南县通化市吉林朝阳东街社区,22,05,23,顺序混乱
辉南通化式东街5号,22,05,23,同音+顺序混乱
通化市辉南县,22,05,23,截断
吉林省通化市柳河县柳河镇中岗社区8号,22,05,24,完整
通化柳河孤山子镇高台村,22,05,24,省略省
柳河县三源浦朝鲜族镇振兴社区,22,05,24,省略省市
柳河驼腰岭镇新立村,22,05,24,省略省市
柳和中岗8号,22,05,24,同音错误
吉休柳河中罔8号,22,05,24,编辑距离错误
柳河县通化市吉林柳河中岗社区,22,05,24,顺序混乱
柳和通化柳河中岗8号,22,05,24,同音+顺序混乱
通化市柳河县,22,05,24,截断
吉林省通化市梅河口市解放街道莲花社区10号,22,05,81,完整
通化梅河口新华街道建国社区,22,05,81,省略省
梅河口市福民街道桥西社区,22,05,81,省略省市
梅河口山城镇大湾村,22,05,81,省略省市
梅合口莲花10号,22,05,81,同音错误
吉休梅河口莲化10号,22,05,81,编辑距离错误
梅河口市通化市吉林解放莲花社区,22,05,81,顺序混乱
梅合口通化梅河口莲花10号,22,05,81,同音+顺序混乱
通化市梅河口市,22,05,81,截断
吉林省通化市集安市团结街道育才社区6号,22,05,82,完整
通化集安城东街道下解放村,22,05,82,省略省
集安市青石镇黄柏村,22,05,82,省略省市
集安花甸镇横路村,22,05,82,省略省市
集安育才6号,22,05,82,省略省市
集案育才6号,22,05,82,同音错误
吉休集安育才6号,22,05,82,编辑距离错误
集安市通化市吉林团结育才社区,22,05,82,顺序混乱
集案通化集安育才6号,22,05,82,同音+顺序混乱
通化市集安市,22,05,82,截断
吉林省白山市浑江区新建街道古兰社区5号,22,06,02,完整
白山浑江通沟街道宝山社区,22,06,02,省略省
浑江区东兴街道东山社区,22,06,02,省略省市
浑江七道江镇旱沟村,22,06,02,省略省市
浑江古兰5号,22,06,02,省略省市
混江古兰5号,22,06,02,同音错误
吉休浑江占兰5号,22,06,02,编辑距离错误
浑江区白山市吉林古兰社区,22,06,02,顺序混乱
混江白山浑江古兰5号,22,06,02,同音+顺序混乱
白山市浑江区,22,06,02,截断
吉林省白山市江源区孙家堡子街道民强社区7号,22,06,05,完整
白山江源江源街道富强社区,22,06,05,省略省
江源区湾沟镇和平社区,22,06,05,省略省市
江源石人镇林子头村,22,06,05,省略省市
江原民强7号,22,06,05,同音错误
吉休江源民虽7号,22,06,05,编辑距离错误
江源区白山市吉林孙家堡子民强社区,22,06,05,顺序混乱
江原白山江源民强7号,22,06,05,同音+顺序混乱
白山市江源区,22,06,05,截断
吉林省白山市抚松县抚松镇东北社区3号,22,06,21,完整
白山抚松松江河镇站前社区,22,06,21,省略省
抚松县万良镇人参社区,22,06,21,省略省市
抚松露水河镇北山社区,22,06,21,省略省市
抚讼东北3号,22,06,21,同音错误
吉休抚松东此3号,22,06,21,编辑距离错误
抚松县白山市吉林抚松东北社区,22,06,21,顺序混乱
抚讼白山抚松东北3号,22,06,21,同音+顺序混乱
白山市抚松县,22,06,21,截断
吉林省白山市靖宇县靖宇镇河南社区8号,22,06,22,完整
白山靖宇三道湖镇兴大社区,22,06,22,省略省
靖宇县花园口镇仁义村,22,06,22,省略省市
靖宇景山镇新胜村,22,06,22,省略省市
靖宇河南8号,22,06,22,省略省市
靖字河南8号,22,06,22,同音错误
吉休靖宇镇河南8号,22,06,22,编辑距离错误
靖宇县白山市吉林靖宇河南社区,22,06,22,顺序混乱
靖字白山靖宇河南8号,22,06,22,同音+顺序混乱
白山市靖宇县,22,06,22,截断
吉林省白山市长白朝鲜族自治县长白镇塔山社区6号,22,06,23,完整
白山长白八道沟镇长兴村,22,06,23,省略省
长白朝鲜族自治马鹿沟镇二十道沟村,22,06,23,省略省市
长白十二道沟镇中和村,22,06,23,省略省市
长百塔山6号,22,06,23,同音错误
吉休长白朝鲜族自治县塔山6号,22,06,23,编辑距离错误
长白镇白山市吉林塔山社区,22,06,23,顺序混乱
长百吉林白山塔山6号,22,06,23,同音+顺序混乱
白山市长白朝鲜族自治县,22,06,23,截断
吉林省白山市临江市建国街道解放社区4号,22,06,81,完整
白山临江新市街道黎红社区,22,06,81,省略省
临江市大栗子街道望江社区,22,06,81,省略省市
临江花山镇青沟子村,22,06,81,省略省市
临江解放4号,22,06,81,省略省市
临扛解放4号,22,06,81,同音错误
吉休临江建同4号,22,06,81,编辑距离错误
临江市白山市吉林建国解放社区,22,06,81,顺序混乱
临扛白山临江解放4号,22,06,81,同音+顺序混乱
白山市临江市,22,06,81,截断
吉林省松原市宁江区团结街道松滨社区9号,22,07,02,完整
松原宁江新区街道松原大路社区,22,07,02,省略省
宁江区民主街道晨光社区,22,07,02,省略省市
宁江伯都讷街道仲仕村,22,07,02,省略省市
宁江松滨9号,22,07,02,省略省市
凝江松滨9号,22,07,02,同音错误
吉休宁江团吉9号,22,07,02,编辑距离错误
宁江区松原市吉林松滨社区,22,07,02,顺序混乱
凝江松原宁江松滨9号,22,07,02,同音+顺序混乱
松原市宁江区,22,07,02,截断
吉林省松原市前郭尔罗斯蒙古族自治县阿穆尔街道蒙古艾里社区5号,22,07,21,完整
松原前郭萨日朗街道巴彦社区,22,07,21,省略省
前郭尔罗斯蒙古族自治哈达街道乌兰社区,22,07,21,省略省市
前郭前郭尔罗斯镇红星村,22,07,21,省略省市
前郭蒙古艾里5号,22,07,21,省略省市
前果蒙古艾里5号,22,07,21,同音错误
吉休前郭尔罗期5号,22,07,21,编辑距离错误
前郭县松原市吉林阿穆尔蒙古艾里社区,22,07,21,顺序混乱
前果松原前郭蒙古艾里5号,22,07,21,同音+顺序混乱
松原市前郭尔罗斯蒙古族自治县,22,07,21,截断
吉林省松原市长岭县长岭镇长盛社区7号,22,07,22,完整
松原长岭太平川镇新风社区,22,07,22,省略省
长岭县巨宝山镇少力户村,22,07,22,省略省市
长岭新安镇新一村,22,07,22,省略省市
长令长盛7号,22,07,22,同音错误
吉休长岭长感7号,22,07,22,编辑距离错误
长岭县长岭市松原长盛社区,22,07,22,顺序混乱
长令松原长岭长盛7号,22,07,22,同音+顺序混乱
松原市长岭县,22,07,22,截断
吉林省松原市乾安县乾安镇在竹社区3号,22,07,23,完整
松原乾安水字镇丽水路村,22,07,23,省略省
乾安县安字镇后寸村,22,07,23,省略省市
乾安严字乡随字村,22,07,23,省略省市
乾安在竹3号,22,07,23,省略省市
乾按在竹3号,22,07,23,同音错误
吉休乾安在竹3号,22,07,23,编辑距离错误
乾安县松原市吉林乾安在竹社区,22,07,23,顺序混乱
乾按松原乾安在竹3号,22,07,23,同音+顺序混乱
松原市乾安县,22,07,23,截断
吉林省松原市扶余市和兴街道联盟社区6号,22,07,81,完整
松原扶余三岔河镇振瀛社区,22,07,81,省略省
扶余市陶赖昭镇小城子村,22,07,81,省略省市
扶余蔡家沟镇里仁村,22,07,81,省略省市
扶余联盟6号,22,07,81,省略省市
扶鱼和兴6号,22,07,81,同音错误
吉休扶余和共6号,22,07,81,编辑距离错误
扶余市松原市吉联盟社区,22,07,81,顺序混乱
扶鱼松原扶余联盟6号,22,07,81,同音+顺序混乱
松原市扶余市,22,07,81,截断
吉林省白城市洮北区海明街道民生社区8号,22,08,02,完整
白城洮北明仁街道青松社区,22,08,02,省略省
洮北区瑞光街道军民社区,22,08,02,省略省市
洮北平台镇侯家村,22,08,02,省略省市
淘北民生8号,22,08,02,同音错误
吉休洮北海民8号,22,08,02,编辑距离错误
洮北区白城市吉林民生社区,22,08,02,顺序混乱
淘北白城洮北民生8号,22,08,02,同音+顺序混乱
白城市洮北区,22,08,02,截断
吉林省白城市镇赉县镇赉镇正阳社区5号,22,08,21,完整
白城镇赉坦途镇提升村,22,08,21,省略省
镇赉县黑鱼泡镇岔台村,22,08,21,省略省市
镇赉莫莫格蒙古族乡乌兰昭村,22,08,21,省略省市
镇来正阳5号,22,08,21,同音错误
吉休镇赉正阴5号,22,08,21,编辑距离错误
镇赉县白城市吉林正阳社区,22,08,21,顺序混乱
镇来白城镇赉正阳5号,22,08,21,同音+顺序混乱
白城市镇赉县,22,08,21,截断
吉林省白城市通榆县开通镇团结社区7号,22,08,22,完整
白城通榆八区街道开通社区,22,08,22,省略省
通榆县迎新街道富强社区,22,08,22,省略省市
通榆向海蒙古族乡向海村,22,08,22,省略省市
通玉团结7号,22,08,22,同音错误
吉休通榆开迩7号,22,08,22,编辑距离错误
通榆县白城市吉林开通团结社区,22,08,22,顺序混乱
通玉白城通榆团结7号,22,08,22,同音+顺序混乱
白城市通榆县,22,08,22,截断
吉林省白城市洮南市通达街道通途社区4号,22,08,81,完整
白城洮南团结街道安静社区,22,08,81,省略省
洮南市万宝镇红旗村,22,08,81,省略省市
洮南黑水镇旭日村,22,08,81,省略省市
淘南通途4号,22,08,81,同音错误
吉休洮南通涂4号,22,08,81,编辑距离错误
洮南市白城市吉林通达通途社区,22,08,81,顺序混乱
淘南白城洮南通途4号,22,08,81,同音+顺序混乱
白城市洮南市,22,08,81,截断
吉林省白城市大安市慧阳街道南湖社区10号,22,08,82,完整
白城大安临江街道鼎新社区,22,08,82,省略省
大安市安北街道永昌社区,22,08,82,省略省市
大安舍力镇民和村,22,08,82,省略省市
大按南湖10号,22,08,82,同音错误
吉休大安慧阴10号,22,08,82,编辑距离错误
大安市白城市吉南湖社区,22,08,82,顺序混乱
大按白城大安南湖10号,22,08,82,同音+顺序混乱
白城市大安市,22,08,82,截断
吉林省延边朝鲜族自治州延吉市公园街道园建社区6号,22,24,01,完整
延边延吉进学街道正阳社区,22,24,01,省略省
延吉市北山街道丹英社区,22,24,01,省略省市
延吉朝阳川镇太兴村,22,24,01,省略省市
延吉园建6号,22,24,01,省略省市
延夕园建6号,22,24,01,同音错误
吉休延吉公圆6号,22,24,01,编辑距离错误
延吉市延边朝鲜族自治州吉林园建社区,22,24,01,顺序混乱
延夕延边延吉园建6号,22,24,01,同音+
西藏拉萨市城关区八廓街道白林社区,54,01,02,完整
拉萨市城关区扎细街道扎细社区,54,01,02,完整
拉萨市城关区金珠西路街道当巴社区,54,01,02,完整
城关区吉日街道河坝林社区,54,01,02,省略省市
拉萨市城关区娘热街道慈松堂社区,54,01,02,省略省
拉萨市城关区,54,01,02,截断
西藏拉萨市城关区八廓街道百林社区,54,01,02,同音错误
西藏拉萨市城关区扎细街道扙细新村社区,54,01,02,编辑距离错误
城关区吉崩岗街道西藏自治区拉萨市热木其社区,54,01,02,顺序混乱
城关区嘎玛贡桑街道西藏拉蕯市俄杰塘社区,54,01,02,同音+顺序混乱
八廓街道白林社区,,,02,歧义
西藏拉萨堆龙德庆区东嘎街道东嘎社区,54,01,03,完整
堆龙德庆区乃琼街道乃琼社区,54,01,03,完整
拉萨堆龙德庆区羊达街道通嘎社区,54,01,03,完整
堆龙德庆区东嘎街道南嘎社区,54,01,03,省略省市
拉萨堆龙德庆区乃琼街道岗德林社区,54,01,03,省略省
堆龙德庆区,54,01,03,截断
西藏拉萨堆龙德庆区东旮街道东嘎社区,54,01,03,同音错误
西藏拉萨堆龙德废区乃琼街道乃琼社区,54,01,03,编辑距离错误
乃琼街道乃琼社区西藏拉萨市堆龙德庆区,54,01,03,顺序混乱
堆龙德庆区羊达街道通嘎社区西藏拉蕯市,54,01,03,同音+顺序混乱
东嘎街道,,,03,歧义
西藏拉萨达孜区德庆镇德庆村,54,01,04,完整
拉萨达孜区德庆镇团结社区,54,01,04,完整
达孜区唐嘎乡唐嘎村,54,01,04,完整
达孜区德庆镇,54,01,04,截断
达孜区帮堆乡帮堆村,54,01,04,省略省市
拉萨达孜区章多乡章多村,54,01,04,省略省
西藏拉萨达资区德庆镇德庆村,54,01,04,同音错误
西藏拉萨达孜区德废镇德庆村,54,01,04,编辑距离错误
德庆镇德庆村达孜区西藏拉萨市,54,01,04,顺序混乱
达孜区唐嘎乡西藏拉蕯市唐嘎村,54,01,04,同音+顺序混乱
德庆镇,,,04,歧义
西藏拉萨林周县甘丹曲果镇甘丹曲果村,54,01,21,完整
拉萨林周县强嘎乡强嘎村,54,01,21,完整
林周县边交林乡边交林村,54,01,21,完整
林周县甘丹曲果镇,54,01,21,截断
林周县强嘎乡,54,01,21,省略省市
拉萨林周县卡孜乡卡孜村,54,01,21,省略省
西藏拉萨林洲县甘丹曲果镇甘丹曲果村,54,01,21,同音错误
西藏拉萨林周县甘丹曲杲镇甘丹曲果村,54,01,21,编辑距离错误
甘丹曲果镇林周县西藏拉萨市,54,01,21,顺序混乱
林周县强嘎乡西藏拉蕯市强嘎村,54,01,21,同音+顺序混乱
甘丹曲果镇,,,21,歧义
西藏拉萨当雄县当曲卡镇当曲卡社区,54,01,22,完整
拉萨当雄县羊八井镇羊八井社区,54,01,22,完整
当雄县公塘乡公塘村,54,01,22,完整
当雄县当曲卡镇,54,01,22,截断
当雄县羊八井镇,54,01,22,省略省市
拉萨当雄县公塘乡,54,01,22,省略省
西藏拉萨当熊县当曲卡镇当曲卡社区,54,01,22,同音错误
西藏拉萨当雄县当曲卞镇当曲卡社区,54,01,22,编辑距离错误
当曲卡镇当雄县西藏拉萨市,54,01,22,顺序混乱
当雄县羊八井镇西藏拉蕯市羊八井社区,54,01,22,同音+顺序混乱
羊八井镇,,,22,歧义
西藏拉萨尼木县塔荣镇塔荣村,54,01,23,完整
拉萨尼木县吞巴镇吞达村,54,01,23,完整
尼木县普松乡普松村,54,01,23,完整
尼木县塔荣镇,54,01,23,截断
尼木县吞巴镇,54,01,23,省略省市
拉萨尼木县卡如乡卡如村,54,01,23,省略省
西藏拉萨尼沐县塔荣镇塔荣村,54,01,23,同音错误
西藏拉萨尼木县搭荣镇塔荣村,54,01,23,编辑距离错误
塔荣镇尼木县西藏拉萨市,54,01,23,顺序混乱
尼木县吞巴镇西藏拉蕯市吞达村,54,01,23,同音+顺序混乱
塔荣镇,,,23,歧义
西藏拉萨曲水县曲水镇曲水村,54,01,24,完整
拉萨曲水县聂当乡聂当村,54,01,24,完整
曲水县达嘎镇三有村,54,01,24,完整
曲水县曲水镇,54,01,24,截断
曲水县聂当乡,54,01,24,省略省市
拉萨曲水县曲水镇,54,01,24,省略省
西藏拉萨由水县曲水镇曲水村,54,01,24,编辑距离错误
西藏拉萨曲水县涅当乡聂当村,54,01,24,同音错误
曲水镇曲水县西藏拉萨市,54,01,24,顺序混乱
曲水县聂当乡西藏拉蕯市聂当村,54,01,24,同音+顺序混乱
聂当乡,,,24,歧义
西藏拉萨墨竹工卡县工卡镇工卡村,54,01,27,完整
拉萨墨竹工卡县唐加乡唐加村,54,01,27,完整
墨竹工卡县扎西岗乡扎西岗村,54,01,27,完整
墨竹工卡县工卡镇,54,01,27,截断
墨竹工卡县唐加乡,54,01,27,省略省市
拉萨墨竹工卡县扎西岗乡,54,01,27,省略省
西藏拉萨墨珠工卡县工卡镇工卡村,54,01,27,同音错误
西藏拉萨墨柱工卡县工卡镇工卡村,54,01,27,编辑距离错误
工卡镇墨竹工卡县西藏拉萨市,54,01,27,顺序混乱
墨竹工卡县唐加乡西藏拉蕯市唐加村,54,01,27,同音+顺序混乱
工卡镇,,,27,歧义
西藏日喀则市桑珠孜区城北街道江洛康萨社区,54,02,02,完整
日喀则市桑珠孜区城南街道扎西吉彩社区,54,02,02,完整
桑珠孜区城北街道彭确曲美社区,54,02,02,完整
桑珠孜区,54,02,02,截断
桑珠孜区城南街道吉培社区,54,02,02,省略省市
日喀则桑珠孜区城北街道江洛康萨社区,54,02,02,省略省
西藏日喀则桑珠兹区城南街道吉培社区,54,02,02,同音错误
日喀则桑珠孜区城北街道扎西吉采社区,54,02,02,编辑距离错误
城南街道扎西吉彩社区日喀则市桑珠孜区西藏,54,02,02,顺序混乱
桑珠孜区城北街道西藏日喀则市江洛康萨社区,54,02,02,同音+顺序混乱
城北街道,,,02,歧义
西藏山南市乃东区泽当街道泽当社区,54,05,02,完整
山南市乃东区乃东街道乃东社区,54,05,02,完整
乃东区结莎街道结莎社区,54,05,02,完整
乃东区昌珠镇扎西曲登社区,54,05,02,完整
乃东区,54,05,02,截断
乃东区泽当街道萨热社区,54,05,02,省略省市
山南乃东区乃东街道贡康社区,54,05,02,省略省
西藏山南市奶东区泽当街道泽当社区,54,05,02,同音错误
山南市乃东区泽当街道泽当杜区,54,05,02,编辑距离错误
泽当街道泽当社区乃东区山南市西藏,54,05,02,顺序混乱
乃东区昌珠镇西藏山南市扎西曲登社区,54,05,02,同音+顺序混乱
泽当街道,,,02,歧义
西藏山南市扎囊县扎塘镇扎塘村,54,05,21,完整
山南市扎囊县桑耶镇桑耶村,54,05,21,完整
扎囊县扎其乡扎其村,54,05,21,完整
扎囊县,54,05,21,截断
扎囊县桑耶镇,54,05,21,省略省市
山南扎囊县扎塘镇,54,05,21,省略省
西藏山南市扎郎县扎塘镇扎塘村,54,05,21,同音错误
山南市扎囊县扎塘镇扎搪村,54,05,21,编辑距离错误
扎塘镇扎囊县山南市西藏,54,05,21,顺序混乱
扎囊县桑耶镇西藏山南市桑耶村,54,05,21,同音+顺序混乱
扎塘镇,,,21,歧义
西藏山南市浪卡子县浪卡子镇浪卡子社区,54,05,31,完整
山南市浪卡子县打隆镇打隆村,54,05,31,完整
浪卡子县张达乡张达村,54,05,31,完整
浪卡子县,54,05,31,截断
浪卡子县打隆镇,54,05,31,省略省市
山南浪卡子县浪卡子镇,54,05,31,省略省
西藏山南市浪卡予县浪卡子镇浪卡子社区,54,05,31,同音错误
山南市浪卡子县浪卡子镇浪卡子杜区,54,05,31,编辑距离错误
浪卡子镇浪卡子县山南市西藏,54,05,31,顺序混乱
浪卡子县打隆镇西藏山南市打隆村,54,05,31,同音+顺序混乱
浪卡子镇,,,31,歧义
西藏林芝市巴宜区白玛岗街道白玛岗社区,54,04,02,完整
林芝市巴宜区觉木街道觉木社区,54,04,02,完整
巴宜区八一镇八一社区,54,04,02,完整
巴宜区,54,04,02,截断
巴宜区觉木街道,54,04,02,省略省市
林芝巴宜区白玛岗街道,54,04,02,省略省
西藏林芝市巴宜区白玛岗街道德木社区,54,04,02,同音错误
林芝市巴宜区觉木街道觉本社区,54,04,02,编辑距离错误
白玛岗街道白玛岗社区巴宜区林芝市西藏,54,04,02,顺序混乱
巴宜区八一镇西藏林芝市八一社区,54,04,02,同音+顺序混乱
白玛岗街道,,,02,歧义
西藏林芝市工布江达县工布江达镇果林卡社区,54,04,21,完整
林芝市工布江达县金达镇金达村,54,04,21,完整
工布江达县巴河镇巴河村,54,04,21,完整
工布江达县,54,04,21,截断
工布江达县金达镇,54,04,21,省略省市
林芝工布江达县工布江达镇,54,04,21,省略省
西藏林芝市工布江达县工布江达镇果木卡社区,54,04,21,同音错误
林芝市工布江达县工布江达镇果林下社区,54,04,21,编辑距离错误
工布江达镇工布江达县林芝市西藏,54,04,21,顺序混乱
工布江达县巴河镇西藏林芝市巴河村,54,04,21,同音+顺序混乱
工布江达镇,,,21,歧义
安徽省合肥市瑶海区明光路街道填海巷社区18号,34,01,02,完整
安徽省合肥市瑶海区,34,01,02,截断
合肥市瑶海区明光路街道填海巷社区,34,01,02,省略省
瑶海区明光路街道填海巷社区,34,01,02,省略省市
安徽省合肥市姚海区明光路街道填海巷社区18号,34,01,02,同音错误
瑶海区合肥市安徽省明光路街道填海巷社区18号,34,01,02,顺序混乱
安徽省合肥市庐阳区亳州路街道南河湾社区5号,34,01,03,完整
安徽省合肥市庐阳区,34,01,03,截断
合肥市庐阳区亳州路街道南河湾社区,34,01,03,省略省
庐阳区亳州路街道南河湾社区,34,01,03,省略省市
安徽省合肥市芦阳区亳州路街道南河湾社区5号,34,01,03,同音错误
庐阳区合肥市安徽省亳州路街道南河湾社区5号,34,01,03,顺序混乱
安徽省合肥市蜀山区三里庵街道西园新村社区3号,34,01,04,完整
安徽省合肥市蜀山区,34,01,04,截断
合肥市蜀山区三里庵街道西园新村社区,34,01,04,省略省
蜀山区三里庵街道西园新村社区,34,01,04,省略省市
安徽省合肥市属山区三里庵街道西园新村社区3号,34,01,04,同音错误
蜀山区合肥市浙江省? 不,34,01,04,顺序混乱
安徽省合肥市包河区常青街道姚公社区12号,34,01,11,完整
安徽省合肥市包河区,34,01,11,截断
合肥市包河区常青街道姚公社区,34,01,11,省略省
包河区常青街道姚公社区,34,01,11,省略省市
安徽省合肥市苞河区常青街道姚公社区12号,34,01,11,同音错误
包河区合肥市安徽省常青街道姚公社区12号,34,01,11,顺序混乱
安徽省合肥市长丰县水湖镇水湖社区9号,34,01,21,完整
安徽省合肥市长丰县,34,01,21,截断
合肥市长丰县水湖镇水湖社区,34,01,21,省略省
长丰县水湖镇水湖社区,34,01,21,省略省市
安徽省合肥市常丰县水湖镇水湖社区9号,34,01,21,同音错误
长丰县合肥市安徽省水湖镇水湖社区9号,34,01,21,顺序混乱
安徽省合肥市肥东县店埠镇花园社区7号,34,01,22,完整
安徽省合肥市肥东县,34,01,22,截断
合肥市肥东县店埠镇花园社区,34,01,22,省略省
肥东县店埠镇花园社区,34,01,22,省略省市
安徽省合肥市肥冬县店埠镇花园社区7号,34,01,22,同音错误
肥东县合肥市安徽省店埠镇花园社区7号,34,01,22,顺序混乱
安徽省合肥市肥西县上派镇中派社区4号,34,01,23,完整
安徽省合肥市肥西县,34,01,23,截断
合肥市肥西县上派镇中派社区,34,01,23,省略省
肥西县上派镇中派社区,34,01,23,省略省市
安徽省合肥市肥稀县上派镇中派社区4号,34,01,23,同音错误
肥西县合肥市安徽省上派镇中派社区4号,34,01,23,顺序混乱
安徽省合肥市庐江县庐城镇塔山社区2号,34,01,24,完整
安徽省合肥市庐江县,34,01,24,截断
合肥市庐江县庐城镇塔山社区,34,01,24,省略省
庐江县庐城镇塔山社区,34,01,24,省略省市
安徽省合肥市芦江县庐城镇塔山社区2号,34,01,24,同音错误
庐江县合肥市安徽省庐城镇塔山社区2号,34,01,24,顺序混乱
安徽省合肥市巢湖市卧牛山街道卧牛山社区6号,34,01,81,完整
安徽省合肥市巢湖市,34,01,81,截断
合肥市巢湖市卧牛山街道卧牛山社区,34,01,81,省略省
巢湖市卧牛山街道卧牛山社区,34,01,81,省略省市
安徽省合肥市潮湖市卧牛山街道卧牛山社区6号,34,01,81,同音错误
巢湖市合肥市安徽省卧牛山街道卧牛山社区6号,34,01,81,顺序混乱
安徽省芜湖市镜湖区赭山街道黄果山社区8号,34,02,02,完整
安徽省芜湖市镜湖区,34,02,02,截断
芜湖市镜湖区赭山街道黄果山社区,34,02,02,省略省
镜湖区赭山街道黄果山社区,34,02,02,省略省市
安徽省芜湖市净湖区赭山街道黄果山社区8号,34,02,02,同音错误
镜湖区芜湖市安徽省赭山街道黄果山社区8号,34,02,02,顺序混乱
安徽省芜湖市弋江区中南街道兴隆街社区11号,34,02,03,完整
安徽省芜湖市弋江区,34,02,03,截断
芜湖市弋江区中南街道兴隆街社区,34,02,03,省略省
弋江区中南街道兴隆街社区,34,02,03,省略省市
安徽省芜湖市亦江区中南街道兴隆街社区11号,34,02,03,同音错误
弋江区芜湖市安徽省中南街道兴隆街社区11号,34,02,03,顺序混乱
安徽省芜湖市鸠江区官陡街道太阳城社区3号,34,02,07,完整
安徽省芜湖市鸠江区,34,02,07,截断
芜湖市鸠江区官陡街道太阳城社区,34,02,07,省略省
鸠江区官陡街道太阳城社区,34,02,07,省略省市
安徽省芜湖市纠江区官陡街道太阳城社区3号,34,02,07,同音错误
鸠江区芜湖市安徽省官陡街道太阳城社区3号,34,02,07,顺序混乱
安徽省芜湖市湾沚区湾沚镇华庆社区5号,34,02,10,完整
安徽省芜湖市湾沚区,34,02,10,截断
芜湖市湾沚区湾沚镇华庆社区,34,02,10,省略省
湾沚区湾沚镇华庆社区,34,02,10,省略省市
安徽省芜湖市弯址区湾沚镇华庆社区5号,34,02,10,同音错误
湾沚区芜湖市安徽省湾沚镇华庆社区5号,34,02,10,顺序混乱
安徽省芜湖市繁昌区繁阳镇安定社区7号,34,02,12,完整
安徽省芜湖市繁昌区,34,02,12,截断
芜湖市繁昌区繁阳镇安定社区,34,02,12,省略省
繁昌区繁阳镇安定社区,34,02,12,省略省市
安徽省芜湖市凡昌区繁阳镇安定社区7号,34,02,12,同音错误
繁昌区芜湖市安徽省繁阳镇安定社区7号,34,02,12,顺序混乱
安徽省芜湖市南陵县籍山镇麒麟社区4号,34,02,23,完整
安徽省芜湖市南陵县,34,02,23,截断
芜湖市南陵县籍山镇麒麟社区,34,02,23,省略省
南陵县籍山镇麒麟社区,34,02,23,省略省市
安徽省芜湖市南玲县籍山镇麒麟社区4号,34,02,23,同音错误
南陵县芜湖市安徽省籍山镇麒麟社区4号,34,02,23,顺序混乱
安徽省芜湖市无为市无城镇金河社区9号,34,02,81,完整
安徽省芜湖市无为市,34,02,81,截断
芜湖市无为市无城镇金河社区,34,02,81,省略省
无为市无城镇金河社区,34,02,81,省略省市
安徽省芜湖市无维市无城镇金河社区9号,34,02,81,同音错误
无为市芜湖市安徽省无城镇金河社区9号,34,02,81,顺序混乱
安徽省蚌埠市龙子湖区解放街道解一社区10号,34,03,02,完整
安徽省蚌埠市龙子湖区,34,03,02,截断
蚌埠市龙子湖区解放街道解一社区,34,03,02,省略省
龙子湖区解放街道解一社区,34,03,02,省略省市
安徽省蚌埠市龙仔湖区解放街道解一社区10号,34,03,02,同音错误
龙子湖区蚌埠市安徽省解放街道解一社区10号,34,03,02,顺序混乱
安徽省蚌埠市蚌山区天桥街道喻义巷社区6号,34,03,03,完整
安徽省蚌埠市蚌山区,34,03,03,截断
蚌埠市蚌山区天桥街道喻义巷社区,34,03,03,省略省
蚌山区天桥街道喻义巷社区,34,03,03,省略省市
安徽省蚌埠市棒山区天桥街道喻义巷社区6号,34,03,03,同音错误
蚌山区蚌埠市安徽省天桥街道喻义巷社区6号,34,03,03,顺序混乱
安徽省蚌埠市禹会区张公山街道金域社区2号,34,03,04,完整
安徽省蚌埠市禹会区,34,03,04,截断
蚌埠市禹会区张公山街道金域社区,34,03,04,省略省
禹会区张公山街道金域社区,34,03,04,省略省市
安徽省蚌埠市玉会区张公山街道金域社区2号,34,03,04,同音错误
禹会区蚌埠市安徽省张公山街道金域社区2号,34,03,04,顺序混乱
安徽省蚌埠市淮上区小蚌埠镇桃花园社区8号,34,03,11,完整
安徽省蚌埠市淮上区,34,03,11,截断
蚌埠市淮上区小蚌埠镇桃花园社区,34,03,11,省略省
淮上区小蚌埠镇桃花园社区,34,03,11,省略省市
安徽省蚌埠市怀上区小蚌埠镇桃花园社区8号,34,03,11,同音错误
淮上区蚌埠市安徽省小蚌埠镇桃花园社区8号,34,03,11,顺序混乱
安徽省蚌埠市怀远县榴城镇引凤社区5号,34,03,21,完整
安徽省蚌埠市怀远县,34,03,21,截断
蚌埠市怀远县榴城镇引凤社区,34,03,21,省略省
怀远县榴城镇引凤社区,34,03,21,省略省市
安徽省蚌埠市淮远县榴城镇引凤社区5号,34,03,21,同音错误
怀远县蚌埠市安徽省榴城镇引凤社区5号,34,03,21,顺序混乱
安徽省蚌埠市五河县城关镇淮河社区3号,34,03,22,完整
安徽省蚌埠市五河县,34,03,22,截断
蚌埠市五河县师城关镇淮河社区,34,03,22,省略省
五河县城关镇淮河社区,34,03,22,省略省市
安徽省蚌埠市吴河县城关镇淮河社区3号,34,03,22,同音错误
五河县蚌埠市安徽省城关镇淮河社区3号,34,03,22,顺序混乱
安徽省蚌埠市固镇县谷阳镇谷阳社区7号,34,03,23,完整
安徽省蚌埠市固镇县,34,03,23,截断
蚌埠市固镇县谷阳镇谷阳社区,34,03,23,省略省
固镇县谷阳镇谷阳社区,34,03,23,省略省市
安徽省蚌埠市故镇县谷阳镇谷阳社区7号,34,03,23,同音错误
固镇县蚌埠市安徽省谷阳镇谷阳社区7号,34,03,23,顺序混乱
安徽省淮南市大通区大通街道居南社区4号,34,04,02,完整
安徽省淮南市大通区,34,04,02,截断
淮南市大通区大通街道居南社区,34,04,02,省略省
大通区大通街道居南社区,34,04,02,省略省市
安徽省淮南市大统区大通街道居南社区4号,34,04,02,同音错误
大通区淮南市安徽省大通街道居南社区4号,34,04,02,顺序混乱
安徽省淮南市田家庵区国庆街道金豪社区9号,34,04,03,完整
安徽省淮南市田家庵区,34,04,03,截断
淮南市田家庵区国庆街道金豪社区,34,04,03,省略省
田家庵区国庆街道金豪社区,34,04,03,省略省市
安徽省淮南市田家安区国庆街道金豪社区9号,34,04,03,同音错误
田家庵区淮南市安徽省国庆街道金豪社区9号,34,04,03,顺序混乱
安徽省淮南市谢家集区平山街道新华社区2号,34,04,04,完整
安徽省淮南市谢家集区,34,04,04,截断
淮南市谢家集区平山街道新华社区,34,04,04,省略省
谢家集区平山街道新华社区,34,04,04,省略省市
安徽省淮南市谢佳集区平山街道新华社区2号,34,04,04,同音错误
谢家集区淮南市安徽省平山街道新华社区2号,34,04,04,顺序混乱
安徽省淮南市八公山区新庄孜街道建东社区6号,34,04,05,完整
安徽省淮南市八公山区,34,04,05,截断
淮南市八公山区新庄孜街道建东社区,34,04,05,省略省
八公山区新庄孜街道建东社区,34,04,05,省略省市
安徽省淮南市八工山区新庄孜街道建东社区6号,34,04,05,同音错误
八公山区淮南市安徽省新庄孜街道建东社区6号,34,04,05,顺序混乱
安徽省淮南市潘集区田集街道白云社区8号,34,04,06,完整
安徽省淮南市潘集区,34,04,06,截断
淮南市潘集区田集街道白云社区,34,04,06,省略省
潘集区田集街道白云社区,34,04,06,省略省市
安徽省淮南市盘集区田集街道白云社区8号,34,04,06,同音错误
潘集区淮南市安徽省田集街道白云社区8号,34,04,06,顺序混乱
安徽省淮南市凤台县城关镇青年社区5号,34,04,21,完整
安徽省淮南市凤台县,34,04,21,截断
淮南市凤台县城关镇青年社区,34,04,21,省略省
凤台县城关镇青年社区,34,04,21,省略省市
安徽省淮南市风台县城关镇青年社区5号,34,04,21,同音错误
凤台县淮南市安徽省城关镇青年社区5号,34,04,21,顺序混乱
安徽省淮南市寿县寿春镇民主社区3号,34,04,22,完整
安徽省淮南市寿县,34,04,22,截断
淮南市寿县寿春镇民主社区,34,04,22,省略省
寿县寿春镇民主社区,34,04,22,省略省市
安徽省淮南市受县寿春镇民主社区3号,34,04,22,同音错误
寿县淮南市安徽省寿春镇民主社区3号,34,04,22,顺序混乱
安徽省马鞍山市花山区沙塘路街道花山社区7号,34,05,03,完整
安徽省马鞍山市花山区,34,05,03,截断
马鞍山市花山区沙塘路街道花山社区,34,05,03,省略省
花山区沙塘路街道花山社区,34,05,03,省略省市
安徽省马鞍山市华珊区沙塘路街道花山社区7号,34,05,03,同音错误
花山区马鞍山市安徽省沙塘路街道花山社区7号,34,05,03,顺序混乱
安徽省马鞍山市雨山区雨山街道半边街社区4号,34,05,04,完整
安徽省马鞍山市雨山区,34,05,04,截断
马鞍山市雨山区雨山街道半边街社区,34,05,04,省略省
雨山区雨山街道半边街社区,34,05,04,省略省市
安徽省马鞍山市语山区雨山街道半边街社区4号,34,05,04,同音错误
雨山区马鞍山市安徽省雨山街道半边街社区4号,34,05,04,顺序混乱
安徽省马鞍山市博望区博望镇博望社区9号,34,05,06,完整
安徽省马鞍山市博望区,34,05,06,截断
马鞍山市博望区博望镇博望社区,34,05,06,省略省
博望区博望镇博望社区,34,05,06,省略省市
安徽省马鞍山市伯望区博望镇博望社区9号,34,05,06,同音错误
博望区马鞍山市安徽省博望镇博望社区9号,34,05,06,顺序混乱
安徽省马鞍山市当涂县姑孰镇提署社区2号,34,05,21,完整
安徽省马鞍山市当涂县,34,05,21,截断
马鞍山市当涂县姑孰镇提署社区,34,05,21,省略省
当涂县姑孰镇提署社区,34,05,21,省略省市
安徽省马鞍山市当图县姑孰镇提署社区2号,34,05,21,同音错误
当涂县马鞍山市安徽省姑孰镇提署社区2号,34,05,21,顺序混乱
安徽省马鞍山市含山县环峰镇攀桂社区6号,34,05,22,完整
安徽省马鞍山市含山县,34,05,22,截断
马鞍山市含山县环峰镇攀桂社区,34,05,22,省略省
含山县环峰镇攀桂社区,34,05,22,省略省市
安徽省马鞍山市寒山县环峰镇攀桂社区6号,34,05,22,同音错误
含山县马鞍山市安徽省环峰镇攀桂社区6号,34,05,22,顺序混乱
安徽省马鞍山市和县历阳镇龙华社区8号,34,05,23,完整
安徽省马鞍山市和县,34,05,23,截断
马鞍山市和县历阳镇龙华社区,34,05,23,省略省
和县历阳镇龙华社区,34,05,23,省略省市
安徽省马鞍山市禾县历阳镇龙华社区8号,34,05,23,同音错误
和县马鞍山市安徽省历阳镇龙华社区8号,34,05,23,顺序混乱
安徽省淮北市杜集区高岳街道博庄社区5号,34,06,02,完整
安徽省淮北市杜集区,34,06,02,截断
淮北市杜集区高岳街道博庄社区,34,06,02,省略省
杜集区高岳街道博庄社区,34,06,02,省略省市
安徽省淮北市度集区高岳街道博庄社区5号,34,06,02,同音错误
杜集区淮北市安徽省高岳街道博庄社区5号,34,06,02,顺序混乱
安徽省淮北市相山区相南街道惠苑社区3号,34,06,03,完整
安徽省淮北市相山区,34,06,03,截断
淮北市相山区相南街道惠苑社区,34,06,03,省略省
相山区相南街道惠苑社区,34,06,03,省略省市
安徽省淮北市香山区相南街道惠苑社区3号,34,06,03,同音错误
相山区淮北市安徽省相南街道惠苑社区3号,34,06,03,顺序混乱
安徽省淮北市烈山区杨庄街道杨庄社区7号,34,06,04,完整
安徽省淮北市烈山区,34,06,04,截断
淮北市烈山区杨庄街道杨庄社区,34,06,04,省略省
烈山区杨庄街道杨庄社区,34,06,04,省略省市
安徽省淮北市列山区杨庄街道杨庄社区7号,34,06,04,同音错误
烈山区淮北市安徽省杨庄街道杨庄社区7号,34,06,04,顺序混乱
安徽省淮北市濉溪县濉溪镇浍河社区2号,34,06,21,完整
安徽省淮北市濉溪县,34,06,21,截断
淮北市濉溪县濉溪镇浍河社区,34,06,21,省略省
濉溪县濉溪镇浍河社区,34,06,21,省略省市
安徽省淮北市睢溪县濉溪镇浍河社区2号,34,06,21,同音错误
濉溪县淮北市安徽省濉溪镇浍河社区2号,34,06,21,顺序混乱
安徽省铜陵市铜官区杨家山街道金牛社区9号,34,07,05,完整
安徽省铜陵市铜官区,34,07,05,截断
铜陵市铜官区杨家山街道金牛社区,34,07,05,省略省
铜官区杨家山街道金牛社区,34,07,05,省略省市
安徽省铜陵市同官区杨家山街道金牛社区9号,34,07,05,同音错误
铜官区铜陵市安徽省杨家山街道金牛社区9号,34,07,05,顺序混乱
安徽省铜陵市义安区顺安镇义安社区4号,34,07,06,完整
安徽省铜陵市义安区,34,07,06,截断
铜陵市义安区顺安镇义安社区,34,07,06,省略省
义安区顺安镇义安社区,34,07,06,省略省市
安徽省铜陵市逸安区顺安镇义安社区4号,34,07,06,同音错误
义安区铜陵市安徽省顺安镇义安社区4号,34,07,06,顺序混乱
安徽省铜陵市郊区大通镇民福社区6号,34,07,11,完整
安徽省铜陵市郊区,34,07,11,截断
铜陵市郊区大通镇民福社区,34,07,11,省略省
郊区大通镇民福社区,34,07,11,省略省市
安徽省铜陵市交区大通镇民福社区6号,34,07,11,同音错误
郊区铜陵市安徽省大通镇民福社区6号,34,07,11,顺序混乱
安徽省铜陵市枞阳县枞阳镇莲花社区8号,34,07,22,完整
安徽省铜陵市枞阳县,34,07,22,截断
铜陵市枞阳县枞阳镇莲花社区,34,07,22,省略省
枞阳县枞阳镇莲花社区,34,07,22,省略省市
安徽省铜陵市丛阳县枞阳镇莲花社区8号,34,07,22,同音错误
枞阳县铜陵市安徽省枞阳镇莲花社区8号,34,07,22,顺序混乱
安徽省安庆市迎江区宜城路街道吴樾社区3号,34,08,02,完整
安徽省安庆市迎江区,34,08,02,截断
安庆市迎江区宜城路街道吴樾社区,34,08,02,省略省
迎江区宜城路街道吴樾社区,34,08,02,省略省市
安徽省安庆市盈江区宜城路街道吴樾社区3号,34,08,02,同音错误
迎江区安庆市安徽省宜城路街道吴樾社区3号,34,08,02,顺序混乱
安徽省安庆市大观区德宽路街道马山社区7号,34,08,03,完整
安徽省安庆市大观区,34,08,03,截断
安庆市大观区德宽路街道马山社区,34,08,03,省略省
大观区德宽路街道马山社区,34,08,03,省略省市
安徽省安庆市大官区德宽路街道马山社区7号,34,08,03,同音错误
大观区安庆市安徽省德宽路街道马山社区7号,34,08,03,顺序混乱
安徽省安庆市宜秀区大桥街道吴祥社区5号,34,08,11,完整
安徽省安庆市宜秀区,34,08,11,截断
安庆市宜秀区大桥街道吴祥社区,34,08,11,省略省
宜秀区大桥街道吴祥社区,34,08,11,省略省市
安徽省安庆市异秀区大桥街道吴祥社区5号,34,08,11,同音错误
宜秀区安庆市安徽省大桥街道吴祥社区5号,34,08,11,顺序混乱
安徽省安庆市怀宁县高河镇金星社区2号,34,08,22,完整
安徽省安庆市怀宁县,34,08,22,截断
安庆市怀宁县高河镇金星社区,34,08,22,省略省
怀宁县高河镇金星社区,34,08,22,省略省市
安徽省安庆市淮宁县高河镇金星社区2号,34,08,22,同音错误
怀宁县安庆市安徽省高河镇金星社区2号,34,08,22,顺序混乱
安徽省安庆市太湖县晋熙镇晋熙社区6号,34,08,25,完整
安徽省安庆市太湖县,34,08,25,截断
安庆市太湖县晋熙镇晋熙社区,34,08,25,省略省
太湖县晋熙镇晋熙社区,34,08,25,省略省市
安徽省安庆市太乎县晋熙镇晋熙社区6号,34,08,25,同音错误
太湖县安庆市安徽省晋熙镇晋熙社区6号,34,08,25,顺序混乱
安徽省安庆市宿松县孚玉镇孚玉社区4号,34,08,26,完整
安徽省安庆市宿松县,34,08,26,截断
安庆市宿松县孚玉镇孚玉社区,34,08,26,省略省
宿松县孚玉镇孚玉社区,34,08,26,省略省市
安徽省安庆市肃松县孚玉镇孚玉社区4号,34,08,26,同音错误
宿松县安庆市安徽省孚玉镇孚玉社区4号,34,08,26,顺序混乱
安徽省安庆市望江县华阳镇回龙社区8号,34,08,27,完整
安徽省安庆市望江县,34,08,27,截断
安庆市望江县华阳镇回龙社区,34,08,27,省略省
望江县华阳镇回龙社区,34,08,27,省略省市
安徽省安庆市旺江县华阳镇回龙社区8号,34,08,27,同音错误
望江县安庆市安徽省华阳镇回龙社区8号,34,08,27,顺序混乱
安徽省安庆市岳西县天堂镇城东社区3号,34,08,28,完整
安徽省安庆市岳西县,34,08,28,截断
安庆市岳西县天堂镇城东社区,34,08,28,省略省
岳西县天堂镇城东社区,34,08,28,省略省市
安徽省安庆市粤西县天堂镇城东社区3号,34,08,28,同音错误
岳西县安庆市安徽省天堂镇城东社区3号,34,08,28,顺序混乱
安徽省安庆市桐城市龙眠街道南关社区9号,34,08,81,完整
安徽省安庆市桐城市,34,08,81,截断
安庆市桐城市龙眠街道南关社区,34,08,81,省略省
桐城市龙眠街道南关社区,34,08,81,省略省市
安徽省安庆市同城市龙眠街道南关社区9号,34,08,81,同音错误
桐城市安庆市安徽省龙眠街道南关社区9号,34,08,81,顺序混乱
安徽省安庆市潜山市梅城镇舒苑社区5号,34,08,82,完整
安徽省安庆市潜山市,34,08,82,截断
安庆市潜山市梅城镇舒苑社区,34,08,82,省略省
潜山市梅城镇舒苑社区,34,08,82,省略省市
安徽省安庆市浅山市梅城镇舒苑社区5号,34,08,82,同音错误
潜山市安庆市安徽省梅城镇舒苑社区5号,34,08,82,顺序混乱
安徽省黄山市屯溪区昱中街道杨梅山社区6号,34,10,02,完整
安徽省黄山市屯溪区,34,10,02,截断
黄山市屯溪区昱中街道杨梅山社区,34,10,02,省略省
屯溪区昱中街道杨梅山社区,34,10,02,省略省市
安徽省黄山市顿溪区昱中街道杨梅山社区6号,34,10,02,同音错误
屯溪区黄山市安徽省昱中街道杨梅山社区6号,34,10,02,顺序混乱
安徽省黄山市黄山区汤口镇汤口社区2号,34,10,03,完整
安徽省黄山市黄山区,34,10,03,截断
黄山市黄山区汤口镇汤口社区,34,10,03,省略省
黄山区汤口镇汤口社区,34,10,03,省略省市
安徽省黄山市皇山区汤口镇汤口社区2号,34,10,03,同音错误
黄山区黄山市安徽省汤口镇汤口社区2号,34,10,03,顺序混乱
安徽省黄山市徽州区岩寺镇徽州社区7号,34,10,04,完整
安徽省黄山市徽州区,34,10,04,截断
黄山市徽州区岩寺镇徽州社区,34,10,04,省略省
徽州区岩寺镇徽州社区,34,10,04,省略省市
安徽省黄山市辉州区岩寺镇徽州社区7号,34,10,04,同音错误
徽州区黄山市安徽省岩寺镇徽州社区7号,34,10,04,顺序混乱
安徽省黄山市歙县徽城镇新安社区3号,34,10,21,完整
安徽省黄山市歙县,34,10,21,截断
黄山市歙县徽城镇新安社区,34,10,21,省略省
歙县徽城镇新安社区,34,10,21,省略省市
安徽省黄山市设县徽城镇新安社区3号,34,10,21,同音错误
歙县黄山市安徽省徽城镇新安社区3号,34,10,21,顺序混乱
安徽省黄山市休宁县海阳镇休宁社区5号,34,10,22,完整
安徽省黄山市休宁县,34,10,22,截断
黄山市休宁县海阳镇休宁社区,34,10,22,省略省
休宁县海阳镇休宁社区,34,10,22,省略省市
安徽省黄山市修宁县海阳镇休宁社区5号,34,10,22,同音错误
休宁县黄山市安徽省海阳镇休宁社区5号,34,10,22,顺序混乱
安徽省黄山市黟县碧阳镇碧阳社区8号,34,10,23,完整
安徽省黄山市黟县,34,10,23,截断
黄山市黟县碧阳镇碧阳社区,34,10,23,省略省
黟县碧阳镇碧阳社区,34,10,23,省略省市
安徽省黄山市异县碧阳镇碧阳社区8号,34,10,23,同音错误
黟县黄山市安徽省碧阳镇碧阳社区8号,34,10,23,顺序混乱
安徽省黄山市祁门县祁山镇祁山社区4号,34,10,24,完整
安徽省黄山市祁门县,34,10,24,截断
黄山市祁门县祁山镇祁山社区,34,10,24,省略省
祁门县祁山镇祁山社区,34,10,24,省略省市
安徽省黄山市岐门县祁山镇祁山社区4号,34,10,24,同音错误
祁门县黄山市安徽省祁山镇祁山社区4号,34,10,24,顺序混乱
安徽省滁州市琅琊区琅琊街道琅琊社区9号,34,11,02,完整
安徽省滁州市琅琊区,34,11,02,截断
滁州市琅琊区琅琊街道琅琊社区,34,11,02,省略省
琅琊区琅琊街道琅琊社区,34,11,02,省略省市
安徽省滁州市朗琊区琅琊街道琅琊社区9号,34,11,02,同音错误
琅琊区滁州市安徽省琅琊街道琅琊社区9号,34,11,02,顺序混乱
安徽省滁州市南谯区乌衣镇乌衣社区5号,34,11,03,完整
安徽省滁州市南谯区,34,11,03,截断
滁州市南谯区乌衣镇乌衣社区,34,11,03,省略省
南谯区乌衣镇乌衣社区,34,11,03,省略省市
安徽省滁州市南俏区乌衣镇乌衣社区5号,34,11,03,同音错误
南谯区滁州市安徽省乌衣镇乌衣社区5号,34,11,03,顺序混乱
安徽省滁州市来安县新安镇来安社区3号,34,11,22,完整
安徽省滁州市来安县,34,11,22,截断
滁州市来安县新安镇来安社区,34,11,22,省略省
来安县新安镇来安社区,34,11,22,省略省市
安徽省滁州市莱安县新安镇来安社区3号,34,11,22,同音错误
来安县滁州市安徽省新安镇来安社区3号,34,11,22,顺序混乱
安徽省滁州市全椒县襄河镇全椒社区7号,34,11,24,完整
安徽省滁州市全椒县,34,11,24,截断
滁州市全椒县襄河镇全椒社区,34,11,24,省略省
全椒县襄河镇全椒社区,34,11,24,省略省市
安徽省滁州市全交县襄河镇全椒社区7号,34,11,24,同音错误
全椒县滁州市安徽省襄河镇全椒社区7号,34,11,24,顺序混乱
安徽省滁州市定远县定城镇定远社区2号,34,11,25,完整
安徽省滁州市定远县,34,11,25,截断
滁州市定远县定城镇定远社区,34,11,25,省略省
定远县定城镇定远社区,34,11,25,省略省市
安徽省滁州市鼎远县定城镇定远社区2号,34,11,25,同音错误
定远县滁州市安徽省定城镇定远社区2号,34,11,25,顺序混乱
安徽省滁州市凤阳县府城镇凤阳社区6号,34,11,26,完整
安徽省滁州市凤阳县,34,11,26,截断
滁州市凤阳县府城镇凤阳社区,34,11,26,省略省
凤阳县府城镇凤阳社区,34,11,26,省略省市
安徽省滁州市风阳县府城镇凤阳社区6号,34,11,26,同音错误
凤阳县滁州市安徽省府城镇凤阳社区6号,34,11,26,顺序混乱
安徽省滁州市天长市天长街道天长社区8号,34,11,81,完整
安徽省滁州市天长市,34,11,81,截断
滁州市天长市天长街道天长社区,34,11,81,省略省
天长市天长街道天长社区,34,11,81,省略省市
安徽省滁州市天厂市天长街道天长社区8号,34,11,81,同音错误
天长市滁州市安徽省天长街道天长社区8号,34,11,81,顺序混乱
安徽省滁州市明光市明光街道明光社区4号,34,11,82,完整
安徽省滁州市明光市,34,11,82,截断
滁州市明光市明光街道明光社区,34,11,82,省略省
明光市明光街道明光社区,34,11,82,省略省市
安徽省滁州市名光市明光街道明光社区4号,34,11,82,同音错误
明光市滁州市安徽省明光街道明光社区4号,34,11,82,顺序混乱
安徽省阜阳市颍州区文峰街道文峰社区3号,34,12,02,完整
安徽省阜阳市颍州区,34,12,02,截断
阜阳市颍州区文峰街道文峰社区,34,12,02,省略省
颍州区文峰街道文峰社区,34,12,02,省略省市
安徽省阜阳市影州区文峰街道文峰社区3号,34,12,02,同音错误
颍州区阜阳市安徽省文峰街道文峰社区3号,34,12,02,顺序混乱
安徽省阜阳市颍东区向阳街道向阳社区7号,34,12,03,完整
安徽省阜阳市颍东区,34,12,03,截断
阜阳市颍东区向阳街道向阳社区,34,12,03,省略省
颍东区向阳街道向阳社区,34,12,03,省略省市
安徽省阜阳市影东区向阳街道向阳社区7号,34,12,03,同音错误
颍东区阜阳市安徽省向阳街道向阳社区7号,34,12,03,顺序混乱
安徽省阜阳市颍泉区中市街道中市社区5号,34,12,04,完整
安徽省阜阳市颍泉区,34,12,04,截断
阜阳市颍泉区中市街道中市社区,34,12,04,省略省
颍泉区中市街道中市社区,34,12,04,省略省市
安徽省阜阳市影泉区中市街道中市社区5号,34,12,04,同音错误
颍泉区阜阳市安徽省中市街道中市社区5号,34,12,04,顺序混乱
安徽省阜阳市临泉县城关镇临泉社区2号,34,12,21,完整
安徽省阜阳市临泉县,34,12,21,截断
阜阳市临泉县城关镇临泉社区,34,12,21,省略省
临泉县城关镇临泉社区,34,12,21,省略省市
安徽省阜阳市林泉县城关镇临泉社区2号,34,12,21,同音错误
临泉县阜阳市安徽省城关镇临泉社区2号,34,12,21,顺序混乱
安徽省阜阳市太和县城关镇太和社区6号,34,12,22,完整
安徽省阜阳市太和县,34,12,22,截断
阜阳市太和县城关镇太和社区,34,12,22,省略省
太和县城关镇太和社区,34,12,22,省略省市
安徽省阜阳市泰和县城关镇太和社区6号,34,12,22,同音错误
太和县阜阳市安徽省城关镇太和社区6号,34,12,22,顺序混乱
安徽省阜阳市阜南县鹿城镇阜南社区8号,34,12,25,完整
安徽省阜阳市阜南县,34,12,25,截断
阜阳市阜南县鹿城镇阜南社区,34,12,25,省略省
阜南县鹿城镇阜南社区,34,12,25,省略省市
安徽省阜阳市富南县鹿城镇阜南社区8号,34,12,25,同音错误
阜南县阜阳市安徽省鹿城镇阜南社区8号,34,12,25,顺序混乱
安徽省阜阳市颍上县慎城镇颍上社区4号,34,12,26,完整
安徽省阜阳市颍上县,34,12,26,截断
阜阳市颍上县慎城镇颍上社区,34,12,26,省略省
颍上县慎城镇颍上社区,34,12,26,省略省市
安徽省阜阳市影上县慎城镇颍上社区4号,34,12,26,同音错误
颍上县阜阳市安徽省慎城镇颍上社区4号,34,12,26,顺序混乱
安徽省阜阳市界首市东城街道界首社区9号,34,12,82,完整
安徽省阜阳市界首市,34,12,82,截断
阜阳市界首市东城街道界首社区,34,12,82,省略省
界首市东城街道界首社区,34,12,82,省略省市
安徽省阜阳市介首市东城街道界首社区9号,34,12,82,同音错误
界首市阜阳市安徽省东城街道界首社区9号,34,12,82,顺序混乱
安徽省宿州市埇桥区埇桥街道埇桥社区5号,34,13,02,完整
安徽省宿州市埇桥区,34,13,02,截断
宿州市埇桥区埇桥街道埇桥社区,34,13,02,省略省
埇桥区埇桥街道埇桥社区,34,13,02,省略省市
安徽省宿州市勇桥区埇桥街道埇桥社区5号,34,13,02,同音错误
埇桥区宿州市安徽省埇桥街道埇桥社区5号,34,13,02,顺序混乱
安徽省宿州市砀山县砀城镇砀山社区3号,34,13,21,完整
安徽省宿州市砀山县,34,13,21,截断
宿州市砀山县砀城镇砀山社区,34,13,21,省略省
砀山县砀城镇砀山社区,34,13,21,省略省市
安徽省宿州市当山县砀城镇砀山社区3号,34,13,21,同音错误
砀山县宿州市安徽省砀城镇砀山社区3号,34,13,21,顺序混乱
安徽省宿州市萧县龙城镇萧县社区7号,34,13,22,完整
安徽省宿州市萧县,34,13,22,截断
宿州市萧县龙城镇萧县社区,34,13,22,省略省
萧县龙城镇萧县社区,34,13,22,省略省市
安徽省宿州市肖县龙城镇萧县社区7号,34,13,22,同音错误
北京市东城区景山街道钟鼓社区,11,01,01,完整
北京市东城区东华门街道多福巷社区,11,01,01,完整
北京市东城区交道口街道福祥社区,11,01,01,完整
北京市东城区安定门街道国子监社区,11,01,01,完整
北京市东城区景山街道,11,01,01,截断
北京市东城区交道口街道,11,01,01,截断
北京市东城区东华门街道,11,01,01,截断
东城区景山街道钟鼓社区,11,01,01,省略省
东城区交道口街道福祥社区,11,01,01,省略省
东城区东华门街道多福巷社区,11,01,01,省略省
东城区景山街道,11,01,01,省略省市
东城区交道口街道,11,01,01,省略省市
东城区,11,01,01,省略省市
东城区朝阳门街道,11,01,01,歧义
朝阳门街道,11,01,01,歧义
景山街道,11,01,01,歧义
北京市东城区景山街道钟鼓社区,11,01,01,同音错误
北京市东城区东华门街道多福巷社区,11,01,01,编辑距离错误
北京市东城区交道口街道福祥社区,11,01,01,编辑距离错误
东城区北京市东华门街道,11,01,01,顺序混乱
景山街道东城区北京市,11,01,01,顺序混乱
东城区北京市交道口街道福祥社区,11,01,01,顺序混乱
东城区北京市东华门街道多福巷社区,11,01,01,同音+顺序混乱
北京市西城区西长安街街道西交民巷社区,11,01,02,完整
北京市西城区新街口街道西四北头条社区,11,01,02,完整
北京市西城区椿树街道琉璃厂西街社区,11,01,02,完整
北京市西城区金融街街道丰汇园社区,11,01,02,完整
北京市西城区西长安街街道,11,01,02,截断
北京市西城区新街口街道,11,01,02,截断
北京市西城区椿树街道,11,01,02,截断
西城区西长安街街道西交民巷社区,11,01,02,省略省
西城区新街口街道西四北头条社区,11,01,02,省略省
西城区金融街街道丰汇园社区,11,01,02,省略省
西城区西长安街街道,11,01,02,省略省市
西城区新街口街道,11,01,02,省略省市
西城区,11,01,02,省略省市
西城区新街口街道,11,01,02,歧义
新街口街道,11,01,02,歧义
金融街街道,11,01,02,歧义
北京市西城区西长安街街道西交民巷社区,11,01,02,同音错误
北京市西城区新街口街道西四北头条社区,11,01,02,编辑距离错误
北京市西城区椿树街道琉璃厂西街社区,11,01,02,编辑距离错误
西城区北京市金融街街道丰汇园社区,11,01,02,顺序混乱
西长安街街道西城区北京市,11,01,02,顺序混乱
西城区北京市新街口街道西四北头条社区,11,01,02,顺序混乱
西城区北京市椿树街道琉璃厂西街社区,11,01,02,同音+顺序混乱
北京市朝阳区建国门外街道建国门外大街,11,01,05,完整
北京市朝阳区朝外街道芳草地社区,11,01,05,完整
北京市朝阳区呼家楼街道金台里社区,11,01,05,完整
北京市朝阳区三里屯街道幸福一村社区,11,01,05,完整
北京市朝阳区建外街道,11,01,05,截断
北京市朝阳区朝外街道,11,01,05,截断
北京市朝阳区呼家楼街道,11,01,05,截断
朝阳区建国门外街道建国门外大街,11,01,05,省略省
朝阳区朝外街道芳草地社区,11,01,05,省略省
朝阳区呼家楼街道金台里社区,11,01,05,省略省
朝阳区建国门外街道,11,01,05,省略省市
朝阳区朝外街道,11,01,05,省略省市
朝阳区,11,01,05,省略省市
朝阳区朝外街道,11,01,05,歧义
朝外街道,11,01,05,歧义
呼家楼街道,11,01,05,歧义
北京市朝阳区建国门外街道建国门外大街,11,01,05,同音错误
北京市朝阳区朝外街道芳草地社区,11,01,05,编辑距离错误
北京市朝阳区呼家楼街道金台里社区,11,01,05,编辑距离错误
朝阳区北京市三里屯街道幸福一村社区,11,01,05,顺序混乱
朝外街道朝阳区北京市,11,01,05,顺序混乱
朝阳区北京市呼家楼街道金台里社区,11,01,05,顺序混乱
朝阳区北京市呼家楼街道金台里社区,11,01,05,同音+顺序混乱
北京市丰台区右安门街道翠林一里社区,11,01,06,完整
北京市丰台区太平桥街道菜户营社区,11,01,06,完整
北京市丰台区西罗园街道洋桥东里社区,11,01,06,完整
北京市丰台区大红门街道南苑路,11,01,06,完整
北京市丰台区右安门街道,11,01,06,截断
北京市丰台区太平桥街道,11,01,06,截断
北京市丰台区西罗园街道,11,01,06,截断
丰台区右安门街道翠林一里社区,11,01,06,省略省
丰台区太平桥街道菜户营社区,11,01,06,省略省
丰台区西罗园街道洋桥东里社区,11,01,06,省略省
丰台区右安门街道,11,01,06,省略省市
丰台区太平桥街道,11,01,06,省略省市
丰台区,11,01,06,省略省市
丰台区太平桥街道,11,01,06,歧义
太平桥街道,11,01,06,歧义
西罗园街道,11,01,06,歧义
北京市丰台区右安门街道翠林一里社区,11,01,06,同音错误
北京市丰台区太平桥街道菜户营社区,11,01,06,编辑距离错误
北京市丰台区西罗园街道洋桥东里社区,11,01,06,编辑距离错误
丰台区北京市右安门街道翠林一里社区,11,01,06,顺序混乱
太平桥街道丰台区北京市,11,01,06,顺序混乱
丰台区北京市西罗园街道洋桥东里社区,11,01,06,顺序混乱
丰台区北京市右安门街道翠林一里社区,11,01,06,同音+顺序混乱
北京市石景山区八角街道八角北路社区,11,01,07,完整
北京市石景山区古城街道古城路社区,11,01,07,完整
北京市石景山区苹果园街道苹果园大街,11,01,07,完整
北京市石景山区金顶街街道金顶街三区,11,01,07,完整
北京市石景山区八角街道,11,01,07,截断
北京市石景山区古城街道,11,01,07,截断
北京市石景山区苹果园街道,11,01,07,截断
石景山区八角街道八角北路社区,11,01,07,省略省
石景山区古城街道古城路社区,11,01,07,省略省
石景山区苹果园街道苹果园大街,11,01,07,省略省
石景山区八角街道,11,01,07,省略省市
石景山区古城街道,11,01,07,省略省市
石景山区,11,01,07,省略省市
石景山区古城街道,11,01,07,歧义
古城街道,11,01,07,歧义
金顶街街道,11,01,07,歧义
北京市石景山区八角街道八角北路社区,11,01,07,同音错误
北京市石景山区古城街道古城路社区,11,01,07,编辑距离错误
北京市石景山区苹果园街道苹果园大街,11,01,07,编辑距离错误
石景山区北京市金顶街街道金顶街三区,11,01,07,顺序混乱
古城街道石景山区北京市,11,01,07,顺序混乱
石景山区北京市苹果园街道苹果园大街,11,01,07,顺序混乱
石景山区北京市八角街道八角北路社区,11,01,07,同音+顺序混乱
北京市海淀区中关村街道科春社区,11,01,08,完整
北京市海淀区海淀街道海淀路社区,11,01,08,完整
北京市海淀区学院路街道六道口社区,11,01,08,完整
北京市海淀区万柳地区万柳社区,11,01,08,完整
北京市海淀区中关村街道,11,01,08,截断
北京市海淀区海淀街道,11,01,08,截断
北京市海淀区学院路街道,11,01,08,截断
海淀区中关村街道科春社区,11,01,08,省略省
海淀区海淀街道海淀路社区,11,01,08,省略省
海淀区学院路街道六道口社区,11,01,08,省略省
海淀区中关村街道,11,01,08,省略省市
海淀区海淀街道,11,01,08,省略省市
海淀区,11,01,08,省略省市
海淀区海淀街道,11,01,08,歧义
海淀街道,11,01,08,歧义
学院路街道,11,01,08,歧义
北京市海淀区中关村街道科春社区,11,01,08,同音错误
北京市海淀区海淀街道海淀路社区,11,01,08,编辑距离错误
北京市海淀区学院路街道六道口社区,11,01,08,编辑距离错误
海淀区北京市万柳地区万柳社区,11,01,08,顺序混乱
中关村街道海淀区北京市,11,01,08,顺序混乱
海淀区北京市学院路街道六道口社区,11,01,08,顺序混乱
海淀区北京市中关村街道科春社区,11,01,08,同音+顺序混乱
北京市门头沟区大峪街道龙山家园社区,11,01,09,完整
北京市门头沟区城子街道华新建社区,11,01,09,完整
北京市门头沟区东辛房街道石门营新区,11,01,09,完整
北京市门头沟区龙泉地区龙泉务村,11,01,09,完整
北京市门头沟区大峪街道,11,01,09,截断
北京市门头沟区城子街道,11,01,09,截断
北京市门头沟区东辛房街道,11,01,09,截断
门头沟区大峪街道龙山家园社区,11,01,09,省略省
门头沟区城子街道华新建社区,11,01,09,省略省
门头沟区东辛房街道石门营新区,11,01,09,省略省
门头沟区大峪街道,11,01,09,省略省市
门头沟区城子街道,11,01,09,省略省市
门头沟区,11,01,09,省略省市
门头沟区城子街道,11,01,09,歧义
城子街道,11,01,09,歧义
龙泉地区,11,01,09,歧义
北京市门头沟区大峪街道龙山家园社区,11,01,09,同音错误
北京市门头沟区城子街道华新建社区,11,01,09,编辑距离错误
北京市门头沟区东辛房街道石门营新区,11,01,09,编辑距离错误
门头沟区北京市龙泉地区龙泉务村,11,01,09,顺序混乱
大峪街道门头沟区北京市,11,01,09,顺序混乱
门头沟区北京市东辛房街道石门营新区,11,01,09,顺序混乱
门头沟区北京市大峪街道龙山家园社区,11,01,09,同音+顺序混乱
北京市房山区城关街道永安西里社区,11,01,11,完整
北京市房山区拱辰街道宜春里社区,11,01,11,完整
北京市房山区西潞街道苏庄三里社区,11,01,11,完整
北京市房山区良乡地区良乡中路,11,01,11,完整
北京市房山区城关街道,11,01,11,截断
北京市房山区拱辰街道,11,01,11,截断
北京市房山区西潞街道,11,01,11,截断
房山区城关街道永安西里社区,11,01,11,省略省
房山区拱辰街道宜春里社区,11,01,11,省略省
房山区西潞街道苏庄三里社区,11,01,11,省略省
房山区城关街道,11,01,11,省略省市
房山区拱辰街道,11,01,11,省略省市
房山区,11,01,11,省略省市
房山区拱辰街道,11,01,11,歧义
拱辰街道,11,01,11,歧义
良乡地区,11,01,11,歧义
北京市房山区城关街道永安西里社区,11,01,11,同音错误
北京市房山区拱辰街道宜春里社区,11,01,11,编辑距离错误
北京市房山区西潞街道苏庄三里社区,11,01,11,编辑距离错误
房山区北京市良乡地区良乡中路,11,01,11,顺序混乱
城关街道房山区北京市,11,01,11,顺序混乱
房山区北京市西潞街道苏庄三里社区,11,01,11,顺序混乱
房山区北京市城关街道永安西里社区,11,01,11,同音+顺序混乱
北京市通州区新华街道吉祥园社区,11,01,12,完整
北京市通州区中仓街道西上园社区,11,01,12,完整
北京市通州区玉桥街道葛布店北里社区,11,01,12,完整
北京市通州区北苑街道长桥园社区,11,01,12,完整
北京市通州区新华街道,11,01,12,截断
北京市通州区中仓街道,11,01,12,截断
北京市通州区玉桥街道,11,01,12,截断
通州区新华街道吉祥园社区,11,01,12,省略省
通州区中仓街道西上园社区,11,01,12,省略省
通州区玉桥街道葛布店北里社区,11,01,12,省略省
通州区新华街道,11,01,12,省略省市
通州区中仓街道,11,01,12,省略省市
通州区,11,01,12,省略省市
通州区中仓街道,11,01,12,歧义
中仓街道,11,01,12,歧义
玉桥街道,11,01,12,歧义
北京市通州区新华街道吉祥园社区,11,01,12,同音错误
北京市通州区中仓街道西上园社区,11,01,12,编辑距离错误
北京市通州区玉桥街道葛布店北里社区,11,01,12,编辑距离错误
通州区北京市北苑街道长桥园社区,11,01,12,顺序混乱
新华街道通州区北京市,11,01,12,顺序混乱
通州区北京市玉桥街道葛布店北里社区,11,01,12,顺序混乱
通州区北京市新华街道吉祥园社区,11,01,12,同音+顺序混乱
北京市顺义区胜利街道建北一社区,11,01,13,完整
北京市顺义区光明街道裕龙三区,11,01,13,完整
北京市顺义区石园街道石园西区,11,01,13,完整
北京市顺义区旺泉街道西辛社区,11,01,13,完整
北京市顺义区胜利街道,11,01,13,截断
北京市顺义区光明街道,11,01,13,截断
北京市顺义区石园街道,11,01,13,截断
顺义区胜利街道建北一社区,11,01,13,省略省
顺义区光明街道裕龙三区,11,01,13,省略省
顺义区石园街道石园西区,11,01,13,省略省
顺义区胜利街道,11,01,13,省略省市
顺义区光明街道,11,01,13,省略省市
顺义区,11,01,13,省略省市
顺义区光明街道,11,01,13,歧义
光明街道,11,01,13,歧义
旺泉街道,11,01,13,歧义
北京市顺义区胜利街道建北一社区,11,01,13,同音错误
北京市顺义区光明街道裕龙三区,11,01,13,编辑距离错误
北京市顺义区石园街道石园西区,11,01,13,编辑距离错误
顺义区北京市旺泉街道西辛社区,11,01,13,顺序混乱
胜利街道顺义区北京市,11,01,13,顺序混乱
顺义区北京市石园街道石园西区,11,01,13,顺序混乱
顺义区北京市光明街道裕龙三区,11,01,13,同音+顺序混乱
北京市昌平区城北街道清秀园社区,11,01,14,完整
北京市昌平区南口地区南口镇村,11,01,14,完整
北京市昌平区马池口地区马池口村,11,01,14,完整
北京市昌平区沙河地区沙阳路社区,11,01,14,完整
北京市昌平区城北街道,11,01,14,截断
北京市昌平区南口地区,11,01,14,截断
北京市昌平区马池口地区,11,01,14,截断
昌平区城北街道清秀园社区,11,01,14,省略省
昌平区南口地区南口镇村,11,01,14,省略省
昌平区马池口地区马池口村,11,01,14,省略省
昌平区城北街道,11,01,14,省略省市
昌平区南口地区,11,01,14,省略省市
昌平区,11,01,14,省略省市
昌平区南口地区,11,01,14,歧义
南口地区,11,01,14,歧义
马池口地区,11,01,14,歧义
北京市昌平区城北街道清秀园社区,11,01,14,同音错误
北京市昌平区南口地区南口镇村,11,01,14,编辑距离错误
北京市昌平区马池口地区马池口村,11,01,14,编辑距离错误
昌平区北京市沙河地区沙阳路社区,11,01,14,顺序混乱
城北街道昌平区北京市,11,01,14,顺序混乱
昌平区北京市马池口地区马池口村,11,01,14,顺序混乱
昌平区北京市城北街道清秀园社区,11,01,14,同音+顺序混乱
北京市大兴区兴丰街道黄村西里社区,11,01,15,完整
北京市大兴区林校路街道车站北里社区,11,01,15,完整
北京市大兴区清源街道枣园社区,11,01,15,完整
北京市大兴区观音寺街道双河北里社区,11,01,15,完整
北京市大兴区兴丰街道,11,01,15,截断
北京市大兴区林校路街道,11,01,15,截断
北京市大兴区清源街道,11,01,15,截断
大兴区兴丰街道黄村西里社区,11,01,15,省略省
大兴区林校路街道车站北里社区,11,01,15,省略省
大兴区清源街道枣园社区,11,01,15,省略省
大兴区兴丰街道,11,01,15,省略省市
大兴区林校路街道,11,01,15,省略省市
大兴区,11,01,15,省略省市
大兴区林校路街道,11,01,15,歧义
林校路街道,11,01,15,歧义
观音寺街道,11,01,15,歧义
北京市大兴区兴丰街道黄村西里社区,11,01,15,同音错误
北京市大兴区林校路街道车站北里社区,11,01,15,编辑距离错误
北京市大兴区清源街道枣园社区,11,01,15,编辑距离错误
大兴区北京市观音寺街道双河北里社区,11,01,15,顺序混乱
兴丰街道大兴区北京市,11,01,15,顺序混乱
大兴区北京市清源街道枣园社区,11,01,15,顺序混乱
大兴区北京市兴丰街道黄村西里社区,11,01,15,同音+顺序混乱
北京市怀柔区龙山街道龙湖新村社区,11,01,16,完整
北京市怀柔区泉河街道富乐社区,11,01,16,完整
北京市怀柔区怀柔地区下元市场,11,01,16,完整
北京市怀柔区庙城地区庙城村,11,01,16,完整
北京市怀柔区龙山街道,11,01,16,截断
北京市怀柔区泉河街道,11,01,16,截断
北京市怀柔区怀柔地区,11,01,16,截断
怀柔区龙山街道龙湖新村社区,11,01,16,省略省
怀柔区泉河街道富乐社区,11,01,16,省略省
怀柔区怀柔地区下元市场,11,01,16,省略省
怀柔区龙山街道,11,01,16,省略省市
怀柔区泉河街道,11,01,16,省略省市
怀柔区,11,01,16,省略省市
怀柔区泉河街道,11,01,16,歧义
泉河街道,11,01,16,歧义
庙城地区,11,01,16,歧义
北京市怀柔区龙山街道龙湖新村社区,11,01,16,同音错误
北京市怀柔区泉河街道富乐社区,11,01,16,编辑距离错误
北京市怀柔区怀柔地区下元市场,11,01,16,编辑距离错误
怀柔区北京市庙城地区庙城村,11,01,16,顺序混乱
龙山街道怀柔区北京市,11,01,16,顺序混乱
怀柔区北京市怀柔地区下元市场,11,01,16,顺序混乱
怀柔区北京市龙山街道龙湖新村社区,11,01,16,同音+顺序混乱
北京市平谷区滨河街道金谷东园社区,11,01,17,完整
北京市平谷区兴谷街道光明社区,11,01,17,完整
北京市平谷区平谷镇新平北路,11,01,17,完整
北京市平谷区渔阳地区渔阳大街,11,01,17,完整
北京市平谷区滨河街道,11,01,17,截断
北京市平谷区兴谷街道,11,01,17,截断
北京市平谷区平谷镇,11,01,17,截断
平谷区滨河街道金谷东园社区,11,01,17,省略省
平谷区兴谷街道光明社区,11,01,17,省略省
平谷区平谷镇新平北路,11,01,17,省略省
平谷区滨河街道,11,01,17,省略省市
平谷区兴谷街道,11,01,17,省略省市
平谷区,11,01,17,省略省市
平谷区兴谷街道,11,01,17,歧义
兴谷街道,11,01,17,歧义
平谷镇,11,01,17,歧义
北京市平谷区滨河街道金谷东园社区,11,01,17,同音错误
北京市平谷区兴谷街道光明社区,11,01,17,编辑距离错误
北京市平谷区平谷镇新平北路,11,01,17,编辑距离错误
平谷区北京市渔阳地区渔阳大街,11,01,17,顺序混乱
滨河街道平谷区北京市,11,01,17,顺序混乱
平谷区北京市平谷镇新平北路,11,01,17,顺序混乱
平谷区北京市滨河街道金谷东园社区,11,01,17,同音+顺序混乱
北京市密云区鼓楼街道檀州家园社区,11,01,18,完整
北京市密云区果园街道康居社区,11,01,18,完整
北京市密云区密云镇季庄村,11,01,18,完整
北京市密云区檀营地区檀营村,11,01,18,完整
北京市密云区鼓楼街道,11,01,18,截断
北京市密云区果园街道,11,01,18,截断
北京市密云区密云镇,11,01,18,截断
密云区鼓楼街道檀州家园社区,11,01,18,省略省
密云区果园街道康居社区,11,01,18,省略省
密云区密云镇季庄村,11,01,18,省略省
密云区鼓楼街道,11,01,18,省略省市
密云区果园街道,11,01,18,省略省市
密云区,11,01,18,省略省市
密云区果园街道,11,01,18,歧义
果园街道,11,01,18,歧义
檀营地区,11,01,18,歧义
北京市密云区鼓楼街道檀州家园社区,11,01,18,同音错误
北京市密云区果园街道康居社区,11,01,18,编辑距离错误
北京市密云区密云镇季庄村,11,01,18,编辑距离错误
密云区北京市檀营地区檀营村,11,01,18,顺序混乱
鼓楼街道密云区北京市,11,01,18,顺序混乱
密云区北京市密云镇季庄村,11,01,18,顺序混乱
密云区北京市鼓楼街道檀州家园社区,11,01,18,同音+顺序混乱
北京市延庆区儒林街道温泉南区东里社区,11,01,19,完整
北京市延庆区百泉街道燕水佳园社区,11,01,19,完整
北京市延庆区延庆镇东关村,11,01,19,完整
北京市延庆区康庄镇榆林堡村,11,01,19,完整
北京市延庆区儒林街道,11,01,19,截断
北京市延庆区百泉街道,11,01,19,截断
北京市延庆区延庆镇,11,01,19,截断
延庆区儒林街道温泉南区东里社区,11,01,19,省略省
延庆区百泉街道燕水佳园社区,11,01,19,省略省
延庆区延庆镇东关村,11,01,19,省略省
延庆区儒林街道,11,01,19,省略省市
延庆区百泉街道,11,01,19,省略省市
延庆区,11,01,19,省略省市
延庆区百泉街道,11,01,19,歧义
百泉街道,11,01,19,歧义
延庆镇,11,01,19,歧义
北京市延庆区儒林街道温泉南区东里社区,11,01,19,同音错误
北京市延庆区百泉街道燕水佳园社区,11,01,19,编辑距离错误
北京市延庆区延庆镇东关村,11,01,19,编辑距离错误
延庆区北京市康庄镇榆林堡村,11,01,19,顺序混乱
儒林街道延庆区北京市,11,01,19,顺序混乱
延庆区北京市延庆镇东关村,11,01,19,顺序混乱
延庆区北京市儒林街道温泉南区东里社区,11,01,19,同音+顺序混乱